class,wavelength,r_b_mean,r_b_sd
coraline_crustose_algae,340,0.10241529411764708,0.032882303640918514
coraline_crustose_algae,342,0.10349,0.033390573847644475
coraline_crustose_algae,344,0.1019635294117647,0.03419656552090583
coraline_crustose_algae,346,0.10162375,0.03359721650719371
coraline_crustose_algae,348,0.10012941176470587,0.03592859363836068
coraline_crustose_algae,350,0.10006625000000002,0.03200292760045554
coraline_crustose_algae,352,0.10384867647058824,0.03124780087590889
coraline_crustose_algae,354,0.10465213235294119,0.029251264516582807
coraline_crustose_algae,356,0.1038075,0.030330254594216646
coraline_crustose_algae,358,0.1009258823529412,0.03342588832597604
coraline_crustose_algae,360,0.1019320588235294,0.03012004501939126
coraline_crustose_algae,362,0.10151867647058825,0.030479461262029054
coraline_crustose_algae,364,0.10433749999999999,0.030948995654645255
coraline_crustose_algae,366,0.1032594117647059,0.029999237990655764
coraline_crustose_algae,368,0.10302874999999999,0.03104180573235069
coraline_crustose_algae,370,0.10165470588235294,0.03012447070562598
coraline_crustose_algae,372,0.1016,0.02968869734427564
coraline_crustose_algae,374,0.10048911764705883,0.029429157827736547
coraline_crustose_algae,376,0.09938838235294119,0.030161221994294617
coraline_crustose_algae,378,0.09892036764705882,0.030582513953846896
coraline_crustose_algae,380,0.09801470588235295,0.02990775644723588
coraline_crustose_algae,382,0.0977875,0.029135586863404693
coraline_crustose_algae,384,0.09668,0.028899469610184882
coraline_crustose_algae,386,0.0959529411764706,0.02919738073051231
coraline_crustose_algae,388,0.09528125,0.029098008885381662
coraline_crustose_algae,390,0.09533,0.029043311676270663
coraline_crustose_algae,392,0.0953025,0.028676726462847878
coraline_crustose_algae,394,0.09393499999999999,0.02806988822564137
coraline_crustose_algae,396,0.09306911764705883,0.027666982163453837
coraline_crustose_algae,398,0.09226,0.027164093947709717
coraline_crustose_algae,400,0.09154,0.026724290215083362
coraline_crustose_algae,402,0.09058,0.026034246676253182
coraline_crustose_algae,404,0.08949617647058825,0.025730212767259487
coraline_crustose_algae,406,0.08804779411764704,0.025203100987826348
coraline_crustose_algae,408,0.08624124999999999,0.02466107549421253
coraline_crustose_algae,410,0.08474750000000002,0.0240233698068152
coraline_crustose_algae,412,0.0830775,0.02357999541123259
coraline_crustose_algae,414,0.08177124999999999,0.02297972509898671
coraline_crustose_algae,416,0.08062875,0.022526668917085803
coraline_crustose_algae,418,0.07986036764705882,0.022073000855229768
coraline_crustose_algae,420,0.07909625,0.021756309070589158
coraline_crustose_algae,422,0.0786825,0.02143626927954115
coraline_crustose_algae,424,0.07831250000000001,0.021080586170247974
coraline_crustose_algae,426,0.07784125,0.020840338738849707
coraline_crustose_algae,428,0.07737279411764707,0.02060293680721707
coraline_crustose_algae,430,0.07669749999999999,0.02027706023749498
coraline_crustose_algae,432,0.07569250000000001,0.019728361123998343
coraline_crustose_algae,434,0.07492875,0.019189100910412656
coraline_crustose_algae,436,0.07438933333333334,0.01886004732783917
coraline_crustose_algae,438,0.07419625,0.01873074928426516
coraline_crustose_algae,440,0.0743525,0.018678808911270273
coraline_crustose_algae,442,0.07493999999999999,0.0187432261722402
coraline_crustose_algae,444,0.076295,0.019165442023828975
coraline_crustose_algae,446,0.07836250000000002,0.01993248761444492
coraline_crustose_algae,448,0.08110749999999999,0.02095515039614365
coraline_crustose_algae,450,0.08439374999999999,0.022127770836383422
coraline_crustose_algae,452,0.08785124999999999,0.02345826430200026
coraline_crustose_algae,454,0.09112750000000001,0.02473192427056578
coraline_crustose_algae,456,0.09389375,0.025811903746140067
coraline_crustose_algae,458,0.09601124999999999,0.026723374745950414
coraline_crustose_algae,460,0.09736249999999999,0.027425007121694614
coraline_crustose_algae,462,0.09814500000000001,0.027904074803243344
coraline_crustose_algae,464,0.098715,0.02829948845606577
coraline_crustose_algae,466,0.0991625,0.028680895209180626
coraline_crustose_algae,468,0.09967333333333334,0.02903465946072038
coraline_crustose_algae,470,0.10032375,0.02947467046836572
coraline_crustose_algae,472,0.10103125,0.029843426699819514
coraline_crustose_algae,474,0.10168124999999999,0.030212222019821714
coraline_crustose_algae,476,0.10205875,0.03040150932982194
coraline_crustose_algae,478,0.10198125,0.030374771089672434
coraline_crustose_algae,480,0.10144,0.0301193036626845
coraline_crustose_algae,482,0.1003375,0.029644998524203034
coraline_crustose_algae,484,0.0987625,0.028986020337397136
coraline_crustose_algae,486,0.0967775,0.028153333505998884
coraline_crustose_algae,488,0.09441249999999998,0.027117259840367332
coraline_crustose_algae,490,0.092245,0.026091929726928986
coraline_crustose_algae,492,0.09054875000000001,0.025305997004168804
coraline_crustose_algae,494,0.0892575,0.024711824804256155
coraline_crustose_algae,496,0.088625,0.024369152744171275
coraline_crustose_algae,498,0.08885,0.02444403205539135
coraline_crustose_algae,500,0.0899375,0.024979277348934657
coraline_crustose_algae,502,0.09189249999999999,0.02593689848700108
coraline_crustose_algae,504,0.09485016666666665,0.027416523873424973
coraline_crustose_algae,506,0.09852250000000001,0.029289615133823468
coraline_crustose_algae,508,0.10256749999999999,0.031430107779007066
coraline_crustose_algae,510,0.10661000000000001,0.03369784819029622
coraline_crustose_algae,512,0.11047499999999999,0.0359807153208493
coraline_crustose_algae,514,0.11351999999999998,0.03784629621904893
coraline_crustose_algae,516,0.11592124999999998,0.0394170555477645
coraline_crustose_algae,518,0.11752875000000002,0.04062094994234813
coraline_crustose_algae,520,0.11850500000000001,0.041537411459806335
coraline_crustose_algae,522,0.11907666666666666,0.042153976351255666
coraline_crustose_algae,524,0.119058,0.04241430210583453
coraline_crustose_algae,526,0.11851625,0.04237235970756762
coraline_crustose_algae,528,0.11764875000000001,0.04213180540766943
coraline_crustose_algae,530,0.11660483333333331,0.041694875036454464
coraline_crustose_algae,532,0.1157275,0.04128796207734161
coraline_crustose_algae,534,0.11480625000000001,0.040979916479752625
coraline_crustose_algae,536,0.11394,0.0405696696764498
coraline_crustose_algae,538,0.11329825,0.04027554653549272
coraline_crustose_algae,540,0.11270533333333334,0.039924029912377895
coraline_crustose_algae,542,0.11217191666666665,0.03959800374150822
coraline_crustose_algae,544,0.111885,0.03933910581207649
coraline_crustose_algae,546,0.11180625000000001,0.039198339165275514
coraline_crustose_algae,548,0.11191066666666667,0.03908643373630065
coraline_crustose_algae,550,0.112095,0.03894905411439731
coraline_crustose_algae,552,0.11229008333333333,0.03879819450356049
coraline_crustose_algae,554,0.11232249999999999,0.03845610185043784
coraline_crustose_algae,556,0.11198433333333331,0.03793254912505879
coraline_crustose_algae,558,0.11109975,0.037055794043408356
coraline_crustose_algae,560,0.10960025,0.03577494131988159
coraline_crustose_algae,562,0.107708,0.03415857445633365
coraline_crustose_algae,564,0.10595991666666668,0.03273319152846069
coraline_crustose_algae,566,0.10479908333333333,0.031667488611043286
coraline_crustose_algae,568,0.104752,0.031293199616246055
coraline_crustose_algae,570,0.10658908333333339,0.03189414461347104
coraline_crustose_algae,572,0.11063500000000004,0.033911621579113635
coraline_crustose_algae,574,0.11688933333333335,0.036917844405592835
coraline_crustose_algae,576,0.1250533333333334,0.040544520386031555
coraline_crustose_algae,578,0.1352353333333334,0.04458380804011286
coraline_crustose_algae,580,0.14580399999999996,0.04828696335451205
coraline_crustose_algae,582,0.15638124999999992,0.05137011609997572
coraline_crustose_algae,584,0.16644399999999987,0.054128087717930574
coraline_crustose_algae,586,0.17558999999999997,0.056284371720753894
coraline_crustose_algae,588,0.18386000000000005,0.05797041333492658
coraline_crustose_algae,590,0.19087999999999997,0.05939703827259035
coraline_crustose_algae,592,0.19706000000000004,0.06032139532848195
coraline_crustose_algae,594,0.20212933333333338,0.06094285330445962
coraline_crustose_algae,596,0.20635000000000003,0.06149280763329154
coraline_crustose_algae,598,0.209148,0.06189052438692767
coraline_crustose_algae,600,0.21087875,0.0620551718042602
coraline_crustose_algae,602,0.21133066666666667,0.06183093195696363
coraline_crustose_algae,604,0.210325,0.06116428504956959
coraline_crustose_algae,606,0.20823466666666662,0.06015519935042094
coraline_crustose_algae,608,0.2052213333333333,0.058944193267869864
coraline_crustose_algae,610,0.20163066666666668,0.057687840159103006
coraline_crustose_algae,612,0.19752666666666666,0.05631637200278042
coraline_crustose_algae,614,0.19350749999999997,0.05507870990824176
coraline_crustose_algae,616,0.18979333333333331,0.05395890617456545
coraline_crustose_algae,618,0.18664124999999998,0.05298128736416179
coraline_crustose_algae,620,0.18427266666666667,0.05218378285298243
coraline_crustose_algae,622,0.18274075,0.05172918078802331
coraline_crustose_algae,624,0.18194666666666665,0.05149737506794777
coraline_crustose_algae,626,0.181968,0.051474179589814185
coraline_crustose_algae,628,0.182536,0.051631615120970226
coraline_crustose_algae,630,0.18389249999999996,0.05193540330287844
coraline_crustose_algae,632,0.18561600000000003,0.052470277004118174
coraline_crustose_algae,634,0.187871,0.05322343611488273
coraline_crustose_algae,636,0.19106133333333336,0.05425158049925066
coraline_crustose_algae,638,0.19488841666666668,0.05543559173200093
coraline_crustose_algae,640,0.19935866666666666,0.056726214868730127
coraline_crustose_algae,642,0.20383733333333343,0.05827442598983232
coraline_crustose_algae,644,0.2079013333333334,0.05955739704035279
coraline_crustose_algae,646,0.21148775000000003,0.06081470307160515
coraline_crustose_algae,648,0.21371,0.06126049297875425
coraline_crustose_algae,650,0.21342133333333335,0.060884767188152715
coraline_crustose_algae,652,0.211276,0.05997462696841058
coraline_crustose_algae,654,0.20757866666666666,0.058795249127799445
coraline_crustose_algae,656,0.20244666666666664,0.057085464388445195
coraline_crustose_algae,658,0.19490125000000003,0.05406308135525576
coraline_crustose_algae,660,0.18351466666666674,0.049650018104506116
coraline_crustose_algae,662,0.1703240000000001,0.04488609549614331
coraline_crustose_algae,664,0.15714266666666676,0.0400947889659271
coraline_crustose_algae,666,0.14467066666666675,0.03565992104434465
coraline_crustose_algae,668,0.13469600000000007,0.0315642753758106
coraline_crustose_algae,670,0.12707066666666672,0.027845417576326678
coraline_crustose_algae,672,0.12190130291070297,0.02490371044578257
coraline_crustose_algae,674,0.11881597421144409,0.02262958586730929
coraline_crustose_algae,676,0.11769274677285183,0.0205960851323901
coraline_crustose_algae,678,0.1180804525014228,0.01963199215052854
coraline_crustose_algae,680,0.12094629171136315,0.019896862981699598
coraline_crustose_algae,682,0.12585558698825489,0.0220652152246364
coraline_crustose_algae,684,0.13291012370171085,0.025894007708578876
coraline_crustose_algae,686,0.14428874442199707,0.031058097918111902
coraline_crustose_algae,688,0.1602766473348166,0.03779283410189222
coraline_crustose_algae,690,0.1779395096813916,0.04682808219880522
coraline_crustose_algae,692,0.19944202359765562,0.058188217973395
coraline_crustose_algae,694,0.22631584411466865,0.07166269044076291
coraline_crustose_algae,696,0.2584298868103684,0.08736683294401051
coraline_crustose_algae,698,0.29635992715736903,0.10497556670658362
coraline_crustose_algae,700,0.3404342894929612,0.12395711301885019
coraline_crustose_algae,702,0.38973685850762624,0.14450627837096883
coraline_crustose_algae,704,0.4430694013415438,0.1671752562721811
coraline_crustose_algae,706,0.498878176498523,0.19061159038954184
coraline_crustose_algae,708,0.5567178748826802,0.2148694098179327
coraline_crustose_algae,710,0.6134443104050463,0.23876327752322007
coraline_crustose_algae,712,0.6678834483871918,0.2619891629067899
coraline_crustose_algae,714,0.7180811841101065,0.2842001279853326
coraline_crustose_algae,716,0.7623183485764871,0.30303535478891713
coraline_crustose_algae,718,0.7994362139227636,0.3170758011805023
coraline_crustose_algae,720,0.8308285893847601,0.3294477193550509
coraline_crustose_algae,722,0.8577795799630732,0.34462796025614245
coraline_crustose_algae,724,0.8801021069113213,0.35618227659792995
coraline_crustose_algae,726,0.8982568939603437,0.36636829198797805
coraline_crustose_algae,728,0.9127647834573196,0.3765635512154282
coraline_crustose_algae,730,0.924153293374427,0.3862076710489978
coraline_crustose_algae,732,0.9329214346980779,0.3960469427532647
coraline_crustose_algae,734,0.939519765251742,0.40597923691172044
coraline_crustose_algae,736,0.944341712781949,0.41418551243757906
coraline_crustose_algae,738,0.9477224219113815,0.42228229442208376
coraline_crustose_algae,740,0.9499421124354607,0.4298900069074135
coraline_crustose_algae,742,0.9512317704362068,0.4374710742653786
coraline_crustose_algae,744,0.95177972657916865,0.44509353588931794
coraline_crustose_algae,746,0.9517382396625974,0.45228675036077326
coraline_crustose_algae,748,0.9512296000942082,0.45878574562027136
coraline_crustose_algae,750,0.9503515278481104,0.4649503686937648
coraline_crustose_algae,752,0.9491817986216549,0.4707713429485084
coraline_crustose_algae,754,0.9477821220792478,0.4765046863977823
coraline_crustose_algae,756,0.9462013416378336,0.48200436189104046
coraline_crustose_algae,758,0.9444780435256807,0.48811723702623555
coraline_crustose_algae,760,0.9426426654192599,0.4863819762851312
coraline_crustose_algae,762,0.9407191892293798,0.48187020350940907
coraline_crustose_algae,764,0.9387264930826529,0.48978586315837225
coraline_crustose_algae,766,0.9366794268508214,0.501800056702543
coraline_crustose_algae,768,0.9345896651460264,0.5110547608188186
coraline_crustose_algae,770,0.9324663822244087,0.5153802657171077
coraline_crustose_algae,772,0.9303167849976209,0.5174219031765136
coraline_crustose_algae,774,0.9281465333798112,0.5194867590072638
coraline_crustose_algae,776,0.9259600714132218,0.5212935910086544
coraline_crustose_algae,778,0.9237608878820411,0.5235895879180503
coraline_crustose_algae,780,0.9215517212893478,0.5258789842613681
coraline_crustose_algae,782,0.9193347209884238,0.5279633696393676
coraline_crustose_algae,784,0.917111573794146,0.5300548193374611
coraline_crustose_algae,786,0.9148836034371437,0.5317774170911578
coraline_crustose_algae,788,0.9126518486656585,0.5330322192790652
coraline_crustose_algae,790,0.9104171245669548,0.5344139197263423
coraline_crustose_algae,792,0.9081800707060079,0.5358720364289865
coraline_crustose_algae,794,0.9059411889107705,0.5369944379386113
coraline_crustose_algae,796,0.9037008729278962,0.5381637369287336
coraline_crustose_algae,798,0.901459431696223,0.5390555293127898
coraline_crustose_algae,800,0.8992171076104534,0.5396987567453312
saccharina_latissima,340,0.02857058823529409,0.00991784505419556
saccharina_latissima,342,0.025972499999999992,0.01084726492024603
saccharina_latissima,344,0.02534941176470586,0.011664702619322643
saccharina_latissima,346,0.026756250000000013,0.011065311260025612
saccharina_latissima,348,0.02902705882352942,0.010586864780583197
saccharina_latissima,350,0.027518750000000005,0.008978439887447036
saccharina_latissima,352,0.027461691176470588,0.008350373920996494
saccharina_latissima,354,0.027081911764705886,0.00889158744699338
saccharina_latissima,356,0.02568624999999999,0.00977290818410775
saccharina_latissima,358,0.02441058823529412,0.010364020976235407
saccharina_latissima,360,0.025227352941176475,0.009007759885765276
saccharina_latissima,362,0.025485735294117653,0.008890138223564525
saccharina_latissima,364,0.025956249999999997,0.008474631260414816
saccharina_latissima,366,0.024853970588235304,0.00853739507539875
saccharina_latissima,368,0.02402749999999999,0.00829939945116513
saccharina_latissima,370,0.022877352941176474,0.0076799831804665545
saccharina_latissima,372,0.02314,0.007251327464678452
saccharina_latissima,374,0.023294117647058826,0.007248308477054956
saccharina_latissima,376,0.022851397058823535,0.0076390306433886885
saccharina_latissima,378,0.021509044117647053,0.007407609510513556
saccharina_latissima,380,0.021045588235294115,0.007229563353960408
saccharina_latissima,382,0.0211375,0.006736380936749347
saccharina_latissima,384,0.021177500000000002,0.006703015879065184
saccharina_latissima,386,0.02056117647058824,0.006620081382328357
saccharina_latissima,388,0.02001375,0.006527297548086038
saccharina_latissima,390,0.019330000000000003,0.006542887956590728
saccharina_latissima,392,0.019045,0.006744531059958875
saccharina_latissima,394,0.0190175,0.00705476124684599
saccharina_latissima,396,0.018498235294117652,0.006683366434250308
saccharina_latissima,398,0.01796,0.006439176966041545
saccharina_latissima,400,0.017239999999999995,0.005916438962754536
saccharina_latissima,402,0.0167,0.005807753438292642
saccharina_latissima,404,0.016192352941176474,0.00568495921231408
saccharina_latissima,406,0.015873676470588235,0.005710065088724826
saccharina_latissima,408,0.015451249999999998,0.005688541113501773
saccharina_latissima,410,0.015095000000000003,0.005810371586116499
saccharina_latissima,412,0.014759999999999999,0.005715245852651486
saccharina_latissima,414,0.01442125,0.005678923134604834
saccharina_latissima,416,0.01419625,0.005646262937222282
saccharina_latissima,418,0.014013161764705882,0.005650262382618242
saccharina_latissima,420,0.013953750000000001,0.005725210831270758
saccharina_latissima,422,0.013783749999999999,0.00576256371982124
saccharina_latissima,424,0.01369375,0.005824017486881371
saccharina_latissima,426,0.013572499999999998,0.005814632673264923
saccharina_latissima,428,0.01346691176470588,0.005837804728344402
saccharina_latissima,430,0.013385,0.005978734450115678
saccharina_latissima,432,0.013272500000000001,0.006027640759451413
saccharina_latissima,434,0.01314875,0.0060304669180752495
saccharina_latissima,436,0.0129575,0.0060886395237359885
saccharina_latissima,438,0.0129475,0.0061149560505370775
saccharina_latissima,440,0.01297125,0.006207504908375022
saccharina_latissima,442,0.013032499999999999,0.00622801508307422
saccharina_latissima,444,0.01315625,0.006243139985215771
saccharina_latissima,446,0.013337500000000002,0.006312803210539672
saccharina_latissima,448,0.0135625,0.006385463227127691
saccharina_latissima,450,0.013779999999999999,0.006420046728801902
saccharina_latissima,452,0.01392125,0.006430520488265316
saccharina_latissima,454,0.0140975,0.006513498004144931
saccharina_latissima,456,0.014223749999999999,0.0066083109368052576
saccharina_latissima,458,0.01431375,0.0066056681389924515
saccharina_latissima,460,0.0144125,0.006680902119100383
saccharina_latissima,462,0.014520000000000002,0.006709534959667473
saccharina_latissima,464,0.014669999999999999,0.006763283226362769
saccharina_latissima,466,0.0148275,0.006816291376181039
saccharina_latissima,468,0.015068666666666666,0.006879067120216552
saccharina_latissima,470,0.0153375,0.006941481121219737
saccharina_latissima,472,0.015662500000000003,0.007028720378294331
saccharina_latissima,474,0.016009999999999996,0.007070140502051566
saccharina_latissima,476,0.016390000000000002,0.007141545482246823
saccharina_latissima,478,0.016747500000000002,0.007205489172759196
saccharina_latissima,480,0.01703625,0.007299014541789186
saccharina_latissima,482,0.0173625,0.007401361783482822
saccharina_latissima,484,0.017525,0.007471048286552563
saccharina_latissima,486,0.01768,0.007578802675884891
saccharina_latissima,488,0.017820000000000003,0.007719666443571252
saccharina_latissima,490,0.01794375,0.007750496455873004
saccharina_latissima,492,0.01805375,0.007830234371492339
saccharina_latissima,494,0.01819,0.007931192868194544
saccharina_latissima,496,0.018345,0.008002218198334134
saccharina_latissima,498,0.018525,0.008082528417828173
saccharina_latissima,500,0.018747500000000004,0.008196132853364447
saccharina_latissima,502,0.0190625,0.008288131574727802
saccharina_latissima,504,0.01943033333333333,0.008377688656319366
saccharina_latissima,506,0.01981625,0.008483794984778335
saccharina_latissima,508,0.020233,0.008551579468510482
saccharina_latissima,510,0.02067625,0.008634207494755958
saccharina_latissima,512,0.0211525,0.00876145856864027
saccharina_latissima,514,0.021671999999999997,0.008878857330760527
saccharina_latissima,516,0.02221316666666666,0.008998999797817034
saccharina_latissima,518,0.022802500000000007,0.009160766377601827
saccharina_latissima,520,0.023347500000000004,0.009305786800091117
saccharina_latissima,522,0.023856666666666665,0.009391512125318264
saccharina_latissima,524,0.024462499999999998,0.009585336294309132
saccharina_latissima,526,0.02511374999999999,0.009796625694595044
saccharina_latissima,528,0.025909999999999992,0.01008255629323486
saccharina_latissima,530,0.026679000000000012,0.01035212348050175
saccharina_latissima,532,0.027490000000000007,0.010577136309039425
saccharina_latissima,534,0.028306249999999998,0.010825283267078975
saccharina_latissima,536,0.02916125,0.011061305903068135
saccharina_latissima,538,0.030017666666666658,0.011318699987618811
saccharina_latissima,540,0.03097999999999998,0.011587146135073783
saccharina_latissima,542,0.03201316666666669,0.011886768793962109
saccharina_latissima,544,0.033158750000000015,0.012194363131689175
saccharina_latissima,546,0.034353166666666664,0.01248672855405446
saccharina_latissima,548,0.035772000000000005,0.01279878587991845
saccharina_latissima,550,0.03732624999999999,0.013153531785703025
saccharina_latissima,552,0.039098666666666636,0.013547780794080045
saccharina_latissima,554,0.041091250000000024,0.013966134822312161
saccharina_latissima,556,0.043231333333333365,0.014456077424871842
saccharina_latissima,558,0.04552500000000002,0.01495072322665363
saccharina_latissima,560,0.048026333333333324,0.015540989351863104
saccharina_latissima,562,0.05061866666666668,0.01620975248285906
saccharina_latissima,564,0.053208499999999985,0.016861028541350073
saccharina_latissima,566,0.055737083333333305,0.017493681919997717
saccharina_latissima,568,0.05811066666666662,0.01817054062670305
saccharina_latissima,570,0.0600884166666667,0.01876051486740911
saccharina_latissima,572,0.061855000000000014,0.0192747696768016
saccharina_latissima,574,0.06322533333333334,0.019721699498550103
saccharina_latissima,576,0.06429333333333334,0.019999880555198878
saccharina_latissima,578,0.06509925,0.02020343360359818
saccharina_latissima,580,0.065588,0.020343281937779855
saccharina_latissima,582,0.06581749999999999,0.020503099232189258
saccharina_latissima,584,0.06590533333333333,0.020592230142027414
saccharina_latissima,586,0.065965,0.020678382431902165
saccharina_latissima,588,0.06617600000000001,0.020795977495660072
saccharina_latissima,590,0.06672666666666667,0.020933371019074363
saccharina_latissima,592,0.06779500000000001,0.02134756389790179
saccharina_latissima,594,0.069136,0.021778257046880498
saccharina_latissima,596,0.070815,0.02219625249901433
saccharina_latissima,598,0.07237866666666666,0.022574882502462777
saccharina_latissima,600,0.07368749999999999,0.022891088519197807
saccharina_latissima,602,0.07444933333333333,0.023119554301740133
saccharina_latissima,604,0.07423125000000001,0.023285578037301326
saccharina_latissima,606,0.07298266666666664,0.023284290650803837
saccharina_latissima,608,0.0709133333333333,0.023163045760195018
saccharina_latissima,610,0.06841066666666666,0.02298746450664892
saccharina_latissima,612,0.06552799999999999,0.022735595879589336
saccharina_latissima,614,0.06287624999999998,0.0224694134116247
saccharina_latissima,616,0.06039466666666666,0.02223181973858391
saccharina_latissima,618,0.05828458333333333,0.02200554398659196
saccharina_latissima,620,0.056642166666666674,0.02195316486137149
saccharina_latissima,622,0.05545266666666668,0.021940498120548175
saccharina_latissima,624,0.05473,0.021941167072423474
saccharina_latissima,626,0.054194666666666676,0.021987651787107942
saccharina_latissima,628,0.05360000000000001,0.0220059249597315
saccharina_latissima,630,0.05295108333333335,0.021873757598845602
saccharina_latissima,632,0.05214933333333332,0.021756232108422528
saccharina_latissima,634,0.051433999999999994,0.021569876680222345
saccharina_latissima,636,0.05101866666666667,0.021561572505011995
saccharina_latissima,638,0.05128966666666667,0.02176879408391875
saccharina_latissima,640,0.05228800000000001,0.022118967928504773
saccharina_latissima,642,0.053928000000000025,0.022570934308432062
saccharina_latissima,644,0.05569600000000002,0.02307892718477183
saccharina_latissima,646,0.05706875000000001,0.02336777921559406
saccharina_latissima,648,0.057875,0.023624417982248798
saccharina_latissima,650,0.057532,0.023595837862734285
saccharina_latissima,652,0.056024,0.02323365116951416
saccharina_latissima,654,0.05335999999999999,0.022542803729793687
saccharina_latissima,656,0.04941599999999999,0.0214943132530961
saccharina_latissima,658,0.044921250000000024,0.020162627673185378
saccharina_latissima,660,0.040024000000000046,0.018535933630533873
saccharina_latissima,662,0.03568133333333337,0.01670708060141637
saccharina_latissima,664,0.03237066666666669,0.014857055637717147
saccharina_latissima,666,0.03026400000000002,0.01325473047632431
saccharina_latissima,668,0.029698666666666665,0.01177031803591844
saccharina_latissima,670,0.03041866666666666,0.010578966973302373
saccharina_latissima,672,0.03220450348562962,0.00968327613860984
saccharina_latissima,674,0.03500572603733331,0.009204768348487527
saccharina_latissima,676,0.03859028394666664,0.009154321207806697
saccharina_latissima,678,0.042605528661333304,0.009458386339248786
saccharina_latissima,680,0.04686475851851848,0.010251228280410416
saccharina_latissima,682,0.05129388134399996,0.01135406020913871
saccharina_latissima,684,0.05608403062518514,0.012718979208359583
saccharina_latissima,686,0.0625058338417777,0.01478820809371519
saccharina_latissima,688,0.07103183761066659,0.017379429573376303
saccharina_latissima,690,0.07909890844444437,0.0201921890904828
saccharina_latissima,692,0.0879560234382221,0.023406712733730014
saccharina_latissima,694,0.09892931814399986,0.02685338160918646
saccharina_latissima,696,0.11136084681007394,0.030681375907164864
saccharina_latissima,698,0.12434399481362948,0.03479920331261456
saccharina_latissima,700,0.13810939733333316,0.03935290573690378
saccharina_latissima,702,0.15209688849066652,0.04444945011733752
saccharina_latissima,704,0.16529357591703703,0.05018266383563567
saccharina_latissima,706,0.17670466645333333,0.056222801524967406
saccharina_latissima,708,0.18709897453037042,0.06268155600314498
saccharina_latissima,710,0.19584867911111112,0.0691968012694393
saccharina_latissima,712,0.20333571814400006,0.07565594280409847
saccharina_latissima,714,0.20992421907369324,0.08192162704356638
saccharina_latissima,716,0.2148834772480001,0.08728493716840231
saccharina_latissima,718,0.219259258112,0.09130834894845392
saccharina_latissima,720,0.22471084656084667,0.0948689279369836
saccharina_latissima,722,0.23029407407407418,0.09924028368025904
saccharina_latissima,724,0.2349139682539683,0.10256750539099373
saccharina_latissima,726,0.23923492063492063,0.10550070633072171
saccharina_latissima,728,0.24319851851851843,0.10843656915849093
saccharina_latissima,730,0.24684962962962956,0.11121372394134288
saccharina_latissima,732,0.25011370370370367,0.1140470753456017
saccharina_latissima,734,0.2530026984126984,0.11690721382405923
saccharina_latissima,736,0.25565407407407403,0.11927032188568976
saccharina_latissima,738,0.25820238095238096,0.12160189980073252
saccharina_latissima,740,0.2605725925925926,0.12379264353679165
saccharina_latissima,742,0.26277777777777783,0.1259757144479401
saccharina_latissima,744,0.26480444444444445,0.12817070539800518
saccharina_latissima,746,0.2666928571428572,0.130242088823162
saccharina_latissima,748,0.268357037037037,0.13211356243403757
saccharina_latissima,750,0.2698655555555555,0.13388874905018056
saccharina_latissima,752,0.27134391534391533,0.13556497733968698
saccharina_latissima,754,0.2725912698412698,0.1372159711531878
saccharina_latissima,756,0.27367703703703705,0.13879967711742427
saccharina_latissima,758,0.27444666666666667,0.14055996221462846
saccharina_latissima,760,0.27556587301587304,0.1400602704076189
saccharina_latissima,762,0.2768081481481482,0.1387610443963842
saccharina_latissima,764,0.2779674074074074,0.14104046568447595
saccharina_latissima,766,0.27889417989417986,0.14450011525738604
saccharina_latissima,768,0.2794817989417989,0.14716513251597826
saccharina_latissima,770,0.279944708994709,0.14841072017185944
saccharina_latissima,772,0.2803468253968254,0.14899863729992152
saccharina_latissima,774,0.2808206349206349,0.14959324047213712
saccharina_latissima,776,0.2812325925925926,0.15011354219184464
saccharina_latissima,778,0.28170396825396826,0.15077470556479936
saccharina_latissima,780,0.28211619047619046,0.1514339682154518
saccharina_latissima,782,0.2824979365079365,0.15203419518501604
saccharina_latissima,784,0.2828301587301587,0.15263645642112564
saccharina_latissima,786,0.2831185185185185,0.15313250174959164
saccharina_latissima,788,0.2832720634920635,0.15349383901601074
saccharina_latissima,790,0.28349037037037034,0.15389171835304133
saccharina_latissima,792,0.28371825396825395,0.1543116027846521
saccharina_latissima,794,0.28383650793650794,0.15463481348449068
saccharina_latissima,796,0.28398253968253967,0.15497152894832167
saccharina_latissima,798,0.2840530158730159,0.1552283326305065
saccharina_latissima,800,0.28404444444444443,0.15541355867202933
sediment,340,0.11627058823529413,0.04817083512252391
sediment,342,0.11623541666666669,0.0492264457740112
sediment,344,0.11315294117647058,0.04896627170518381
sediment,346,0.11143333333333334,0.04979069012292024
sediment,348,0.11017745098039211,0.04632406780888488
sediment,350,0.10927708333333333,0.045083485347094304
sediment,352,0.10717732843137256,0.044412954747439025
sediment,354,0.10497371323529411,0.04430164613203565
sediment,356,0.10237291666666666,0.04215463658266628
sediment,358,0.10170000000000001,0.043763519749897326
sediment,360,0.10033149509803921,0.04118607372108888
sediment,362,0.09864926470588234,0.040805176601749905
sediment,364,0.09501250000000001,0.03778572750556749
sediment,366,0.09105251225490198,0.03626584193900672
sediment,368,0.08898125,0.0346322481132109
sediment,370,0.08724754901960785,0.03376178954236064
sediment,372,0.08619166666666667,0.03366103707057562
sediment,374,0.08587769607843138,0.03309885485031108
sediment,376,0.08387886029411767,0.0322093624678865
sediment,378,0.08061715686274508,0.029948211262830645
sediment,380,0.07976776960784315,0.028685205330411977
sediment,382,0.0810625,0.029447001120657425
sediment,384,0.0813625,0.02993932823227669
sediment,386,0.07931470588235295,0.028842423279309207
sediment,388,0.07744583333333334,0.02771325034693092
sediment,390,0.07629166666666667,0.02715011471737581
sediment,392,0.07610833333333333,0.027079553710625783
sediment,394,0.076446875,0.026511156775850992
sediment,396,0.07505073529411765,0.02610362078237092
sediment,398,0.07356666666666667,0.02603760101596663
sediment,400,0.07182083333333332,0.025366919485161506
sediment,402,0.0709,0.02499639974076267
sediment,404,0.0708125,0.024642730417173637
sediment,406,0.07083026960784314,0.024768886144527012
sediment,408,0.07085520833333334,0.024952411086113832
sediment,410,0.07094375,0.02520388889883861
sediment,412,0.07109270833333334,0.02549368163654314
sediment,414,0.07126458333333334,0.025583165749994013
sediment,416,0.07150208333333333,0.02575239359829813
sediment,418,0.07197726715686274,0.026048718104348126
sediment,420,0.07252291666666667,0.026280755098392183
sediment,422,0.07308958333333333,0.026718535720388324
sediment,424,0.07373645833333334,0.027058436882244633
sediment,426,0.07450520833333334,0.027467975221344886
sediment,428,0.07522254901960784,0.027826205301567902
sediment,430,0.07605833333333334,0.028211952992777133
sediment,432,0.07669791666666666,0.028661223168972856
sediment,434,0.07728854166666667,0.029033293500917472
sediment,436,0.07807763888888888,0.02941898515611544
sediment,438,0.07899791666666667,0.029801928856060086
sediment,440,0.07992812499999999,0.030264409726504654
sediment,442,0.08092395833333334,0.030710381595812464
sediment,444,0.08204895833333332,0.03125664389790459
sediment,446,0.08329270833333334,0.03177296227156695
sediment,448,0.084534375,0.03229241487708452
sediment,450,0.085753125,0.032839992232699296
sediment,452,0.08704166666666667,0.03332483839670745
sediment,454,0.08831666666666668,0.03380337877589557
sediment,456,0.08943124999999999,0.034337449262794695
sediment,458,0.09051458333333333,0.034776593616133056
sediment,460,0.09154375,0.03522212439468977
sediment,462,0.09252291666666666,0.035688773984849445
sediment,464,0.09352291666666665,0.03615616079649035
sediment,466,0.0945125,0.03666635463882386
sediment,468,0.095543611111111107,0.03719288286780844
sediment,470,0.096659375,0.037778322105325834
sediment,472,0.097740625,0.03837658196047102
sediment,474,0.09888854166666666,0.038975152825363193
sediment,476,0.09999479166666667,0.03959309311149379
sediment,478,0.10108125,0.040188774668743016
sediment,480,0.10207083333333333,0.040761034293386955
sediment,482,0.10311041666666666,0.04133146079007693
sediment,484,0.10406041666666667,0.04184360794723212
sediment,486,0.10498958333333333,0.04233485444691721
sediment,488,0.10575416666666668,0.04293793316132796
sediment,490,0.10664895833333334,0.04352563476286608
sediment,492,0.10763854166666667,0.04407603611527943
sediment,494,0.10862187499999999,0.04465171832324877
sediment,496,0.10971979166666666,0.045211937793136196
sediment,498,0.11096249999999999,0.04579794072881443
sediment,500,0.11225208333333334,0.046372337131545004
sediment,502,0.11358333333333333,0.04699069167576347
sediment,504,0.11504708333333333,0.04762896169509447
sediment,506,0.11653854166666668,0.04828490826216218
sediment,508,0.11810270833333333,0.048847154698461376
sediment,510,0.119640625,0.0494204545124663
sediment,512,0.12127291666666667,0.050097129668691266
sediment,514,0.12279416666666665,0.05071130696567252
sediment,516,0.12437048611111108,0.05135435755367947
sediment,518,0.12583437500000003,0.052024545551535115
sediment,520,0.12731770833333333,0.05288156747284839
sediment,522,0.12891666666666668,0.053759624461320626
sediment,524,0.13042416666666665,0.054554777670399006
sediment,526,0.13182395833333332,0.05513970586392726
sediment,528,0.13302638888888887,0.055720124572791525
sediment,530,0.13422111111111112,0.05641213918481917
sediment,532,0.1354479166666667,0.057032623567934065
sediment,534,0.13648854166666666,0.05757303003803444
sediment,536,0.137578125,0.05825685967522408
sediment,538,0.13865743055555554,0.058826464212084
sediment,540,0.13978333333333332,0.059439349891764075
sediment,542,0.14087055555555558,0.06009980641184082
sediment,544,0.14199166666666668,0.060793991873512206
sediment,546,0.14317180555555556,0.061448223536650644
sediment,548,0.14442,0.062146439962398485
sediment,550,0.14565625,0.06281037521281814
sediment,552,0.14696791666666664,0.06350876351109609
sediment,554,0.14827083333333335,0.06427781276258292
sediment,556,0.14965486111111115,0.06506316094854095
sediment,558,0.15097708333333335,0.06582626323164385
sediment,560,0.15218416666666668,0.0666342365392346
sediment,562,0.1533677777777778,0.06750679247031094
sediment,564,0.15439993055555554,0.06823993085695697
sediment,566,0.15543006944444443,0.06893944877139599
sediment,568,0.15644666666666662,0.06957316928561211
sediment,570,0.15750020833333336,0.07013484519310226
sediment,572,0.158559375,0.0705370975921093
sediment,574,0.15974000000000002,0.07080360518128062
sediment,576,0.16097,0.07095919813526644
sediment,578,0.16216583333333334,0.07112509288951169
sediment,580,0.16324,0.07122395327416191
sediment,582,0.16420625,0.07136206132725569
sediment,584,0.16519555555555554,0.0715525702206789
sediment,586,0.16607708333333332,0.07171174869602377
sediment,588,0.1669288888888889,0.07185779916432691
sediment,590,0.1676433333333333,0.07194948805315511
sediment,592,0.16814583333333333,0.07227068071954676
sediment,594,0.16868666666666668,0.07246725176090078
sediment,596,0.16911041666666665,0.07265185235795206
sediment,598,0.16935222222222224,0.07265903744864063
sediment,600,0.16940208333333334,0.07254786832096906
sediment,602,0.16932,0.07241350064425527
sediment,604,0.16902916666666667,0.07244107979362721
sediment,606,0.16888333333333333,0.07269021914948394
sediment,608,0.16876999999999998,0.07292906882718303
sediment,610,0.1686,0.07321955051608675
sediment,612,0.16838,0.07341385264376199
sediment,614,0.168240625,0.07361477706509577
sediment,616,0.1681622222222222,0.07383274632322456
sediment,618,0.16803055555555554,0.07401230559595903
sediment,620,0.16802708333333333,0.07431367026692778
sediment,622,0.16819534722222224,0.07448965550032242
sediment,624,0.16849166666666665,0.07471042876778759
sediment,626,0.1687811111111111,0.07494252060128531
sediment,628,0.16912888888888888,0.07519998223010033
sediment,630,0.16927680555555555,0.0753614756508159
sediment,632,0.16943222222222223,0.07553207241273711
sediment,634,0.16967625,0.07561266034451507
sediment,636,0.16988333333333333,0.07580521022843864
sediment,638,0.1700870138888889,0.07591296102391096
sediment,640,0.17036555555555555,0.07601569632258465
sediment,642,0.17078222222222222,0.07621836042047339
sediment,644,0.17091333333333333,0.07619134929023547
sediment,646,0.17116541666666668,0.0761626870450135
sediment,648,0.17131875,0.07634312745345843
sediment,650,0.1710288888888889,0.07650214540685675
sediment,652,0.17043333333333333,0.07644861164352314
sediment,654,0.16993444444444444,0.07627157739629173
sediment,656,0.16921,0.07586888089914659
sediment,658,0.16766145833333335,0.0751147397752959
sediment,660,0.16562333333333334,0.07478562271215265
sediment,662,0.16323000000000001,0.0739916291661879
sediment,664,0.16084444444444446,0.07308037811331566
sediment,666,0.1589266666666667,0.07246896249046515
sediment,668,0.15731111111111112,0.071731022598057
sediment,670,0.15681111111111112,0.07183824344136444
sediment,672,0.15752555555555556,0.07256957959753496
sediment,674,0.15844555555555553,0.0727283177514987
sediment,676,0.1607422222222222,0.07372453686728928
sediment,678,0.16376555555555553,0.07513668557048891
sediment,680,0.1669833333333333,0.0768533949513979
sediment,682,0.17088222222222219,0.07900058145121228
sediment,684,0.17550666666666662,0.08141216922412627
sediment,686,0.1816677777777777,0.0839431770152131
sediment,688,0.18835111111111105,0.08706166608066224
sediment,690,0.19303888888888884,0.08962001040607605
sediment,692,0.1958833333333333,0.09029131576304679
sediment,694,0.20065666666666662,0.09132909233462613
sediment,696,0.2044222222222222,0.09157656077273793
sediment,698,0.2071944444444444,0.0912132229611637
sediment,700,0.21086222222222217,0.09112039641574746
sediment,702,0.2142311111111111,0.09181184950554924
sediment,704,0.2200277777777778,0.09294391478895377
sediment,706,0.22523888888888888,0.09451937700614425
sediment,708,0.23002222222222224,0.0947508467664694
sediment,710,0.23603111111111114,0.09718324104875666
sediment,712,0.24147555555555558,0.09693080846474783
sediment,714,0.2518439682539684,0.10210113208896038
sediment,716,0.2675355555555559,0.1123808086159965
sediment,718,0.2904688888888892,0.12621298455242105
sediment,720,0.3009449206349211,0.13605317114749488
sediment,722,0.3242722222222225,0.14926586174662673
sediment,724,0.33732523809523773,0.16051291787462368
sediment,726,0.3564109523809522,0.17568537811381207
sediment,728,0.3540477777777778,0.1757736370280651
sediment,730,0.35116134920634934,0.17989656790042086
sediment,732,0.3608283333333334,0.18991191102002766
sediment,734,0.3722138095238092,0.19136948603217208
sediment,736,0.3555155555555558,0.1771662471825284
sediment,738,0.33789166666666665,0.17095426345793321
sediment,740,0.3278777777777777,0.15790428981107738
sediment,742,0.35432738095238064,0.19811731138325012
sediment,744,0.33767999999999976,0.16253159643589307
sediment,746,0.32573523809523797,0.17294493963171573
sediment,748,0.32191222222222254,0.16176084000313093
sediment,750,0.32533611111111116,0.15513374173297728
sediment,752,0.3326676984126983,0.17424054145640644
sediment,754,0.3030797619047621,0.15889303342100247
sediment,756,0.3055333333333331,0.16173409865166563
sediment,758,0.2761455555555554,0.11466862133346883
sediment,760,0.2996583333333337,0.13993340022417602
sediment,762,0.3030211111111111,0.1587918150936655
sediment,764,0.2828788888888878,0.13865569895194219
sediment,766,0.2750619047619058,0.13865296645298802
sediment,768,0.30220968253968195,0.16485430685620517
sediment,770,0.3065182539682547,0.1616634015706952
sediment,772,0.26551309523809546,0.12182191061735402
sediment,774,0.2321202380952385,0.08734036638542442
sediment,776,0.222736666666666,0.10332078235605119
sediment,778,0.2286380952380963,0.11673818033659608
sediment,780,0.2205712698412703,0.0904829746838281
sediment,782,0.22282674603174685,0.10059989179223518
sediment,784,0.23953571428571374,0.12207969227232657
sediment,786,0.23704444444444445,0.10298213149574739
sediment,788,0.2539214285714291,0.13291541540792587
sediment,790,0.24922492063492027,0.1211337501494771
sediment,792,0.17597261904761907,0.06798115441386808
sediment,794,0.17031666666666645,0.08598021422452468
sediment,796,0.21644523809523883,0.09688946507323176
sediment,798,0.26410000000000017,0.12450111973924807
sediment,800,0.2029857142857146,0.0806810351233267
