wavelength,class,r_b
400,rb_agar_2023,0.009662497
410,rb_agar_2023,0.009091717
420,rb_agar_2023,0.008842983
430,rb_agar_2023,0.008685662
440,rb_agar_2023,0.008746649
450,rb_agar_2023,0.009011092
460,rb_agar_2023,0.009283732
470,rb_agar_2023,0.009611931
480,rb_agar_2023,0.010125735
490,rb_agar_2023,0.010435522
500,rb_agar_2023,0.01066891
510,rb_agar_2023,0.011181954
520,rb_agar_2023,0.011877307
530,rb_agar_2023,0.012585266
540,rb_agar_2023,0.013590455
550,rb_agar_2023,0.015237303
560,rb_agar_2023,0.018448087
570,rb_agar_2023,0.022916594
580,rb_agar_2023,0.025987462
590,rb_agar_2023,0.027347253
600,rb_agar_2023,0.031278536
610,rb_agar_2023,0.029062833
620,rb_agar_2023,0.024038669
630,rb_agar_2023,0.022784897
640,rb_agar_2023,0.022643059
650,rb_agar_2023,0.025279113
660,rb_agar_2023,0.019912702
670,rb_agar_2023,0.023315099
680,rb_agar_2023,0.043905032
690,rb_agar_2023,0.074790495
700,rb_agar_2023,0.146275356
710,rb_agar_2023,0.296256703
720,rb_agar_2023,0.645624098
730,rb_agar_2023,0.999980491
740,rb_agar_2023,0.999754853
750,rb_agar_2023,0.916053454
400,rb_cca_2022,0.074504905
410,rb_cca_2022,0.068328605
420,rb_cca_2022,0.063502627
430,rb_cca_2022,0.061355529
440,rb_cca_2022,0.05933666
450,rb_cca_2022,0.067539379
460,rb_cca_2022,0.07727334
470,rb_cca_2022,0.078119828
480,rb_cca_2022,0.078584097
490,rb_cca_2022,0.071293786
500,rb_cca_2022,0.069401755
510,rb_cca_2022,0.0808253
520,rb_cca_2022,0.087724477
530,rb_cca_2022,0.085734406
540,rb_cca_2022,0.082825449
550,rb_cca_2022,0.08235852
560,rb_cca_2022,0.081492395
570,rb_cca_2022,0.081377382
580,rb_cca_2022,0.116952394
590,rb_cca_2022,0.166155445
600,rb_cca_2022,0.189784309
610,rb_cca_2022,0.180676984
620,rb_cca_2022,0.161153588
630,rb_cca_2022,0.158481058
640,rb_cca_2022,0.171600705
650,rb_cca_2022,0.183918894
660,rb_cca_2022,0.156050218
670,rb_cca_2022,0.107184271
680,rb_cca_2022,0.102954741
690,rb_cca_2022,0.140083675
700,rb_cca_2022,0.259664952
710,rb_cca_2022,0.539335153
720,rb_cca_2022,0.999654853
730,rb_cca_2022,0.999654853
740,rb_cca_2022,0.999968618
750,rb_cca_2022,0.999968618
400,rb_cca_2023,0.075660757
410,rb_cca_2023,0.070528048
420,rb_cca_2023,0.066715375
430,rb_cca_2023,0.065319266
440,rb_cca_2023,0.06422479
450,rb_cca_2023,0.072056342
460,rb_cca_2023,0.082068135
470,rb_cca_2023,0.085553303
480,rb_cca_2023,0.087382959
490,rb_cca_2023,0.081805223
500,rb_cca_2023,0.081068572
510,rb_cca_2023,0.094826239
520,rb_cca_2023,0.104954587
530,rb_cca_2023,0.105045484
540,rb_cca_2023,0.10390029
550,rb_cca_2023,0.104955441
560,rb_cca_2023,0.103739228
570,rb_cca_2023,0.101472545
580,rb_cca_2023,0.128385863
590,rb_cca_2023,0.155798177
600,rb_cca_2023,0.166925154
610,rb_cca_2023,0.160835288
620,rb_cca_2023,0.150351327
630,rb_cca_2023,0.15085344
640,rb_cca_2023,0.16174008
650,rb_cca_2023,0.170453277
660,rb_cca_2023,0.14929517
670,rb_cca_2023,0.108900548
680,rb_cca_2023,0.100367335
690,rb_cca_2023,0.12970645
700,rb_cca_2023,0.213384771
710,rb_cca_2023,0.359727789
720,rb_cca_2023,0.666439594
730,rb_cca_2023,0.818335325
740,rb_cca_2023,0.697519385
750,rb_cca_2023,0.617109976
400,rb_eelgrass_2019,0.082684808
410,rb_eelgrass_2019,0.08257655
420,rb_eelgrass_2019,0.081908248
430,rb_eelgrass_2019,0.080458413
440,rb_eelgrass_2019,0.08022681
450,rb_eelgrass_2019,0.080815936
460,rb_eelgrass_2019,0.080740804
470,rb_eelgrass_2019,0.080391394
480,rb_eelgrass_2019,0.080818459
490,rb_eelgrass_2019,0.080886296
500,rb_eelgrass_2019,0.08383199
510,rb_eelgrass_2019,0.093524982
520,rb_eelgrass_2019,0.109533373
530,rb_eelgrass_2019,0.126116069
540,rb_eelgrass_2019,0.13513184
550,rb_eelgrass_2019,0.14079149
560,rb_eelgrass_2019,0.142969804
570,rb_eelgrass_2019,0.137942725
580,rb_eelgrass_2019,0.12921845
590,rb_eelgrass_2019,0.124003836
600,rb_eelgrass_2019,0.120800786
610,rb_eelgrass_2019,0.11662196700000001
620,rb_eelgrass_2019,0.111482181
630,rb_eelgrass_2019,0.109814574
640,rb_eelgrass_2019,0.10291351
650,rb_eelgrass_2019,0.093731793
660,rb_eelgrass_2019,0.088378036
670,rb_eelgrass_2019,0.083583463
680,rb_eelgrass_2019,0.086701858
690,rb_eelgrass_2019,0.111979633
700,rb_eelgrass_2019,0.181864409
710,rb_eelgrass_2019,0.287308753
720,rb_eelgrass_2019,0.386215013
730,rb_eelgrass_2019,0.440955824
740,rb_eelgrass_2019,0.463789867
750,rb_eelgrass_2019,0.479560825
400,rb_mud_2019,0.067689078
410,rb_mud_2019,0.068375434
420,rb_mud_2019,0.0695984
430,rb_mud_2019,0.071165148
440,rb_mud_2019,0.073045724
450,rb_mud_2019,0.075085577
460,rb_mud_2019,0.077044893
470,rb_mud_2019,0.078941263
480,rb_mud_2019,0.080638899
490,rb_mud_2019,0.082611103
500,rb_mud_2019,0.085779136
510,rb_mud_2019,0.089924789
520,rb_mud_2019,0.094204315
530,rb_mud_2019,0.099411329
540,rb_mud_2019,0.105409993
550,rb_mud_2019,0.111508785
560,rb_mud_2019,0.116779969
570,rb_mud_2019,0.12046216
580,rb_mud_2019,0.122572733
590,rb_mud_2019,0.124258199
600,rb_mud_2019,0.12498603
610,rb_mud_2019,0.12430152
620,rb_mud_2019,0.123173476
630,rb_mud_2019,0.123205896
640,rb_mud_2019,0.12395894
650,rb_mud_2019,0.124483346
660,rb_mud_2019,0.11957053
670,rb_mud_2019,0.111190953
680,rb_mud_2019,0.109874714
690,rb_mud_2019,0.121231338
700,rb_mud_2019,0.136816916
710,rb_mud_2019,0.144659468
720,rb_mud_2019,0.150097412
730,rb_mud_2019,0.152735526
740,rb_mud_2019,0.154120185
750,rb_mud_2019,0.156098736
400,rb_palma_2023,0.007235267
410,rb_palma_2023,0.006464509
420,rb_palma_2023,0.006026226
430,rb_palma_2023,0.005888901
440,rb_palma_2023,0.005893364
450,rb_palma_2023,0.006795165
460,rb_palma_2023,0.008195819
470,rb_palma_2023,0.009180395
480,rb_palma_2023,0.010092018
490,rb_palma_2023,0.009085459
500,rb_palma_2023,0.008780278
510,rb_palma_2023,0.011362999
520,rb_palma_2023,0.013786707
530,rb_palma_2023,0.013542902
540,rb_palma_2023,0.012630486
550,rb_palma_2023,0.012509843
560,rb_palma_2023,0.013123524
570,rb_palma_2023,0.013663295
580,rb_palma_2023,0.021408128
590,rb_palma_2023,0.032503245
600,rb_palma_2023,0.039948781
610,rb_palma_2023,0.03773794
620,rb_palma_2023,0.031481922
630,rb_palma_2023,0.031228194
640,rb_palma_2023,0.036126798
650,rb_palma_2023,0.041169691
660,rb_palma_2023,0.034725632
670,rb_palma_2023,0.022407173
680,rb_palma_2023,0.022885475
690,rb_palma_2023,0.035611749
700,rb_palma_2023,0.078737274
710,rb_palma_2023,0.232606128
720,rb_palma_2023,0.680193402
730,rb_palma_2023,0.989598982
740,rb_palma_2023,0.87972568
750,rb_palma_2023,0.780703266
400,rb_rock_2022,0.059712415
410,rb_rock_2022,0.059928563
420,rb_rock_2022,0.060334986
430,rb_rock_2022,0.0619541
440,rb_rock_2022,0.06409349
450,rb_rock_2022,0.068353093
460,rb_rock_2022,0.07237039
470,rb_rock_2022,0.076065434
480,rb_rock_2022,0.080182919
490,rb_rock_2022,0.083434736
500,rb_rock_2022,0.088014724
510,rb_rock_2022,0.094507627
520,rb_rock_2022,0.101675638
530,rb_rock_2022,0.107900568
540,rb_rock_2022,0.112214512
550,rb_rock_2022,0.117436012
560,rb_rock_2022,0.12381868
570,rb_rock_2022,0.129061559
580,rb_rock_2022,0.135357222
590,rb_rock_2022,0.139212362
600,rb_rock_2022,0.141993393
610,rb_rock_2022,0.140989422
620,rb_rock_2022,0.13865454
630,rb_rock_2022,0.139308366
640,rb_rock_2022,0.139430059
650,rb_rock_2022,0.140693139
660,rb_rock_2022,0.134219112
670,rb_rock_2022,0.124888608
680,rb_rock_2022,0.141824068
690,rb_rock_2022,0.17820099
700,rb_rock_2022,0.211252339
710,rb_rock_2022,0.25138739
720,rb_rock_2022,0.358955428
730,rb_rock_2022,0.563406592
740,rb_rock_2022,0.514412816
750,rb_rock_2022,0.44111005
400,rb_rock_2023,0.09226326
410,rb_rock_2023,0.091215479
420,rb_rock_2023,0.093806179
430,rb_rock_2023,0.099081681
440,rb_rock_2023,0.104906198
450,rb_rock_2023,0.112885737
460,rb_rock_2023,0.120636816
470,rb_rock_2023,0.127820804
480,rb_rock_2023,0.135641069
490,rb_rock_2023,0.14252729
500,rb_rock_2023,0.150350514
510,rb_rock_2023,0.160079459
520,rb_rock_2023,0.170254164
530,rb_rock_2023,0.179647341
540,rb_rock_2023,0.1875518
550,rb_rock_2023,0.196098608
560,rb_rock_2023,0.205423156
570,rb_rock_2023,0.212918214
580,rb_rock_2023,0.218884097
590,rb_rock_2023,0.223433366
600,rb_rock_2023,0.22510345
610,rb_rock_2023,0.225058458
620,rb_rock_2023,0.225598992
630,rb_rock_2023,0.227626956
640,rb_rock_2023,0.229218006
650,rb_rock_2023,0.229580891
660,rb_rock_2023,0.223530444
670,rb_rock_2023,0.214293127
680,rb_rock_2023,0.227994855
690,rb_rock_2023,0.259789726
700,rb_rock_2023,0.273917912
710,rb_rock_2023,0.295608859
720,rb_rock_2023,0.365021072
730,rb_rock_2023,0.38460428
740,rb_rock_2023,0.369584492
750,rb_rock_2023,0.398647598
400,rb_saccha_2022,0.014508248
410,rb_saccha_2022,0.011824473
420,rb_saccha_2022,0.0099957
430,rb_saccha_2022,0.008826964
440,rb_saccha_2022,0.008175155
450,rb_saccha_2022,0.008932249
460,rb_saccha_2022,0.009520651
470,rb_saccha_2022,0.010657083
480,rb_saccha_2022,0.012671461
490,rb_saccha_2022,0.013409616
500,rb_saccha_2022,0.0146355
510,rb_saccha_2022,0.017711175
520,rb_saccha_2022,0.022024021
530,rb_saccha_2022,0.027033957
540,rb_saccha_2022,0.033930311
550,rb_saccha_2022,0.046569315
560,rb_saccha_2022,0.070470679
570,rb_saccha_2022,0.100984078
580,rb_saccha_2022,0.11474044
590,rb_saccha_2022,0.11750871
600,rb_saccha_2022,0.138879593
610,rb_saccha_2022,0.123065345
620,rb_saccha_2022,0.09029931
630,rb_saccha_2022,0.080229598
640,rb_saccha_2022,0.077953699
650,rb_saccha_2022,0.092588507
660,rb_saccha_2022,0.051035573
670,rb_saccha_2022,0.040504257
680,rb_saccha_2022,0.085143779
690,rb_saccha_2022,0.180871631
700,rb_saccha_2022,0.473640019
710,rb_saccha_2022,0.867160175
720,rb_saccha_2022,0.999654853
730,rb_saccha_2022,0.999654853
740,rb_saccha_2022,0.999928997
750,rb_saccha_2022,0.999925174
400,rb_saccha_2023,0.016298784
410,rb_saccha_2023,0.014660902
420,rb_saccha_2023,0.013588195
430,rb_saccha_2023,0.013163132
440,rb_saccha_2023,0.012791636
450,rb_saccha_2023,0.01343135
460,rb_saccha_2023,0.013972387
470,rb_saccha_2023,0.014720979
480,rb_saccha_2023,0.016125006
490,rb_saccha_2023,0.016867009
500,rb_saccha_2023,0.017380144
510,rb_saccha_2023,0.018769358
520,rb_saccha_2023,0.020650721
530,rb_saccha_2023,0.02324779
540,rb_saccha_2023,0.02674856
550,rb_saccha_2023,0.031756717
560,rb_saccha_2023,0.040685031
570,rb_saccha_2023,0.051081412
580,rb_saccha_2023,0.055964396
590,rb_saccha_2023,0.056995558
600,rb_saccha_2023,0.063211353
610,rb_saccha_2023,0.057734433
620,rb_saccha_2023,0.046669873
630,rb_saccha_2023,0.043261893
640,rb_saccha_2023,0.042625613
650,rb_saccha_2023,0.047092504
660,rb_saccha_2023,0.032946988
670,rb_saccha_2023,0.026123516
680,rb_saccha_2023,0.039758387
690,rb_saccha_2023,0.073677239
700,rb_saccha_2023,0.157168721
710,rb_saccha_2023,0.267540761
720,rb_saccha_2023,0.466542809
730,rb_saccha_2023,0.656464689
740,rb_saccha_2023,0.643261903
750,rb_saccha_2023,0.581943118
400,rb_saccha_bri_2023,0.041837306
410,rb_saccha_bri_2023,0.039074421
420,rb_saccha_bri_2023,0.037554765
430,rb_saccha_bri_2023,0.037022342
440,rb_saccha_bri_2023,0.037414122
450,rb_saccha_bri_2023,0.038655522
460,rb_saccha_bri_2023,0.039509452
470,rb_saccha_bri_2023,0.040701354
480,rb_saccha_bri_2023,0.042914326
490,rb_saccha_bri_2023,0.044114127
500,rb_saccha_bri_2023,0.045192505
510,rb_saccha_bri_2023,0.047696726
520,rb_saccha_bri_2023,0.051220831
530,rb_saccha_bri_2023,0.05570251
540,rb_saccha_bri_2023,0.061050252
550,rb_saccha_bri_2023,0.068844374
560,rb_saccha_bri_2023,0.081208667
570,rb_saccha_bri_2023,0.09558313
580,rb_saccha_bri_2023,0.102425177
590,rb_saccha_bri_2023,0.104576443
600,rb_saccha_bri_2023,0.112799918
610,rb_saccha_bri_2023,0.108603635
620,rb_saccha_bri_2023,0.096328795
630,rb_saccha_bri_2023,0.091970369
640,rb_saccha_bri_2023,0.091973066
650,rb_saccha_bri_2023,0.098029733
660,rb_saccha_bri_2023,0.074755547
670,rb_saccha_bri_2023,0.056477694
680,rb_saccha_bri_2023,0.070082711
690,rb_saccha_bri_2023,0.118578821
700,rb_saccha_bri_2023,0.225688576
710,rb_saccha_bri_2023,0.336413924
720,rb_saccha_bri_2023,0.501382144
730,rb_saccha_bri_2023,0.685774705
740,rb_saccha_bri_2023,0.655488208
750,rb_saccha_bri_2023,0.582327504
400,rb_sand_2019,0.096740005
410,rb_sand_2019,0.098628925
420,rb_sand_2019,0.10113246
430,rb_sand_2019,0.104348872
440,rb_sand_2019,0.1077725
450,rb_sand_2019,0.110989808
460,rb_sand_2019,0.113856486
470,rb_sand_2019,0.116160935
480,rb_sand_2019,0.118894599
490,rb_sand_2019,0.121568879
500,rb_sand_2019,0.125446604
510,rb_sand_2019,0.129683041
520,rb_sand_2019,0.134332581
530,rb_sand_2019,0.139148147
540,rb_sand_2019,0.144200072
550,rb_sand_2019,0.149008004
560,rb_sand_2019,0.154278208
570,rb_sand_2019,0.159335467
580,rb_sand_2019,0.163408164
590,rb_sand_2019,0.16619167
600,rb_sand_2019,0.168310898
610,rb_sand_2019,0.169436281
620,rb_sand_2019,0.169868217
630,rb_sand_2019,0.170374968
640,rb_sand_2019,0.170910293
650,rb_sand_2019,0.171894221
660,rb_sand_2019,0.170400879
670,rb_sand_2019,0.168049611
680,rb_sand_2019,0.169509363
690,rb_sand_2019,0.173446608
700,rb_sand_2019,0.177212652
710,rb_sand_2019,0.178557878
720,rb_sand_2019,0.179438783
730,rb_sand_2019,0.180150281
740,rb_sand_2019,0.180786855
750,rb_sand_2019,0.181752387
400,rb_sand_2023,0.04528434
410,rb_sand_2023,0.045194853
420,rb_sand_2023,0.046077473
430,rb_sand_2023,0.047625197
440,rb_sand_2023,0.049142816
450,rb_sand_2023,0.052349419
460,rb_sand_2023,0.055605789
470,rb_sand_2023,0.057756514
480,rb_sand_2023,0.059600334
490,rb_sand_2023,0.060432349
500,rb_sand_2023,0.06254714
510,rb_sand_2023,0.066040099
520,rb_sand_2023,0.069388819
530,rb_sand_2023,0.071658582
540,rb_sand_2023,0.072794721
550,rb_sand_2023,0.07331109
560,rb_sand_2023,0.074406879
570,rb_sand_2023,0.07604442
580,rb_sand_2023,0.081907746
590,rb_sand_2023,0.086844242
600,rb_sand_2023,0.088817725
610,rb_sand_2023,0.086200816
620,rb_sand_2023,0.084956863
630,rb_sand_2023,0.085643452
640,rb_sand_2023,0.086936703
650,rb_sand_2023,0.088111594
660,rb_sand_2023,0.084936528
670,rb_sand_2023,0.078508028999999993
680,rb_sand_2023,0.079156572
690,rb_sand_2023,0.087302927
700,rb_sand_2023,0.104925017
710,rb_sand_2023,0.128308803
720,rb_sand_2023,0.172721249
730,rb_sand_2023,0.202047479
740,rb_sand_2023,0.182974821
750,rb_sand_2023,0.153221588
