class,wavelength,r_rs_b_mean,r_rs_b_sd
agar,338.5,0.004069488759013164,0.001466414250572556
agar,340.2,0.004042955673983899,7.132280834723282e-4
agar,341.8,0.003942705270575504,7.287765571502266e-4
agar,343.4,0.003608635708253617,0.0016930924839234302
agar,345.1,0.00394970212096903,9.531006051180358e-4
agar,346.7,0.0029593752253852254,0.0016501673133796513
agar,348.4,0.0037358296712550554,9.086938655495335e-4
agar,350,0.004075641749554805,0.0021144715279277364
agar,351.6,0.003963041970878202,0.00145694594328131
agar,353.3,0.004369148344080769,0.0010525897843476524
agar,354.9,0.0042233453705051984,0.001030798724574674
agar,356.5,0.003694814746519292,0.0020465163188670356
agar,358.2,0.003353208340679928,0.0026701319187794354
agar,359.8,0.0037165655795812613,0.0022896852440659047
agar,361.4,0.003230212069592716,0.00224502791586488
agar,363.1,0.00306929194165146,8.464380995522418e-4
agar,364.7,0.0035827832515589807,9.343378067702841e-4
agar,366.3,0.003969891998028548,0.0010373883481720571
agar,368,0.00372157630959439,0.0013017118993435314
agar,369.6,0.003369929712659864,0.0017203250452480444
agar,371.2,0.003520525709963089,0.0011467720242028792
agar,372.8,0.003369396975843846,0.0010894520118700291
agar,374.5,0.00321620768380464,7.47573804490838e-4
agar,376.1,0.0029580031144522895,9.471177156779836e-4
agar,377.7,0.003059981328709809,0.0011807061437750105
agar,379.4,0.003231841987607206,0.00140357295469292
agar,381,0.0032441774902994456,9.27563247302028e-4
agar,382.6,0.002912956189263037,0.001132427630021436
agar,384.2,0.003063765642171044,0.0010737655406230409
agar,385.8,0.002823581199892953,6.990508934978323e-4
agar,387.5,0.002999045962286239,0.0012397647773827838
agar,389.1,0.003095449586172012,0.0013765723992162904
agar,390.7,0.0028947320454187015,0.0012794996309958
agar,392.3,0.0030219846669784457,9.58314076035568e-4
agar,394,0.0028531949633379965,8.914644568327237e-4
agar,395.6,0.0028328628684299853,9.901551136025288e-4
agar,397.2,0.002801178929807109,0.0011539361230041851
agar,398.8,0.0027689509393887964,0.0011380165532358468
agar,400.4,0.0028044901483871634,9.514230779656928e-4
agar,402,0.0027417773910313895,7.826493880451128e-4
agar,403.6,0.0026578276038693206,8.459477621568239e-4
agar,405.3,0.0026806408565204325,9.071637262949272e-4
agar,406.9,0.0027094807337657272,8.156031866956248e-4
agar,408.5,0.0026799813583675385,9.051402554508894e-4
agar,410.1,0.002618315358704544,9.654497336685863e-4
agar,411.7,0.0026295492014451563,9.886902428240768e-4
agar,413.3,0.002568064507987181,9.698469250217001e-4
agar,414.9,0.0025383941658631186,8.837105842238542e-4
agar,416.5,0.002558604422335047,8.863841644263474e-4
agar,418.2,0.0025726984732818104,8.930432171372822e-4
agar,419.8,0.002554415782524928,9.443451182998371e-4
agar,421.4,0.0025475451301467758,9.291620746576369e-4
agar,423,0.0025183216296398234,9.121627549567886e-4
agar,424.6,0.0025100220890767935,9.147180618683397e-4
agar,426.2,0.0025111063187834193,9.198350982248485e-4
agar,427.8,0.0024847744544710336,9.471282874840815e-4
agar,429.4,0.00248995903417017,9.783098840433593e-4
agar,431,0.002489664735038353,9.733896449270796e-4
agar,432.6,0.0025018299100024698,9.762306771196247e-4
agar,434.2,0.0025033328776101833,9.669767006117917e-4
agar,435.8,0.0025072657817331425,9.879500306424177e-4
agar,437.4,0.002505130788479917,9.965793191111653e-4
agar,439,0.0025143218931912943,0.0010056139809911128
agar,440.6,0.002524859310964909,0.0010119125437648353
agar,442.2,0.0025269854334570075,0.0010191662539106208
agar,443.8,0.0025374233903366285,0.001037782886426984
agar,445.4,0.002551276678134516,0.001041877047966718
agar,447,0.0025726256020651337,0.0010652052346935147
agar,448.6,0.0025894696801221253,0.0010880724197800677
agar,450.2,0.0026017212470406128,0.0010927561544211064
agar,451.8,0.002624320893697436,0.0010974781105003734
agar,453.4,0.0026363786854243384,0.0011082673507870127
agar,455,0.0026536856867514728,0.0011280999728790393
agar,456.6,0.0026641827099119016,0.0011449941437181106
agar,458.2,0.0026701329144101027,0.0011567692288586666
agar,459.8,0.002681257081415302,0.0011666927775307984
agar,461.4,0.0026930200484954533,0.001182948085610546
agar,463,0.0026964257487410246,0.0011933395723027875
agar,464.6,0.0027152924729811163,0.0012072969371797785
agar,466.2,0.0027264531744626763,0.0012136355336054543
agar,467.8,0.002747982028795403,0.0012290244803558825
agar,469.3,0.0027676092836406755,0.00124661987830409
agar,470.9,0.002787382907331111,0.0012566562749610044
agar,472.5,0.0028084597598703916,0.0012610958401003917
agar,474.1,0.0028359425548810466,0.0012748173694965188
agar,475.7,0.002855143831067987,0.001293469579066727
agar,477.3,0.002885546283380356,0.0013019632350519015
agar,478.9,0.0029155936012859565,0.001318207825231343
agar,480.5,0.002939135264055146,0.0013251159078400325
agar,482,0.002959975288761868,0.001327757898469698
agar,483.6,0.0029706713291797436,0.0013373308242034026
agar,485.2,0.00298766514936394,0.0013488891237988891
agar,486.8,0.003001799101660935,0.0013554600508420716
agar,488.4,0.0030149754554316044,0.001366433270313991
agar,490,0.003025936308850415,0.001375485117804863
agar,491.5,0.0030272769554881515,0.0013884737890294463
agar,493.1,0.0030344723550926045,0.0013960008299434288
agar,494.7,0.003041644132447921,0.0014081601514205715
agar,496.3,0.0030505459661172695,0.0014212011955983385
agar,497.8,0.0030683502458566316,0.0014282515229804016
agar,499.4,0.0030859056809277923,0.0014409144733574868
agar,501,0.0031007475758156036,0.0014533700842218357
agar,502.6,0.0031222753929425755,0.001471831514128723
agar,504.1,0.003145945979892114,0.0014853161712703176
agar,505.7,0.003171459801516753,0.0015006484871286894
agar,507.3,0.0031997422785928556,0.0015151802294990494
agar,508.9,0.0032242686645846163,0.001532696372689404
agar,510.5,0.003253049011330854,0.0015502185937221805
agar,512,0.0032846523951859984,0.0015639167345828829
agar,513.6,0.0033108536497506993,0.0015772705798675272
agar,515.2,0.003341512639328495,0.001595910653167548
agar,516.7,0.0033745872737336972,0.0016039627410115787
agar,518.3,0.0034084058399543524,0.001616986047193785
agar,519.9,0.0034392382248492758,0.0016311318972971034
agar,521.5,0.0034712044372353507,0.0016435053510798238
agar,523,0.0035031734978592617,0.0016590318325897851
agar,524.6,0.0035349338162912122,0.0016705498769457163
agar,526.2,0.003567096823860991,0.0016869705651742393
agar,527.7,0.0036035034494364447,0.0017065202512007412
agar,529.3,0.0036422666825150713,0.001723488242483181
agar,530.8,0.003685003402738762,0.0017348841619933921
agar,532.4,0.003728614266432813,0.0017479636582410777
agar,534,0.0037713681583801573,0.0017684803388088497
agar,535.5,0.0038186327349946465,0.001780885736573295
agar,537.1,0.003867048598877063,0.0017951692625429378
agar,538.7,0.003920847748124558,0.001806769628009388
agar,540.2,0.0039748090271901435,0.0018212556680387822
agar,541.8,0.004038888098646084,0.0018423722009767716
agar,543.3,0.004106635743082674,0.001856249267774867
agar,544.9,0.004181557083739379,0.0018672844922651157
agar,546.5,0.004260523824166144,0.0018747603858127798
agar,548,0.004350425557214899,0.0018860017065498054
agar,549.6,0.004454022985897986,0.0018977508568012104
agar,551.2,0.004569637051968988,0.0019058831225722897
agar,552.7,0.004699646947239767,0.0019120136341110071
agar,554.3,0.004843356504083048,0.0019133841399477521
agar,555.8,0.004996905927663753,0.0019089500277034322
agar,557.4,0.005168546787842958,0.0019025162717927714
agar,558.9,0.005356290487484637,0.0018915154460894148
agar,560.5,0.005560703291766152,0.0018802637593663995
agar,562,0.005774248823099267,0.0018599004990993194
agar,563.6,0.006002409293028815,0.0018324626868512406
agar,565.1,0.006233345088965446,0.001797121233179203
agar,566.7,0.006464173343141042,0.0017653412216386084
agar,568.2,0.006691961393336408,0.001736457762373757
agar,569.8,0.006902002593217197,0.0017038907069990992
agar,571.3,0.007099017381722441,0.0016832560171272661
agar,572.9,0.007285974061135878,0.0016697085494366973
agar,574.4,0.007450577473221688,0.0016559923772630043
agar,576,0.007601503519979581,0.0016466661770192378
agar,577.5,0.007731329473343558,0.0016497576203514986
agar,579.1,0.007832558672192716,0.0016651558198704825
agar,580.6,0.007906090723586372,0.0016957828288215434
agar,582.2,0.007957524349859739,0.0017345827985622271
agar,583.7,0.007995521702797017,0.0017781124916696931
agar,585.2,0.008033977983552518,0.0018120189598002773
agar,586.8,0.008082837971081827,0.00184288785617642
agar,588.3,0.00814231225143165,0.0018645520148674697
agar,589.9,0.008234717027511653,0.0019000037913259398
agar,591.4,0.008351472370156987,0.0019489538195808667
agar,593,0.008504885729132078,0.0019860596027004487
agar,594.5,0.008693471381214873,0.0019939887380717304
agar,596,0.008919018403981571,0.0019924969327257333
agar,597.6,0.009147603905816403,0.0019728138596246014
agar,599.1,0.009370777370995247,0.0019539865646291347
agar,600.7,0.009546340410394195,0.0019360743650873315
agar,602.2,0.009646887221291058,0.0019389289162095237
agar,603.7,0.009643679372466223,0.001964940519648739
agar,605.3,0.009549697187198107,0.002016515265026972
agar,606.8,0.009361922037508064,0.0020781217992432025
agar,608.3,0.009114975372782908,0.0021505781901808066
agar,609.9,0.00882553995927281,0.0022086586863063343
agar,611.4,0.008519563820018998,0.002283178320908657
agar,612.9,0.008232093784160784,0.002333196932035901
agar,614.5,0.007948082926422257,0.002365836901422862
agar,616,0.007706059035779507,0.002406215021110257
agar,617.5,0.007487689608873407,0.0024648964543973043
agar,619,0.00730852682120135,0.0024922177846854222
agar,620.6,0.007178587098594426,0.0025348515681267265
agar,622.1,0.0070966634036603755,0.00253519647286784
agar,623.6,0.007033874703623709,0.002549157272322498
agar,625.2,0.00698999038045409,0.002578312787128214
agar,626.7,0.006952833474357753,0.002614033219499895
agar,628.2,0.0069050195277371865,0.0026075953544809414
agar,629.7,0.006863793830906481,0.0026194643709579477
agar,631.3,0.006784346753361642,0.002625903343625783
agar,632.8,0.0067043665146071865,0.002645210073130676
agar,634.3,0.006657179779780533,0.002675374566899452
agar,635.8,0.00661321661568668,0.0027185509255595237
agar,637.3,0.0066130396989824754,0.0027457993853945055
agar,638.9,0.006675895716556322,0.002786762409915482
agar,640.4,0.0067896372660640955,0.0028278542253146175
agar,641.9,0.0069816011463270464,0.0028316533725534086
agar,643.4,0.007158859917538103,0.0028436946947051817
agar,644.9,0.007343819723640432,0.0028414246452259278
agar,646.5,0.00749815473202721,0.00281011675679764
agar,648,0.0076045518208745265,0.002779858098923126
agar,649.5,0.0076266076350797185,0.002773929640893313
agar,651,0.007549090383807754,0.002759818346936935
agar,652.5,0.007388389451871783,0.002706168649668719
agar,654,0.007148203540053175,0.0026636929703755946
agar,655.5,0.006894761968566254,0.002548217449241251
agar,657,0.006630011582760812,0.0024182197702718195
agar,658.6,0.00632551005271738,0.002259845985781354
agar,660.1,0.006087948630323452,0.00201578865671887
agar,661.6,0.005942399823996148,0.0016604583637282735
agar,663.1,0.005931577484389672,0.0012201217220151979
agar,664.6,0.0060833566992272315,7.161679836852042e-4
agar,666.1,0.006407517328237132,5.864871899941448e-5
agar,667.6,0.006950059006850919,6.971946715462621e-4
agar,669.1,0.007614532276865082,0.0015927883020981873
agar,670.6,0.008474397312301004,0.0026546820816172973
agar,672.1,0.009512218255906342,0.003811067598317962
agar,673.6,0.010651240898023833,0.005075554452682971
agar,675.1,0.011954364606889265,0.006358698370278061
agar,676.6,0.013321498766526368,0.007674487181882594
agar,678.1,0.014762692147002297,0.009039183701305176
agar,679.6,0.016153082553753643,0.0103987946255532
agar,681.1,0.01747937878974106,0.011633566488624063
agar,682.6,0.01881594670882605,0.012813869348389609
agar,684.1,0.020129351188877095,0.013660272563515371
agar,685.6,0.02174339402331244,0.014662804307670587
agar,687.1,0.024166637438683462,0.01631225628667261
agar,688.6,0.02632483281779067,0.017459787678153274
agar,690.1,0.02772299596045716,0.01733354834217584
agar,691.6,0.029204095910085787,0.01697889176692635
agar,693.1,0.031359252462599935,0.016792204018447096
agar,694.6,0.03445784724713048,0.01708592548593266
agar,696.1,0.038028632893210276,0.01772711716858625
agar,697.6,0.04211254109048823,0.018606383006672854
agar,699.1,0.04737105300984785,0.0204370952511695
agar,700.6,0.05348266812419192,0.022962136913425434
agar,702.1,0.0603960635421427,0.026055141411787677
agar,703.5,0.06773438997846684,0.029710842783637968
agar,705,0.07537979202258402,0.03378226583793632
agar,706.5,0.08352884872739588,0.0386707602250643
agar,708,0.09226220257020219,0.04360423206421292
agar,709.5,0.10197376161341476,0.04988396642569448
agar,711,0.11291701503872738,0.05745820002299734
agar,712.5,0.1252639458367295,0.06700360618427233
agar,713.9,0.14157500771592893,0.08012365557719106
agar,715.4,0.16013140643486118,0.09394271351541444
agar,716.9,0.18180180577356755,0.11183619612906885
agar,718.4,0.2077551232867381,0.13297633608169382
agar,719.9,0.23905930414656812,0.15709306375085705
agar,721.3,0.2614219124409237,0.1760054600594485
agar,722.8,0.2824709200481455,0.19719904317187462
agar,724.3,0.31198664822670874,0.22400964901205822
agar,725.8,0.34238021259119317,0.23605431279103598
agar,727.2,0.3530924262084647,0.24861479450548224
agar,728.7,0.3758724855902538,0.2674762288028005
agar,730.2,0.38509254857921343,0.2895134820583635
agar,731.7,0.389407978567497,0.29231741508793535
agar,733.1,0.4011922063980783,0.30532513037953196
agar,734.6,0.4039022142357987,0.3050989354904544
agar,736.1,0.39988099404777233,0.3099278699012677
agar,737.5,0.3907426134947948,0.2949405766185466
agar,739,0.3892451016549879,0.2983835195307076
agar,740.5,0.3863443325620969,0.3072652399788772
agar,742,0.38804477908231505,0.3065362176098052
agar,743.4,0.3852434313186016,0.3104638968052151
agar,744.9,0.39284327526489526,0.33103185835382787
agar,746.3,0.37344148626952184,0.3193610592798295
agar,747.8,0.36158074787718875,0.29497821574995875
agar,749.3,0.3477466418832911,0.2734595616867587
agar,750.7,0.34233719177598887,0.27705125302787714
agar,752.2,0.3400006167995606,0.26511567329657615
agar,753.7,0.33313438250226657,0.2626517521203246
agar,755.1,0.31698152632250787,0.2382031239726262
agar,756.6,0.2962956264667227,0.2247076115258411
agar,758,0.2755991874571408,0.21118999366272503
agar,759.5,0.27693079538804244,0.22359155214627138
agar,760.9,0.2545554346266972,0.20770552306444784
agar,762.4,0.23404738803631675,0.18918977004737042
agar,763.8,0.22836502352126625,0.1854494513861944
agar,765.3,0.22367331202529803,0.18166363982188696
agar,766.8,0.2057164502669969,0.1648778848625608
agar,768.2,0.20382653059410558,0.15589345751010192
agar,769.7,0.18880354823785406,0.14412764513548448
agar,771.1,0.16838588775214958,0.1310001776609851
agar,772.5,0.15660411998037344,0.12062910369339364
agar,774,0.1497605126662848,0.1258359956398243
agar,775.4,0.14147422090903145,0.11182478088092648
agar,776.9,0.13924791883962595,0.09890872445883002
agar,778.3,0.1349960831850994,0.103395095881135
agar,779.8,0.12643663721055193,0.0912776541642906
agar,781.2,0.11861142929199105,0.08504661228370239
agar,782.7,0.11950459881808159,0.08232860888383366
agar,784.1,0.11677941218744559,0.08244518675628468
agar,785.5,0.11008776907279878,0.07691233134128758
agar,787,0.10881546759999101,0.07119076896339914
agar,788.4,0.10193936857364332,0.07718371273970845
agar,789.8,0.09897499990014814,0.07693215961952288
agar,791.3,0.089852816906887,0.06799746288022689
agar,792.7,0.09124915054515642,0.06602274891138844
agar,794.1,0.09601523155477068,0.06883130192201058
agar,795.6,0.09665119722784628,0.055651994108400805
agar,797,0.09230930392964679,0.06750491594707096
agar,798.4,0.07887262160943352,0.06031827454762778
agar,799.9,0.07697706892480938,0.05482399165851412
alaria,338.5,0.005190123698095267,0.006426399795181993
alaria,340.2,0.0048571886728935405,0.004744567793954219
alaria,341.8,0.004809709475995669,0.0034290104127145315
alaria,343.4,0.005141841659341989,0.002739091567512914
alaria,345.1,0.0063301240901834695,0.002852893135383596
alaria,346.7,0.006390726173907945,0.007532332425377285
alaria,348.4,0.0050746980930418345,0.005175764824814506
alaria,350,0.006761092504541164,0.006186793753860359
alaria,351.6,0.0055776460476102485,0.0021516530828070224
alaria,353.3,0.006422565107859389,0.004117855489172877
alaria,354.9,0.007427637613765176,0.00685444739881578
alaria,356.5,0.004016815577190773,0.0050153286729032074
alaria,358.2,0.0036325210920106726,0.0049204615295285956
alaria,359.8,0.001889394605310772,0.0037387645034166347
alaria,361.4,0.0037329967924413887,0.005933438520865358
alaria,363.1,0.003690921081518645,0.0028348592225565026
alaria,364.7,0.005408233851734302,0.0029917032366580183
alaria,366.3,0.0051613209178521784,0.005156145229680921
alaria,368,0.005218402335412706,0.004409169429268521
alaria,369.6,0.006517845996495661,0.005324460989450333
alaria,371.2,0.0055891540468357434,0.007441245249046796
alaria,372.8,0.005114498868788939,0.005509587643735165
alaria,374.5,0.005067339997703454,0.004921956320778571
alaria,376.1,0.005767645603553259,0.003171355992504865
alaria,377.7,0.005048777549059318,0.0020894139123517836
alaria,379.4,0.0050263364713568435,0.001085777528979062
alaria,381,0.004406350278910301,0.0026213902751154707
alaria,382.6,0.004521865354808172,0.0026476607430587443
alaria,384.2,0.004841211922485126,0.002410357622754935
alaria,385.8,0.00536763139805144,0.0027529558008185322
alaria,387.5,0.004457219290637163,0.0028754968074716745
alaria,389.1,0.004982518002852213,0.0030032234661809894
alaria,390.7,0.004000512155664009,0.0021363189573560207
alaria,392.3,0.0035400008112967496,0.0016530804387892384
alaria,394,0.004399751293783438,0.0024152900355704607
alaria,395.6,0.003973022137263845,0.002207564569133439
alaria,397.2,0.004152531267306349,0.002185869464922185
alaria,398.8,0.003760705826034594,0.0018691786497994352
alaria,400.4,0.003218514878258985,0.0016310857666884738
alaria,402,0.0029693972673358283,0.0011114985714667828
alaria,403.6,0.0030622290822947392,0.001383131721107653
alaria,405.3,0.0032579460840138365,0.0015762194123997266
alaria,406.9,0.00330089779764407,0.0018616971663680763
alaria,408.5,0.003095774607906075,0.0018089024628322183
alaria,410.1,0.0029249905638573364,0.0015677975371111551
alaria,411.7,0.0028471980651134073,0.00143206321603304
alaria,413.3,0.0026476887229664914,0.0012855047687401122
alaria,414.9,0.0027146911005489225,0.0015424109565306912
alaria,416.5,0.002574099532614753,0.001338163091005065
alaria,418.2,0.0026297637894116305,0.001305061016312119
alaria,419.8,0.0025194117935700465,0.0012554647666907965
alaria,421.4,0.0025342645201858554,0.001284258867402789
alaria,423,0.002396209585167404,0.0011561447398207175
alaria,424.6,0.0024132881174753823,0.0012770535386518176
alaria,426.2,0.0023887942126891706,0.001169334754778191
alaria,427.8,0.0023806611757031092,0.0010804584802635998
alaria,429.4,0.0023241062511452997,0.0010217943130568425
alaria,431,0.0022189765911835918,0.001003544049352187
alaria,432.6,0.0021465314177332127,0.001088553337787711
alaria,434.2,0.0021428389268741484,0.0010948993162113025
alaria,435.8,0.0021345132915377776,0.0011234637223574786
alaria,437.4,0.002100651914313202,0.001039376543846519
alaria,439,0.0021069577923254553,0.0010689027462026037
alaria,440.6,0.002105988548046532,0.0010602787774530108
alaria,442.2,0.0021126651906769357,0.0010633065228310055
alaria,443.8,0.002108043380923583,0.0010580239823793258
alaria,445.4,0.0021343094183697373,0.0010330040113736615
alaria,447,0.0021740109701424586,0.00109144947067774
alaria,448.6,0.002219048946775444,0.0011138502420630805
alaria,450.2,0.002227623763169324,0.0010821696639467164
alaria,451.8,0.002242988157733913,0.0010779551214917624
alaria,453.4,0.0022582565369702145,0.001124321270000569
alaria,455,0.002314126737537159,0.0011809528791513152
alaria,456.6,0.0023124288772525653,0.0011566269577140305
alaria,458.2,0.0023207705671789754,0.0011436567884351857
alaria,459.8,0.002325669324716354,0.0011736915665065397
alaria,461.4,0.0023561094423696595,0.0011842312134990307
alaria,463,0.002328687721915972,0.0011419701160186185
alaria,464.6,0.0023814899545111707,0.0011668749949298055
alaria,466.2,0.002435185048978389,0.0012107097794823898
alaria,467.8,0.002465196623566682,0.0012406284809088391
alaria,469.3,0.002508664253830361,0.0012543755714357046
alaria,470.9,0.0025714948640880053,0.0012726722950451134
alaria,472.5,0.0026341961101403267,0.0013141524250618007
alaria,474.1,0.0027130604018430005,0.0013444532641207927
alaria,475.7,0.0027711328994452253,0.0013837367099303886
alaria,477.3,0.002821168875062784,0.00138041365825522
alaria,478.9,0.002896608316390813,0.0014090273098494044
alaria,480.5,0.002949885932997069,0.0014414866852511033
alaria,482,0.0029893956681199176,0.0014526078114546327
alaria,483.6,0.0030150840479546285,0.0014729886439444088
alaria,485.2,0.0030440205049151463,0.0014900988415038495
alaria,486.8,0.003060401202973719,0.001506899757812159
alaria,488.4,0.003070397995481268,0.0015134843259071587
alaria,490,0.0030823613561408157,0.0015079055297965267
alaria,491.5,0.0030984471678730855,0.0015208742214181303
alaria,493.1,0.0031137757336152823,0.0015102329213878918
alaria,494.7,0.0031184917900122485,0.0015316291260100473
alaria,496.3,0.003154496076405408,0.0015476283237844757
alaria,497.8,0.0031775143098781754,0.0015692436227814268
alaria,499.4,0.0032225341833981612,0.001572644246628858
alaria,501,0.003261671119384538,0.0015855683726229443
alaria,502.6,0.0033165844145147338,0.0016284197214652659
alaria,504.1,0.0034070470834308476,0.0016727488504170644
alaria,505.7,0.003472305854451409,0.001677906748043224
alaria,507.3,0.0035508372091704013,0.0017149068868153737
alaria,508.9,0.0036232417780779854,0.0017378916398914698
alaria,510.5,0.003705571717737931,0.0017794220306427552
alaria,512,0.003798720523585238,0.0018248967331011558
alaria,513.6,0.0038894886749785457,0.001858473158788433
alaria,515.2,0.00399246833372553,0.0018995643434579375
alaria,516.7,0.004096904056859769,0.0019233851133707784
alaria,518.3,0.00420236400796494,0.0019673566994939874
alaria,519.9,0.004298654825856989,0.0020001108784108205
alaria,521.5,0.0044019299178011066,0.0020393116839859293
alaria,523,0.004495050476084309,0.002081112692769458
alaria,524.6,0.004606224815469848,0.002140704107862818
alaria,526.2,0.0047075611637912304,0.0021621185532997053
alaria,527.7,0.0048356519240136606,0.0022140917745139825
alaria,529.3,0.004959616672232564,0.002269601018739907
alaria,530.8,0.005081926881090375,0.002325714650959227
alaria,532.4,0.005203203280576752,0.002380573453827854
alaria,534,0.005344225479589087,0.0024218141181916453
alaria,535.5,0.005475538418026867,0.002472667017647515
alaria,537.1,0.0056319262685346014,0.0025267817210003
alaria,538.7,0.005793329616972457,0.0025933877774053592
alaria,540.2,0.005970143567857326,0.0026639976367701934
alaria,541.8,0.006161890812026833,0.002748350384051338
alaria,543.3,0.0063718365893606875,0.0028282181299468085
alaria,544.9,0.006600432533748866,0.0029111064304875407
alaria,546.5,0.006848304934042157,0.0030059817130286353
alaria,548,0.007118517716183756,0.0030943071113288603
alaria,549.6,0.007433592263318611,0.0032017773031531005
alaria,551.2,0.007767046317936656,0.003313545248788413
alaria,552.7,0.00815127298449974,0.0034470807783970932
alaria,554.3,0.008552959655192083,0.0035792884660667216
alaria,555.8,0.008968145152958717,0.0037043362296717334
alaria,557.4,0.00942678535834806,0.0038541383087767715
alaria,558.9,0.009902932234485736,0.00400117221895153
alaria,560.5,0.010413647234489358,0.004162304149856987
alaria,562,0.010939773196258938,0.004329628711808446
alaria,563.6,0.011451612746236978,0.0044627383358668915
alaria,565.1,0.011951966258483266,0.004609944705665633
alaria,566.7,0.012416440128027197,0.004727314938028483
alaria,568.2,0.012830865418289292,0.004828411689037477
alaria,569.8,0.013194580505258877,0.004897297142687095
alaria,571.3,0.01352660662668762,0.004980060667134385
alaria,572.9,0.013788713707976885,0.0050161008132397315
alaria,574.4,0.013990103540578114,0.005017935690345041
alaria,576,0.014142526874117918,0.00500748555483141
alaria,577.5,0.014239780816262242,0.004995512651334136
alaria,579.1,0.014301796220816407,0.004986793029992032
alaria,580.6,0.014310295361227349,0.004958322830821268
alaria,582.2,0.014294477734647908,0.004953572162106314
alaria,583.7,0.0142486512543786,0.004925380413021128
alaria,585.2,0.014189085441370234,0.004880240048703201
alaria,586.8,0.014160134181927155,0.004840896656095065
alaria,588.3,0.014152486195262468,0.00478694457388574
alaria,589.9,0.014208690369656872,0.004760679819581176
alaria,591.4,0.014367434015216058,0.004799091243024325
alaria,593,0.014574060813427147,0.004828641033492228
alaria,594.5,0.0148195951389383,0.004869037058881539
alaria,596,0.015091479576474462,0.004888994161423555
alaria,597.6,0.015352830714717308,0.0049320700886049534
alaria,599.1,0.015558380894843925,0.0049273999208054
alaria,600.7,0.015698136492428114,0.0049263058096507654
alaria,602.2,0.015708964233066953,0.004894772151755452
alaria,603.7,0.015594163435016878,0.004902262363482156
alaria,605.3,0.015341070075076298,0.004841646049631638
alaria,606.8,0.014955421724382812,0.004781266867135035
alaria,608.3,0.014477473029976737,0.004693461254432878
alaria,609.9,0.013925048402154968,0.004540695255227464
alaria,611.4,0.013339729881771645,0.0043901230238131495
alaria,612.9,0.012802413022910086,0.004247468064525023
alaria,614.5,0.012292372446091207,0.004147624626211842
alaria,616,0.011836817137376747,0.004041170535753873
alaria,617.5,0.011431856852018488,0.003942381141118474
alaria,619,0.0110861006924139,0.0038616751576852505
alaria,620.6,0.010802613919569926,0.0037696287120921592
alaria,622.1,0.010588472010387354,0.003693580336598071
alaria,623.6,0.010434213854646433,0.003596225508609835
alaria,625.2,0.01029522742313845,0.003581200119288683
alaria,626.7,0.01020285300324541,0.003525875853511408
alaria,628.2,0.010098422657126103,0.0035533169423458705
alaria,629.7,0.009990416744644437,0.0035348034788114458
alaria,631.3,0.009799226872081368,0.0034403242775010896
alaria,632.8,0.009632152000204695,0.0033833960627815594
alaria,634.3,0.009467012349780686,0.0033315933653054798
alaria,635.8,0.009423459205282647,0.0033377366645113904
alaria,637.3,0.009442022260320265,0.0033551699522095845
alaria,638.9,0.00958992833438764,0.0034146541159485056
alaria,640.4,0.009807050942211423,0.003465888834355882
alaria,641.9,0.010061253963009048,0.003511758663382606
alaria,643.4,0.010393779023603474,0.003561337871643663
alaria,644.9,0.01064779926059606,0.003602051333215042
alaria,646.5,0.010800396841443011,0.003621065316838052
alaria,648,0.010917084100211619,0.0036007391569010134
alaria,649.5,0.010880764060527556,0.00359576154683407
alaria,651,0.010636394256367462,0.003544869803742062
alaria,652.5,0.010233949418930176,0.003425779991269065
alaria,654,0.009781929431707252,0.003389488987218957
alaria,655.5,0.009225878037767095,0.003134053836769513
alaria,657,0.00845679904031381,0.0028619057086620805
alaria,658.6,0.00772384625829913,0.0026666956754556816
alaria,660.1,0.006981590960827241,0.0024700969637860932
alaria,661.6,0.006499881026933617,0.002375668224071297
alaria,663.1,0.006104211907156838,0.0023950230923359527
alaria,664.6,0.005809334154396616,0.0023675588296428224
alaria,666.1,0.005770961880184418,0.0025824042153967434
alaria,667.6,0.006042985323318167,0.0029617480862723223
alaria,669.1,0.006481289953642656,0.003366852865875807
alaria,670.6,0.007120240209861371,0.004069471190383813
alaria,672.1,0.007935924308721684,0.0047400651517209074
alaria,673.6,0.008849439662274469,0.0056182864135788544
alaria,675.1,0.009844705235179734,0.006466057458657834
alaria,676.6,0.01088808615740397,0.007334097592887652
alaria,678.1,0.011955638903512021,0.008171625656544087
alaria,679.6,0.013078134376715244,0.00892493307683724
alaria,681.1,0.014134804586280192,0.009673144083791234
alaria,682.6,0.015073116137161818,0.010229708547444028
alaria,684.1,0.016113246028290455,0.010830469997671928
alaria,685.6,0.017571684641459206,0.01151195758015984
alaria,687.1,0.019871882960734222,0.012421307156414403
alaria,688.6,0.022029598462815596,0.01295897640301637
alaria,690.1,0.023765998927983603,0.012758172706993472
alaria,691.6,0.02546775334605486,0.01245783819772982
alaria,693.1,0.02795943054833277,0.01242648937357742
alaria,694.6,0.03118364607934113,0.01262291251686393
alaria,696.1,0.0345891263718801,0.01288702106890497
alaria,697.6,0.038390852074793994,0.013482566939434433
alaria,699.1,0.04285756193249333,0.014431738923344137
alaria,700.6,0.04790435803342879,0.015678714101339385
alaria,702.1,0.05300060518421846,0.01693135901613605
alaria,703.5,0.05806579363439783,0.01844154892435034
alaria,705,0.06341685517494239,0.019798374410594417
alaria,706.5,0.06851750683974606,0.021589687756202878
alaria,708,0.07390663548920906,0.023444207051559904
alaria,709.5,0.07940204177515435,0.02544339068374069
alaria,711,0.08459656717953286,0.028020678854413054
alaria,712.5,0.09053068133860764,0.03158690765447954
alaria,713.9,0.09758645570357799,0.03603508816451066
alaria,715.4,0.1067041013020492,0.04066685084462679
alaria,716.9,0.11718510352703461,0.047442620811006884
alaria,718.4,0.13212102101776999,0.05492223798209104
alaria,719.9,0.14837146185785188,0.06479189711548071
alaria,721.3,0.1630029431919152,0.07349747573660965
alaria,722.8,0.17856865041126885,0.08336069486645889
alaria,724.3,0.19379150849538215,0.09225851112686487
alaria,725.8,0.2128835116832276,0.09988980940614932
alaria,727.2,0.2272296704393718,0.10720343425433265
alaria,728.7,0.23474701521036279,0.11302979559226023
alaria,730.2,0.25224346708370476,0.11370978616742947
alaria,731.7,0.2551393971654727,0.12046083320050316
alaria,733.1,0.2592822868336062,0.1263778169075602
alaria,734.6,0.264933611243018,0.12657915426081462
alaria,736.1,0.2575377362863902,0.12527906731513402
alaria,737.5,0.25983034706112773,0.12194771912417514
alaria,739,0.2590775767538703,0.11578462016815395
alaria,740.5,0.2539340531618579,0.11608909179183942
alaria,742,0.2513983299827537,0.11907436407446743
alaria,743.4,0.25297390578964934,0.12354653139395273
alaria,744.9,0.25381095891063266,0.12362160465660635
alaria,746.3,0.2479427301919334,0.12413748400576663
alaria,747.8,0.2473686640373404,0.12346311176169225
alaria,749.3,0.24450388369362894,0.11633868937575953
alaria,750.7,0.24148727338543077,0.11598496828625639
alaria,752.2,0.22869265928868465,0.11728027015925807
alaria,753.7,0.22176046821936335,0.10401340810343403
alaria,755.1,0.21691325523177826,0.10546322629177107
alaria,756.6,0.20398251366700262,0.10807165764214902
alaria,758,0.19847238722816454,0.09898063449452489
alaria,759.5,0.1896794130951664,0.10008070524430944
alaria,760.9,0.1884818432063129,0.1019562077300848
alaria,762.4,0.1871116861215087,0.0907709257961915
alaria,763.8,0.18013809702720657,0.08881373907543091
alaria,765.3,0.1745792913554278,0.07687488463936598
alaria,766.8,0.15812159826299374,0.07605851771186808
alaria,768.2,0.14551190759733526,0.0648748549906292
alaria,769.7,0.14156759658872586,0.0753738088110834
alaria,771.1,0.13391535729544746,0.0774640993295157
alaria,772.5,0.1161452185446293,0.0661016546433741
alaria,774,0.10239183788060677,0.06083224516606524
alaria,775.4,0.10834553641903587,0.04874113825421883
alaria,776.9,0.11306473569881875,0.043314199528094253
alaria,778.3,0.1074566982196255,0.04258197421035493
alaria,779.8,0.1082206222154791,0.048408988778110215
alaria,781.2,0.10671011505328237,0.04927148858214866
alaria,782.7,0.08618114651556483,0.05642303771285323
alaria,784.1,0.07994173394364618,0.040666007825283915
alaria,785.5,0.08737582108044427,0.03711480023185827
alaria,787,0.08349873831666989,0.0456580865803925
alaria,788.4,0.09117117692059115,0.04612748318137041
alaria,789.8,0.0824539024665169,0.04523703347940923
alaria,791.3,0.07485891950585503,0.048914259242748975
alaria,792.7,0.06841431700634368,0.03799880392928728
alaria,794.1,0.08013372032050219,0.0381460337222209
alaria,795.6,0.08896474710344505,0.03504014454652955
alaria,797,0.08119970712063498,0.0539893537926243
alaria,798.4,0.07367123546472862,0.05759078090061862
alaria,799.9,0.07503600044762845,0.04623769664221527
cca,338.5,0.03649626588264433,0.011915446952227291
cca,340.2,0.03713209201795027,0.012012518101654924
cca,341.8,0.037313832991526324,0.012427663930606495
cca,343.4,0.03670191617730841,0.012673722602343262
cca,345.1,0.036390326583367605,0.012330789711381258
cca,346.7,0.0367453457298027,0.012237483592894916
cca,348.4,0.03686336932491306,0.01301102976799237
cca,350,0.03586463103864189,0.012123345422169397
cca,351.6,0.03680298062516519,0.012224383250384446
cca,353.3,0.03640961808114838,0.011473084740321474
cca,354.9,0.03660702736361168,0.011722734303471635
cca,356.5,0.03650470304984163,0.01178912872065819
cca,358.2,0.03644384306285435,0.012560989995197414
cca,359.8,0.03631193558859332,0.011369496161934892
cca,361.4,0.03608946412707583,0.011046055745416202
cca,363.1,0.036300662735232025,0.01233184077323542
cca,364.7,0.0364225205641887,0.012593627456286952
cca,366.3,0.03600217074398099,0.011787831627259373
cca,368,0.03664835918641351,0.011824157184883588
cca,369.6,0.03626609250442449,0.011354283514031659
cca,371.2,0.03633404120266559,0.010840792804327025
cca,372.8,0.03587432956911442,0.011384583414377437
cca,374.5,0.03535671245103208,0.011182163476838541
cca,376.1,0.03533516176168554,0.011526542299377728
cca,377.7,0.03540396952590008,0.011619328931657473
cca,379.4,0.03508732410920147,0.011335139934408819
cca,381,0.03504377464770178,0.010941023852047463
cca,382.6,0.03491375398459934,0.010705994103383347
cca,384.2,0.03436619078227472,0.010910118204674461
cca,385.8,0.03436192549548806,0.010868750907837737
cca,387.5,0.03414250487152943,0.01080376431678315
cca,389.1,0.03407338356115215,0.010922601738881292
cca,390.7,0.0340949539142144,0.010859125302074276
cca,392.3,0.03401437950470499,0.010721398681568095
cca,394,0.03352499097485953,0.010497090981350621
cca,395.6,0.033206088215577585,0.01048592340742926
cca,397.2,0.033054794822950304,0.010118650292333744
cca,398.8,0.03269490140963487,0.010189271485269156
cca,400.4,0.03253966755401022,0.00993883095396623
cca,402,0.03220960710190076,0.009720060086545905
cca,403.6,0.03193473527631657,0.009642748567121124
cca,405.3,0.031533873122105226,0.009448654413187997
cca,406.9,0.03107422220847252,0.00926906076253762
cca,408.5,0.030550273200767617,0.009049463813757841
cca,410.1,0.030157841728336097,0.008832115867354483
cca,411.7,0.029667837810926117,0.008731516318640045
cca,413.3,0.029233996435435037,0.008559099399385126
cca,414.9,0.028879241140676592,0.00836603593158095
cca,416.5,0.028595600483279582,0.008204156899684902
cca,418.2,0.028359886072648093,0.008059656201830547
cca,419.8,0.02812685234926422,0.007956970284600802
cca,421.4,0.027962447077983378,0.007900042335515809
cca,423,0.027838444887241694,0.007798742440992221
cca,424.6,0.027679229134611617,0.007694411838010233
cca,426.2,0.027551520257230695,0.007631655983465266
cca,427.8,0.027424386482061826,0.007531772029720318
cca,429.4,0.027249318827994553,0.007434165929487934
cca,431,0.026992658549086036,0.007330954100820623
cca,432.6,0.02658527143131521,0.007138483076824557
cca,434.2,0.026416168916064377,0.00695423728401683
cca,435.8,0.026236685035112034,0.006844776688772574
cca,437.4,0.026153150553751663,0.006796064867735624
cca,439,0.026159979276426586,0.00675580894367677
cca,440.6,0.02621402008314856,0.006775754664367656
cca,442.2,0.026410597620653033,0.006810225562183327
cca,443.8,0.026804035446208817,0.006933145833750999
cca,445.4,0.027366235302741848,0.0071424106503251185
cca,447,0.02807849987399765,0.007443655449483011
cca,448.6,0.028949638939493854,0.007793465630508966
cca,450.2,0.029934574941229777,0.008165728717797362
cca,451.8,0.030966164644560534,0.008562415771892056
cca,453.4,0.0319680926902975,0.00895241133307596
cca,455,0.032849323432904184,0.009321626068012961
cca,456.6,0.03359373039615746,0.009618617929526351
cca,458.2,0.03419447426194935,0.009837791428876157
cca,459.8,0.03462500942791903,0.010030328613220124
cca,461.4,0.034916307977764356,0.010173919728228498
cca,463,0.035140279164473404,0.010260808286952161
cca,464.6,0.035324875601652705,0.010343113238812814
cca,466.2,0.03548326866134282,0.01042860794658651
cca,467.8,0.035660146852794804,0.01052174472668514
cca,469.3,0.03586823845576512,0.010624621540353303
cca,470.9,0.036098366779221853,0.010745664099847793
cca,472.5,0.0363033294361027,0.010866029122223241
cca,474.1,0.03650580690085427,0.010956674797941221
cca,475.7,0.036631690486062726,0.011027757071236016
cca,477.3,0.03663433388064081,0.01105207553007686
cca,478.9,0.03651722013243602,0.0110297820997934
cca,480.5,0.03628925819183806,0.010948162840869436
cca,482,0.03593163217631999,0.01080890757259882
cca,483.6,0.035471281095205434,0.010617895652448412
cca,485.2,0.0349199637066974,0.010391272489396019
cca,486.8,0.03424577856172324,0.010130903088824033
cca,488.4,0.033460577958387805,0.009840795822684774
cca,490,0.03282874700094645,0.009534584829687883
cca,491.5,0.03232254273713467,0.009281998962191255
cca,493.1,0.0318773948732342,0.009100252542772023
cca,494.7,0.03152633860528877,0.008954863205863963
cca,496.3,0.031389579689815095,0.008880046869552244
cca,497.8,0.03145259022373259,0.008916203118822059
cca,499.4,0.031712304546181715,0.009061285423326028
cca,501,0.03219434941643816,0.009304525925721958
cca,502.6,0.03290244443062751,0.009655272658292115
cca,504.1,0.033839318106217986,0.010113666775356033
cca,505.7,0.03496707566440593,0.010644281557604218
cca,507.3,0.0362242068105985,0.011249348624480794
cca,508.9,0.0375327965802688,0.011903716418686533
cca,510.5,0.03879739464070171,0.012566546542078384
cca,512,0.03996490323013127,0.013171534758063212
cca,513.6,0.040991133480583045,0.013725446519674231
cca,515.2,0.04182807189369228,0.014217180287724073
cca,516.7,0.042473078114397114,0.01461247535879995
cca,518.3,0.04291579189912374,0.01497969901847711
cca,519.9,0.04322026721926647,0.015252384188248716
cca,521.5,0.0434801536267434,0.01542299732367319
cca,523,0.043618468477560006,0.015557244345782179
cca,524.6,0.04348836761052216,0.015593459675092139
cca,526.2,0.04330238453687302,0.01560141094666716
cca,527.7,0.04302690446606106,0.01559385871713667
cca,529.3,0.04266454753303398,0.015516931543226012
cca,530.8,0.042389885036128845,0.015401340201682675
cca,532.4,0.04212790364614037,0.01531968488661208
cca,534,0.04182132131368852,0.01524116366087371
cca,535.5,0.041536787585260075,0.015150185550634316
cca,537.1,0.04133883817017424,0.01505832002818414
cca,538.7,0.041143495634494424,0.014975042355054098
cca,540.2,0.040963403021158085,0.01488714121017567
cca,541.8,0.040770375501885836,0.014804860541725305
cca,543.3,0.040640524748992164,0.014721254506681571
cca,544.9,0.04059009003763138,0.014655922841019004
cca,546.5,0.04059085649442612,0.014605687734998965
cca,548,0.04061234493164827,0.014559478596713032
cca,549.6,0.04064724360889977,0.014524701060108001
cca,551.2,0.04069246957579414,0.014469412147834957
cca,552.7,0.0407061683122441,0.01440484751345329
cca,554.3,0.040654379936600364,0.014305618261220118
cca,555.8,0.04051751087249282,0.014150759915720937
cca,557.4,0.040236781055120484,0.01393381677799282
cca,558.9,0.03978636333261669,0.013639431376761175
cca,560.5,0.0391803234552815,0.013263394829362302
cca,562,0.03850045096005923,0.012820010134039606
cca,563.6,0.03786191232690785,0.012397678977998216
cca,565.1,0.03734045761590725,0.01206061601746902
cca,566.7,0.03704571328990841,0.011869263444655628
cca,568.2,0.03706786140147025,0.011855848987428952
cca,569.8,0.037545111486916485,0.012090404332589292
cca,571.3,0.03853072994527225,0.012631376991038376
cca,572.9,0.040037139032081975,0.01346669527558784
cca,574.4,0.042030527182173094,0.014515558304435686
cca,576,0.044439484011055665,0.015788079593963448
cca,577.5,0.04711351330819177,0.017141970701870027
cca,579.1,0.04990948308359602,0.01847812197229451
cca,580.6,0.05269627158859237,0.019741131762152746
cca,582.2,0.05536551670073767,0.020875635228496454
cca,583.7,0.05785845731067743,0.021864354655955532
cca,585.2,0.060157282269578866,0.02274441466045385
cca,586.8,0.06227084841759397,0.02353670286605248
cca,588.3,0.06414179858079506,0.024167023543864016
cca,589.9,0.06581808980569617,0.02476103420844259
cca,591.4,0.06724695185076354,0.025252003757120032
cca,593,0.06847601565426392,0.025587372955843818
cca,594.5,0.0695707925239256,0.025836771349776445
cca,596,0.07047894018120907,0.02608469010489913
cca,597.6,0.0711911813115795,0.02627672634544387
cca,599.1,0.07169458228409589,0.02639028158165964
cca,600.7,0.07194370365817401,0.02641800004596534
cca,602.2,0.07190184726762246,0.026327863423717728
cca,603.7,0.07159832600291212,0.026142513248023927
cca,605.3,0.07107719024765637,0.02582867088423828
cca,606.8,0.0704002484764043,0.025461470784921066
cca,608.3,0.06960337749927398,0.02501776164342102
cca,609.9,0.06867590004790153,0.0245423134796301
cca,611.4,0.06771401553288862,0.02405763829307962
cca,612.9,0.06671672786731758,0.023556044792784586
cca,614.5,0.06577567781498693,0.023097035801938066
cca,616,0.06491689303232298,0.022659813498959524
cca,617.5,0.06415942169894084,0.022291067463537897
cca,619,0.06352652571684464,0.021949820238089682
cca,620.6,0.06305353985113504,0.021648648145460112
cca,622.1,0.06279187637392088,0.021449968925263494
cca,623.6,0.06266933102260673,0.02129834647399852
cca,625.2,0.06266113092697365,0.02122383834049968
cca,626.7,0.06278867407918055,0.02119895343008538
cca,628.2,0.06304448513971882,0.021200095975805848
cca,629.7,0.06342972961084425,0.021276638497055626
cca,631.3,0.06391530299342603,0.021380348668830734
cca,632.8,0.06448523198996409,0.0215234738867913
cca,634.3,0.0651848723321488,0.021725773804692632
cca,635.8,0.06608460523472735,0.02201200168763489
cca,637.3,0.06709090386813923,0.022347515079322044
cca,638.9,0.06824665245173706,0.022704021868416444
cca,640.4,0.0694848192082804,0.023149106061004746
cca,641.9,0.07072173653994301,0.023583854474918023
cca,643.4,0.07177970577928523,0.023942270344785525
cca,644.9,0.07288597621727295,0.02437474677813711
cca,646.5,0.07381938301342927,0.024676254208859213
cca,648,0.07433165330605465,0.024732143729697204
cca,649.5,0.07432618504033538,0.02465625960283031
cca,651,0.07395392194192578,0.024440854135752244
cca,652.5,0.07324465189144247,0.024018661451928578
cca,654,0.07225948431580331,0.023593828202537297
cca,655.5,0.07110031509379953,0.023004905474860865
cca,657,0.06958447190506345,0.02228095134531009
cca,658.6,0.06689553070911959,0.021079587160262276
cca,660.1,0.06359837525105022,0.01964041614772716
cca,661.6,0.060165200970180056,0.018121874657447273
cca,663.1,0.05664778653668253,0.016523488358109413
cca,664.6,0.053271506917015814,0.015061578346435423
cca,666.1,0.05000812777969221,0.013697569526951217
cca,667.6,0.047190029772064865,0.012509874573344942
cca,669.1,0.04473809365284564,0.011439662134762805
cca,670.6,0.042794084237540386,0.010500558198964987
cca,672.1,0.04133153524375476,0.009772643018348758
cca,673.6,0.040165456747463524,0.009234960577251431
cca,675.1,0.039314216786689435,0.008678442920783158
cca,676.6,0.038668947518878775,0.008249018171195516
cca,678.1,0.03832717106683661,0.00794384675335559
cca,679.6,0.038218252577324016,0.007660391509210507
cca,681.1,0.038508195133842266,0.007620838759134763
cca,682.6,0.03911662114893749,0.0077372425857526765
cca,684.1,0.04024299299055613,0.008015643568363935
cca,685.6,0.04202002038186596,0.008518126967496424
cca,687.1,0.044838161718144476,0.009428838108754452
cca,688.6,0.048042478181085105,0.010517523658954139
cca,690.1,0.05133344298125594,0.011775533178221631
cca,691.6,0.055229347460874816,0.01303224748677713
cca,693.1,0.06007134558108879,0.014708077761200221
cca,694.6,0.06566902304042274,0.01653769044723135
cca,696.1,0.0719700244495911,0.018763238291998115
cca,697.6,0.07899452269035032,0.021160583740044956
cca,699.1,0.08687305885496992,0.02358955508491232
cca,700.6,0.09571894911271647,0.026135609418452558
cca,702.1,0.10533857486314341,0.028856093189612807
cca,703.5,0.1151764543542476,0.031509343733961304
cca,705,0.1256131671799389,0.03426329089312142
cca,706.5,0.1365775318411035,0.036578344032357345
cca,708,0.14863547197407867,0.03950108412196254
cca,709.5,0.1610138205458185,0.041508217556324965
cca,711,0.1762008852065243,0.044957636818319
cca,712.5,0.19167885040560245,0.04782867062333738
cca,713.9,0.21042550558661316,0.0512708566181092
cca,715.4,0.23410442175202656,0.05660222607799924
cca,716.9,0.26058217650714527,0.06228906709266532
cca,718.4,0.2875104979002639,0.06568059128259143
cca,719.9,0.3184273624678257,0.07488101564536477
cca,721.3,0.3423194681836292,0.0721265132349085
cca,722.8,0.3626121248600989,0.073307739351975
cca,724.3,0.3703354793967569,0.06942197625261466
cca,725.8,0.388185758309386,0.07085540337371134
cca,727.2,0.40611326621057087,0.06818457311238615
cca,728.7,0.39279252235182993,0.06387442997313585
cca,730.2,0.3909889550800588,0.07699387775681656
cca,731.7,0.3874904811430976,0.0504445656764486
cca,733.1,0.37345458189159303,0.04801989810719183
cca,734.6,0.36448131311824905,0.06627063379275795
cca,736.1,0.358587092994291,0.07224628044797972
cca,737.5,0.34793553535059507,0.06920526868383113
cca,739,0.34120226978569007,0.058172900961968324
cca,740.5,0.33441521965984217,0.041600621414717834
cca,742,0.3258161045525151,0.04540395642377553
cca,743.4,0.31571305107437253,0.0503291086920372
cca,744.9,0.3080997710868991,0.0526448346888789
cca,746.3,0.29724694212436065,0.039570126292467936
cca,747.8,0.2947989762380226,0.04723191377142046
cca,749.3,0.2947003109872659,0.04378129895570849
cca,750.7,0.3007695385732916,0.042669411710839066
cca,752.2,0.2948262307489863,0.04677108530579408
cca,753.7,0.27149008439031996,0.044908511188122405
cca,755.1,0.2649088494404227,0.03608063526324125
cca,756.6,0.25589990751759906,0.05150645880734988
cca,758,0.25872313947760406,0.052581060602024776
cca,759.5,0.25220111381678534,0.04068453759614279
cca,760.9,0.2538972676814809,0.040778751742402294
cca,762.4,0.23813645236358288,0.02794975470288562
cca,763.8,0.22298130618357281,0.039792363192256174
cca,765.3,0.2228254933650883,0.03713849986402681
cca,766.8,0.21144182842968554,0.04333274508690421
cca,768.2,0.204601344847191,0.03395386144595014
cca,769.7,0.20744372475729256,0.02557879668411778
cca,771.1,0.19246804692961952,0.022446700716832944
cca,772.5,0.19926762897500414,0.035826566338635554
cca,774,0.1856434160194565,0.027983271437880316
cca,775.4,0.18076357320230116,0.026731626531431543
cca,776.9,0.1715542596918763,0.025770295594370454
cca,778.3,0.16417216852597571,0.031594718671348
cca,779.8,0.17040541113545762,0.03280443205406827
cca,781.2,0.15297741031033296,0.045082930836796126
cca,782.7,0.16000271773088912,0.03888908935002238
cca,784.1,0.1527909379625793,0.035679533632468306
cca,785.5,0.1576001264852961,0.030330425260649725
cca,787,0.15170762204636873,0.024262150629179278
cca,788.4,0.1593791388493654,0.031128151447322273
cca,789.8,0.15544094213325746,0.04049597179079949
cca,791.3,0.15248346508739277,0.0483243508414232
cca,792.7,0.13370369069545682,0.03587181246862702
cca,794.1,0.13406629982144805,0.030362745046745316
cca,795.6,0.12632292222148706,0.028023776370248932
cca,797,0.1354269872840071,0.030547511654622377
cca,798.4,0.1261466734036748,0.030850006835090302
cca,799.9,0.1325690715024121,0.013551087819735836
gravel,338.5,0.04998783419677578,0.009205447259968406
gravel,340.2,0.04998562761906757,0.007120437974850132
gravel,341.8,0.05028274368963988,0.00786442432569536
gravel,343.4,0.04951487118414521,0.007994503688086945
gravel,345.1,0.04907186632315477,0.00795774777594782
gravel,346.7,0.048936956068596056,0.009129811421974833
gravel,348.4,0.04644633176815269,0.010211313229840029
gravel,350,0.04629922216847607,0.009892653901794685
gravel,351.6,0.04579325164468773,0.008866042990675237
gravel,353.3,0.04531945341386267,0.009588303997718775
gravel,354.9,0.044530057779258767,0.008106087919582138
gravel,356.5,0.04343675893298687,0.007465816298085676
gravel,358.2,0.04437336234776253,0.0072848282176305726
gravel,359.8,0.04303803631119714,0.00717416445924537
gravel,361.4,0.04300651566915415,0.008544528235262925
gravel,363.1,0.04060855141027633,0.007912044004940706
gravel,364.7,0.0399735234645172,0.006783636070090232
gravel,366.3,0.03837578768092508,0.0068173405782811156
gravel,368,0.037656267581219684,0.006251763947039147
gravel,369.6,0.03674465154201534,0.006831302627122928
gravel,371.2,0.0364574866729985,0.006595080399739908
gravel,372.8,0.03617901038078596,0.006729718487098082
gravel,374.5,0.036141885500303735,0.0058078568530765895
gravel,376.1,0.03536568148801094,0.005560737091256645
gravel,377.7,0.03392626095068834,0.005400434112264882
gravel,379.4,0.03277332419092462,0.005547673069602846
gravel,381,0.0332791694633699,0.006084237600913028
gravel,382.6,0.03368967241628603,0.005989050655868407
gravel,384.2,0.03383887175173854,0.00567901869451905
gravel,385.8,0.03295373407332862,0.005612779559473749
gravel,387.5,0.032108041194110745,0.005530293602590252
gravel,389.1,0.03150060852817782,0.005518843015187947
gravel,390.7,0.031206851586646146,0.005625608552960496
gravel,392.3,0.03119801836689862,0.005823995026314418
gravel,394,0.03124042644611308,0.005384025293497267
gravel,395.6,0.03078201157672706,0.0050558205092803765
gravel,397.2,0.03054335167185148,0.005228405999294307
gravel,398.8,0.029877487741329985,0.00528968429476788
gravel,400.4,0.029282675752458034,0.005230022749134972
gravel,402,0.02893435486485689,0.005485022774130253
gravel,403.6,0.028817631439723337,0.005337221892811029
gravel,405.3,0.028848344379576684,0.0053126470936316825
gravel,406.9,0.028877830697764013,0.005402073857563013
gravel,408.5,0.028923310414799154,0.0054626549312339345
gravel,410.1,0.02902085628650041,0.005513146166816812
gravel,411.7,0.029153397666557203,0.0054941712705023
gravel,413.3,0.029215161328092154,0.005438704000101181
gravel,414.9,0.02933091192536968,0.00545152355569417
gravel,416.5,0.029391910932875458,0.005534497265394787
gravel,418.2,0.029640226850163015,0.005555164150172786
gravel,419.8,0.029827132829196443,0.0055774352356933645
gravel,421.4,0.030064306098800116,0.0056476180362906685
gravel,423,0.030305098062721348,0.0056491640187989875
gravel,424.6,0.030562085748321186,0.005675837355122466
gravel,426.2,0.03087698842325515,0.005715317179947497
gravel,427.8,0.031121318742438522,0.005780593045481561
gravel,429.4,0.0314369271632979,0.0058674632367677676
gravel,431,0.031746811466762656,0.005786609895689048
gravel,432.6,0.031993520986415676,0.005772851538198282
gravel,434.2,0.03221919370184306,0.005816567004019282
gravel,435.8,0.03251807865862752,0.005838867702989372
gravel,437.4,0.0328296930415764,0.00590571426024091
gravel,439,0.033175038787768465,0.00593080801812777
gravel,440.6,0.03354328431594137,0.00594675134613592
gravel,442.2,0.03388783388582893,0.005998730398139372
gravel,443.8,0.03428805287036877,0.006124470125501524
gravel,445.4,0.03470851555901629,0.0062463102064211585
gravel,447,0.035143550219981896,0.006318794207775045
gravel,448.6,0.03555856719943169,0.006416574253142216
gravel,450.2,0.03598385229969372,0.0065156092998782085
gravel,451.8,0.03641229429585551,0.006639922025756884
gravel,453.4,0.03683122309635904,0.006733828132823024
gravel,455,0.03724355462082568,0.00679058266516968
gravel,456.6,0.03762448505788854,0.006858654642376571
gravel,458.2,0.037989380601599565,0.006947982437203685
gravel,459.8,0.038353369929359706,0.007006332344040028
gravel,461.4,0.03870374944751728,0.007061178694397706
gravel,463,0.03905193480589004,0.007144198431223798
gravel,464.6,0.03940112424428134,0.007242130615867978
gravel,466.2,0.03976340834102795,0.007320446152566029
gravel,467.8,0.040140465474234055,0.0073928383285930665
gravel,469.3,0.04051520308428522,0.0075008121740239835
gravel,470.9,0.040909992339018014,0.0075937122331427125
gravel,472.5,0.041313618199037144,0.007698529805502984
gravel,474.1,0.041726933637831545,0.007824799584872942
gravel,475.7,0.042124555620187236,0.007962162604629758
gravel,477.3,0.042528114864675906,0.008069245166121322
gravel,478.9,0.04291539474650126,0.008166170059724236
gravel,480.5,0.04328614477988912,0.008255295504064591
gravel,482,0.043641708097450015,0.008366799607358076
gravel,483.6,0.04397161951573006,0.008482357441669223
gravel,485.2,0.044331634314643466,0.00859169810231492
gravel,486.8,0.0446724498979306,0.008593204768592409
gravel,488.4,0.04501519962062983,0.008582312627587529
gravel,490,0.04536015687069569,0.008639064263712623
gravel,491.5,0.04571273318620363,0.00874363073299311
gravel,493.1,0.04607823675126854,0.008817611133576667
gravel,494.7,0.04645421810514767,0.008892358872542824
gravel,496.3,0.04685521025323902,0.008998091907993392
gravel,497.8,0.047263142266689984,0.00912541680273648
gravel,499.4,0.04769442693022512,0.00923970662583418
gravel,501,0.048151176432945426,0.009337764037442948
gravel,502.6,0.04862111082784461,0.009434978374531656
gravel,504.1,0.04910456043858986,0.009535574640410339
gravel,505.7,0.04961045381238934,0.009651928185120532
gravel,507.3,0.05011224965429713,0.009816144947837259
gravel,508.9,0.05060717576105929,0.009961677090217209
gravel,510.5,0.05110831638410287,0.010102976556308011
gravel,512,0.051621695979638955,0.010274820503849957
gravel,513.6,0.052108276826824014,0.010435039684114833
gravel,515.2,0.052610799650251235,0.010590204395542337
gravel,516.7,0.053120587692345254,0.010772025993391781
gravel,518.3,0.0536089123356142,0.010863819184988526
gravel,519.9,0.05414007452602298,0.011024010185393555
gravel,521.5,0.05469811258794887,0.011299007361739787
gravel,523,0.05522540342705977,0.011545244328934548
gravel,524.6,0.05572377877058281,0.011706421668156893
gravel,526.2,0.056175423395295424,0.01186267641009086
gravel,527.7,0.056563370668586445,0.011889569851079822
gravel,529.3,0.056976941864970855,0.011967212084611436
gravel,530.8,0.05742282431538399,0.01212049328080687
gravel,532.4,0.05782416258418611,0.012260005891822563
gravel,534,0.058200065479516186,0.012341637981043312
gravel,535.5,0.058593002904204355,0.012427512780448655
gravel,537.1,0.058982044177681436,0.012537575017382872
gravel,538.7,0.05937130469353664,0.012634675141044981
gravel,540.2,0.0597587323850768,0.012726003077668527
gravel,541.8,0.06016555245074478,0.012779739033156452
gravel,543.3,0.06056700197375241,0.012845176825340471
gravel,544.9,0.06099555390673763,0.012947909129961369
gravel,546.5,0.061430465901481476,0.013052975829721996
gravel,548,0.06186422955281873,0.013163494376081265
gravel,549.6,0.062297076198213334,0.013264237768662366
gravel,551.2,0.06275684566627461,0.013369001292264348
gravel,552.7,0.0632119374653665,0.013491064777977487
gravel,554.3,0.06368546770628011,0.01361516265404168
gravel,555.8,0.0641604149338546,0.013790596156050546
gravel,557.4,0.0646236498714057,0.013965160804800085
gravel,558.9,0.06507968148598461,0.014137332935194029
gravel,560.5,0.06551064625027092,0.014274535507419016
gravel,562,0.06593976798398027,0.01447077716106321
gravel,563.6,0.06632238759103791,0.014679274353790512
gravel,565.1,0.06669189518339155,0.014902063825547601
gravel,566.7,0.06704428415925467,0.01508532670272311
gravel,568.2,0.06738817985700743,0.015285416043689421
gravel,569.8,0.06773899373151633,0.01550141574692256
gravel,571.3,0.06804775332862154,0.015678247968473436
gravel,572.9,0.06833859737915988,0.01583360113966927
gravel,574.4,0.0686409340846437,0.016043972450218612
gravel,576,0.06893608852949991,0.01622741296906859
gravel,577.5,0.0692366542621354,0.016349914387436184
gravel,579.1,0.06951588738832777,0.016424358443232093
gravel,580.6,0.06977488067860432,0.016483960076601866
gravel,582.2,0.07003421857996515,0.016562840810879605
gravel,583.7,0.07029703977041546,0.01668042761739243
gravel,585.2,0.07052068100083621,0.01683906761511013
gravel,586.8,0.07071732700192876,0.016963268991639472
gravel,588.3,0.07093296213050548,0.017146334107569935
gravel,589.9,0.07110042271347368,0.017222167229605224
gravel,591.4,0.0712906011608479,0.017208641769391724
gravel,593,0.07147083991024115,0.017275807443724586
gravel,594.5,0.07158487730583744,0.01743131897730434
gravel,596,0.07167140542690811,0.017569113985820384
gravel,597.6,0.07171762286249905,0.017689234550616353
gravel,599.1,0.07169041176476791,0.01778633133856566
gravel,600.7,0.07162430199318973,0.017823837328549
gravel,602.2,0.07156854653788787,0.01777364274254268
gravel,603.7,0.07150248498523822,0.01768145621918331
gravel,605.3,0.07153764371405842,0.017696489500116097
gravel,606.8,0.07154106187412454,0.017637180096059534
gravel,608.3,0.07159732405951946,0.017628790612497607
gravel,609.9,0.07163689383651728,0.01766963885797908
gravel,611.4,0.07162065510629716,0.017637533400996528
gravel,612.9,0.07167889777608943,0.017688330022351213
gravel,614.5,0.07164303871906848,0.017744528699072205
gravel,616,0.07168826886046853,0.017796912994478803
gravel,617.5,0.07170471503580664,0.017763571685124113
gravel,619,0.0717432239294613,0.017781746647377913
gravel,620.6,0.07185067600400362,0.017824171409639253
gravel,622.1,0.07191112882120294,0.017870403952318543
gravel,623.6,0.07201546876565021,0.017966442912487817
gravel,625.2,0.07211425530845408,0.018063827897671955
gravel,626.7,0.07221692642953093,0.018138049303596897
gravel,628.2,0.07236163440704309,0.018190287474445618
gravel,629.7,0.07241800321020386,0.018207751644400808
gravel,631.3,0.07251579939905786,0.018221720635411387
gravel,632.8,0.0725906801968542,0.01824123544117628
gravel,634.3,0.07265647037152985,0.018264773001795093
gravel,635.8,0.07273822938245064,0.018350383977283675
gravel,637.3,0.0727719810581148,0.018459075631731738
gravel,638.9,0.07287333703185819,0.018516488536887876
gravel,640.4,0.07294849696225034,0.01855118884796689
gravel,641.9,0.07310087997773265,0.018602180092499067
gravel,643.4,0.07309812016950798,0.018704584962147705
gravel,644.9,0.07304859326410011,0.018831433311003887
gravel,646.5,0.07308662525175098,0.018966317944817422
gravel,648,0.07312018660936548,0.01913042280951496
gravel,649.5,0.07314056096092848,0.01914002179846437
gravel,651,0.07302533911082135,0.019162782415414224
gravel,652.5,0.07286655180584745,0.019089602300169272
gravel,654,0.07269910161105352,0.019111189992138712
gravel,655.5,0.07243634771380777,0.01921378095412114
gravel,657,0.07212724186079028,0.018946677349610988
gravel,658.6,0.07154623989946726,0.01843023384939782
gravel,660.1,0.07114237652213429,0.01821707505335798
gravel,661.6,0.07060256874001372,0.017706341800233154
gravel,663.1,0.06981208992020475,0.017356765653114017
gravel,664.6,0.06926324650010171,0.01707777430462084
gravel,666.1,0.06875766874538453,0.016816791204831927
gravel,667.6,0.06822106791099342,0.01632408592808283
gravel,669.1,0.06810138939783363,0.015896951978500776
gravel,670.6,0.06824127223296865,0.015709041542180113
gravel,672.1,0.0687020062325622,0.015640211659530744
gravel,673.6,0.06878922328232966,0.01555772309112689
gravel,675.1,0.06943116167567694,0.015665331802271254
gravel,676.6,0.0702778983094044,0.015468284470743218
gravel,678.1,0.07128295349284146,0.015692536069186958
gravel,679.6,0.07223562939033491,0.016124946744325845
gravel,681.1,0.07332618929590189,0.01663650795057774
gravel,682.6,0.0747973174293351,0.016968146775173106
gravel,684.1,0.07619205058860677,0.017636261344993142
gravel,685.6,0.07792000560198345,0.018192738642205785
gravel,687.1,0.07998967273997067,0.01904210640980889
gravel,688.6,0.08172526140700767,0.019920381684164164
gravel,690.1,0.08309927677094794,0.020438393846047256
gravel,691.6,0.08342076356037186,0.021260411171240678
gravel,693.1,0.08441843439832616,0.021795306796662268
gravel,694.6,0.08565581161794215,0.022421983442024694
gravel,696.1,0.08607447981103866,0.02283867160506398
gravel,697.6,0.08630790446276912,0.023317157364889058
gravel,699.1,0.0866084890950013,0.02391643051034762
gravel,700.6,0.08757089319968529,0.024066603671820123
gravel,702.1,0.0879909651500976,0.025194329260689832
gravel,703.5,0.08955937481158575,0.025045376954316505
gravel,705,0.09079118322867018,0.025943298020084167
gravel,706.5,0.09175139070200043,0.026712007097988995
gravel,708,0.09259667980696727,0.026986502870338165
gravel,709.5,0.09417817162378699,0.028802232943367555
gravel,711,0.0947864321033807,0.03018541563246696
gravel,712.5,0.09452865186862565,0.03078459194192244
gravel,713.9,0.09748585652709951,0.03324363586477646
gravel,715.4,0.09969716334123781,0.036994498422838015
gravel,716.9,0.10709284212765474,0.0424496177853667
gravel,718.4,0.11155520209761682,0.046375507119585525
gravel,719.9,0.11363085431850135,0.05139466270606811
gravel,721.3,0.12105501024644438,0.05069906723264229
gravel,722.8,0.12466306625140867,0.057084874758395084
gravel,724.3,0.12180834207822579,0.05444786573578293
gravel,725.8,0.12530293932314301,0.05943124860158691
gravel,727.2,0.12094341846667903,0.05755477713612763
gravel,728.7,0.12286040224516001,0.0641276333622093
gravel,730.2,0.12026224994474133,0.06255656056552761
gravel,731.7,0.12482740634658458,0.06457330296653274
gravel,733.1,0.12600316656403995,0.06688134682234227
gravel,734.6,0.13442243083134023,0.061847701457842616
gravel,736.1,0.12449236346145189,0.05958787389422906
gravel,737.5,0.11599702315688173,0.0615246929843633
gravel,739,0.12274888084058147,0.05698042293859619
gravel,740.5,0.11521255592697399,0.050264411298177304
gravel,742,0.12406690324069153,0.05414759227388725
gravel,743.4,0.1256980100647189,0.04657217921445368
gravel,744.9,0.11591616727223289,0.054160445295991726
gravel,746.3,0.11849593750761411,0.06100803744231798
gravel,747.8,0.1149244971748618,0.05572804821222592
gravel,749.3,0.12025589760340741,0.047831220984465135
gravel,750.7,0.1292650136373007,0.037636767046674444
gravel,752.2,0.12945057277532646,0.05778076295394025
gravel,753.7,0.1061326381200932,0.04108420638944718
gravel,755.1,0.0997300518740642,0.05412346916195554
gravel,756.6,0.10823171479323103,0.044553862323588184
gravel,758,0.09455911935679383,0.03188293675191109
gravel,759.5,0.11246014481030844,0.03889199471880169
gravel,760.9,0.1202481181828372,0.04947263968446777
gravel,762.4,0.10138834716574492,0.042633361308356404
gravel,763.8,0.10875209378176588,0.04382031080128199
gravel,765.3,0.1008093942443357,0.03762234376717686
gravel,766.8,0.10912387838297555,0.045436375092794495
gravel,768.2,0.12123682064158152,0.04577094202406562
gravel,769.7,0.1379635135709359,0.04625271619474896
gravel,771.1,0.12123728063014735,0.022912614580664636
gravel,772.5,0.1061032953945969,0.03591797986686797
gravel,774,0.09017718367759603,0.019990730315474034
gravel,775.4,0.07957747154594766,0.02870373876459937
gravel,776.9,0.07959479736165546,0.027608457641413488
gravel,778.3,0.0970232642136502,0.045738117064611436
gravel,779.8,0.08792962599391885,0.01894674083715273
gravel,781.2,0.10312308039971806,0.02627266492407292
gravel,782.7,0.08485243971791313,0.018921239422467404
gravel,784.1,0.10610329539459688,0.02809205677980893
gravel,785.5,0.08844089992793859,0.022078911829074583
gravel,787,0.09901842920871216,0.022132705722918512
gravel,788.4,0.09199247828805421,0.024513176355244106
gravel,789.8,0.0990380058648165,0.03237722407699764
gravel,791.3,0.07279748494958674,0.02407385671793172
gravel,792.7,0.06669349996231805,0.0189318533532209
gravel,794.1,0.07782492551339415,0.016217932802087793
gravel,795.6,0.08841290422280727,0.016234023951531184
gravel,797,0.09339493031031372,0.007363858649652273
gravel,798.4,0.10614883328961604,0.00733527714938866
gravel,799.9,0.08134461314178648,0.012243116112644652
saccharina,338.5,0.007902918644024096,0.005313290335535554
saccharina,340.2,0.008191182699083584,0.004217603821524003
saccharina,341.8,0.008926848273850601,0.0034056848669152717
saccharina,343.4,0.009492256437985316,0.0037288787897187823
saccharina,345.1,0.0072852667230076575,0.0047910326127333265
saccharina,346.7,0.008604658824587927,0.004218004955533806
saccharina,348.4,0.008123085146743767,0.004724935095517204
saccharina,350,0.007955578603343404,0.004111096478507599
saccharina,351.6,0.006902560803740633,0.005441226307092118
saccharina,353.3,0.007873115255162653,0.004099627558492537
saccharina,354.9,0.007206051777984572,0.004704553418874334
saccharina,356.5,0.006933447250934085,0.00468691918921422
saccharina,358.2,0.0073347980974158644,0.004020910067363837
saccharina,359.8,0.007609210860778487,0.00347613128087707
saccharina,361.4,0.0070594180010772655,0.004054645405185683
saccharina,363.1,0.007569104671681714,0.0036329809435873745
saccharina,364.7,0.007184604220239929,0.0036138020387035054
saccharina,366.3,0.007054786743000302,0.00359142719582439
saccharina,368,0.007262374565738282,0.0032206765944094227
saccharina,369.6,0.006257175272324109,0.0036893560524903207
saccharina,371.2,0.0055972315582012095,0.004536470985242231
saccharina,372.8,0.006506964358277203,0.0033237433847322063
saccharina,374.5,0.006472885763973329,0.003369112851458146
saccharina,376.1,0.006013351809585201,0.0038110018675480933
saccharina,377.7,0.006422254808771084,0.0028846900576819335
saccharina,379.4,0.006016859178170081,0.003151911560187651
saccharina,381,0.00574288262919037,0.003232902986067114
saccharina,382.6,0.005903104689254086,0.0029653613749197677
saccharina,384.2,0.006162116724584391,0.0026010782524751733
saccharina,385.8,0.005767110522763393,0.0028087369762143997
saccharina,387.5,0.005410101413212863,0.0030059593856614263
saccharina,389.1,0.005450297928906416,0.0028361461224445652
saccharina,390.7,0.005200924899221762,0.0028773205615652444
saccharina,392.3,0.005068157402813604,0.0031023157883373455
saccharina,394,0.005011939070532657,0.003134486575810216
saccharina,395.6,0.004589014910923172,0.00357313501866173
saccharina,397.2,0.0047310162934828814,0.003131042545740442
saccharina,398.8,0.004785928870164644,0.002665309068994566
saccharina,400.4,0.004530930638599942,0.002533068671392373
saccharina,402,0.0043906124833241154,0.002568176742683762
saccharina,403.6,0.004267623127166103,0.002534048742750513
saccharina,405.3,0.004125562390893044,0.0025814874864527044
saccharina,406.9,0.004070853925040221,0.002552541238418967
saccharina,408.5,0.004046359613647526,0.002385162619830326
saccharina,410.1,0.0039982187417855,0.0023301144794479287
saccharina,411.7,0.003932504736831789,0.0022463595781275275
saccharina,413.3,0.0038161588346894105,0.0022567286854077422
saccharina,414.9,0.0036755636701808476,0.002334425621712288
saccharina,416.5,0.003627626602451355,0.0023289378655088535
saccharina,418.2,0.0036027260505742268,0.0023200067075804676
saccharina,419.8,0.0035823074808496312,0.0023267177852556937
saccharina,421.4,0.003595397329721573,0.0022603822974604972
saccharina,423,0.0035787638929554054,0.002250017117871895
saccharina,424.6,0.0035295209917480044,0.0022692928138952416
saccharina,426.2,0.003498972762563159,0.002266793319555689
saccharina,427.8,0.003485858915204832,0.002246601902732248
saccharina,429.4,0.0034846636777852193,0.0022280180478388436
saccharina,431,0.003470069093224594,0.0022176210420247005
saccharina,432.6,0.00339889593851678,0.0022314853916888975
saccharina,434.2,0.003365010787584466,0.002227735859930818
saccharina,435.8,0.0033158931732718494,0.0022302225363012213
saccharina,437.4,0.003317900059402636,0.0022179500749270383
saccharina,439,0.0033211920323320578,0.002223182893207657
saccharina,440.6,0.003349396998327359,0.0022211460857185727
saccharina,442.2,0.0033571889545560042,0.002252928611238226
saccharina,443.8,0.00337119928471824,0.002278743229299992
saccharina,445.4,0.0034066433919134604,0.0023129546500430353
saccharina,447,0.003446793832357277,0.0023516525305595655
saccharina,448.6,0.003504997201008622,0.0023735922447497755
saccharina,450.2,0.003548345724072208,0.002408311021024053
saccharina,451.8,0.0035874320234024312,0.0024325900226851937
saccharina,453.4,0.003622138364262792,0.002455864036594886
saccharina,455,0.0036540678854880696,0.002476221501567113
saccharina,456.6,0.003676801262567439,0.002496877607010365
saccharina,458.2,0.003699342019296322,0.0025103986623929955
saccharina,459.8,0.0037317023307809278,0.002521414067205196
saccharina,461.4,0.0037423507030597226,0.0025563292783462575
saccharina,463,0.0037769146754218436,0.002577029261745278
saccharina,464.6,0.0038091205476026247,0.002604273957136442
saccharina,466.2,0.0038536733652502196,0.002621704667507712
saccharina,467.8,0.003907085116051796,0.00265162494336072
saccharina,469.3,0.003965975391701991,0.0026840791190727705
saccharina,470.9,0.004037965632748254,0.0027219114145727824
saccharina,472.5,0.004113266567763159,0.0027684827384490914
saccharina,474.1,0.004194284550642555,0.0028178728405296467
saccharina,475.7,0.00428269885372541,0.0028614529786491604
saccharina,477.3,0.004378561734573118,0.002902203362443089
saccharina,478.9,0.0044564168800159685,0.002954784981361015
saccharina,480.5,0.004524375559485686,0.0030005901877230637
saccharina,482,0.0045889658037021495,0.003042553565251604
saccharina,483.6,0.004633860548587623,0.003077773764597077
saccharina,485.2,0.004679873513362882,0.003095024009538382
saccharina,486.8,0.0047222128968927215,0.003114405435087338
saccharina,488.4,0.004743238003494047,0.003157450646131654
saccharina,490,0.0047760438296313365,0.003174514068696416
saccharina,491.5,0.00479388712728234,0.003195939306277874
saccharina,493.1,0.004810834947494627,0.0032224575658571122
saccharina,494.7,0.004841125695693659,0.003248303631506491
saccharina,496.3,0.004884841479968293,0.003263319032020838
saccharina,497.8,0.004928456994954963,0.0032886855686974623
saccharina,499.4,0.004978647996427154,0.0033160731599439714
saccharina,501,0.005036692728685531,0.003359594089418577
saccharina,502.6,0.005111545822181082,0.0033955640097178873
saccharina,504.1,0.005198214800368318,0.0034358905049694274
saccharina,505.7,0.005286851495982184,0.003480989662740148
saccharina,507.3,0.005388985981177674,0.0035217762884440693
saccharina,508.9,0.0054935179492247126,0.003569658236059045
saccharina,510.5,0.005600792844476777,0.0036268742743615252
saccharina,512,0.005719036246470557,0.0036821106469261218
saccharina,513.6,0.0058368567869446514,0.0037419784772358402
saccharina,515.2,0.005969800192563337,0.003803073472893124
saccharina,516.7,0.00610702919999078,0.003862590198186289
saccharina,518.3,0.0062512153482211785,0.003937880940869266
saccharina,519.9,0.006403305983723223,0.004010554357356468
saccharina,521.5,0.006551009450621613,0.00407415324962298
saccharina,523,0.006701558131763302,0.004138701290362203
saccharina,524.6,0.006868040865686984,0.004216714414487978
saccharina,526.2,0.007033589733054518,0.004295377377353913
saccharina,527.7,0.0072025546002964045,0.004391350898286726
saccharina,529.3,0.0073808658772158454,0.004487324340786598
saccharina,530.8,0.007564246648976668,0.00456985311307808
saccharina,532.4,0.007742310054821168,0.004657115272858628
saccharina,534,0.007934516366996998,0.004750931387640155
saccharina,535.5,0.008137794371727103,0.0048432817922792176
saccharina,537.1,0.008346169619101902,0.004938953337419021
saccharina,538.7,0.008563959151026304,0.005039861834601516
saccharina,540.2,0.008800566996151164,0.005135349990550466
saccharina,541.8,0.009056111241312462,0.005246827698902177
saccharina,543.3,0.00933621769267666,0.005358101412117422
saccharina,544.9,0.009635695830896013,0.0054725174946906275
saccharina,546.5,0.009960364858574402,0.0055881395769153235
saccharina,548,0.010312312413630547,0.00571876562791278
saccharina,549.6,0.010705274779942351,0.005851425542106509
saccharina,551.2,0.011139045320029515,0.005991728363861709
saccharina,552.7,0.011616760863847355,0.0061412262171289455
saccharina,554.3,0.012129119908244524,0.00629740121096319
saccharina,555.8,0.012673223759280278,0.00645550567119105
saccharina,557.4,0.013251682935647767,0.00661117643801047
saccharina,558.9,0.013872106100437823,0.006777653673309696
saccharina,560.5,0.014532029253492028,0.006957846531414358
saccharina,562,0.015220225213036516,0.007129343625000943
saccharina,563.6,0.015911872836179106,0.007300074756846461
saccharina,565.1,0.01658630351351574,0.0074628002810565785
saccharina,566.7,0.017235294873570887,0.007624542470199477
saccharina,568.2,0.017841234875553346,0.007774266531945413
saccharina,569.8,0.018383855235993916,0.007912971802258986
saccharina,571.3,0.01886899576746197,0.008037560526944763
saccharina,572.9,0.01929156073702262,0.008149361319835985
saccharina,574.4,0.0196379156836812,0.008228279366338336
saccharina,576,0.019919203769289188,0.008293747480082806
saccharina,577.5,0.02014005346162428,0.008358129759409357
saccharina,579.1,0.020292663073337363,0.008418168502751995
saccharina,580.6,0.020384853614558354,0.00848055022000272
saccharina,582.2,0.0204366017988164,0.008524635437567532
saccharina,583.7,0.020454576095003455,0.008563516441612776
saccharina,585.2,0.020469801217081075,0.008593725960294517
saccharina,586.8,0.020504291540197863,0.008627019044547492
saccharina,588.3,0.02057411881723254,0.008677661891717973
saccharina,589.9,0.020714211357887816,0.008744945377126273
saccharina,591.4,0.020958500483257012,0.008862115254396171
saccharina,593,0.021286001544764493,0.008967742936607835
saccharina,594.5,0.021669999769483667,0.009068449539856758
saccharina,596,0.02210142933209406,0.00916871151219806
saccharina,597.6,0.022526431368902682,0.009277537416125057
saccharina,599.1,0.022894931361152605,0.009378873555147531
saccharina,600.7,0.02316280018839129,0.009473892742094358
saccharina,602.2,0.02328360653340354,0.009562116726972408
saccharina,603.7,0.02322737885423494,0.00964367305183474
saccharina,605.3,0.02295064662855822,0.009701357479089599
saccharina,606.8,0.022506754229871077,0.009709076513606191
saccharina,608.3,0.02193017734813833,0.009682562508525262
saccharina,609.9,0.021261960040309457,0.009639599716331822
saccharina,611.4,0.020540584214306143,0.009575847581014532
saccharina,612.9,0.0198341188908595,0.009505254296177634
saccharina,614.5,0.019151512137401187,0.009420709874687797
saccharina,616,0.018507184785715385,0.009373665634002607
saccharina,617.5,0.017961346403272738,0.009292542406236172
saccharina,619,0.017509241808396594,0.009232937899609139
saccharina,620.6,0.017165311191737063,0.009185894524656901
saccharina,622.1,0.016908676402823754,0.009161540435171062
saccharina,623.6,0.016711950104588244,0.009158995434244666
saccharina,625.2,0.01655925485562207,0.009166154249233135
saccharina,626.7,0.01641988528619515,0.009178432884389198
saccharina,628.2,0.016280261009255077,0.009155244663538604
saccharina,629.7,0.016121230836736854,0.009104822175344775
saccharina,631.3,0.01591251032987457,0.009066944550441611
saccharina,632.8,0.015696701517827386,0.009023351178344107
saccharina,634.3,0.01551661423383777,0.008977078505001047
saccharina,635.8,0.015423426445635872,0.008969785351470387
saccharina,637.3,0.015470183937834503,0.008987951164686382
saccharina,638.9,0.01566635121426394,0.009049938561658352
saccharina,640.4,0.015971303453936356,0.00918734381369955
saccharina,641.9,0.01640854774402968,0.009320141810191234
saccharina,643.4,0.016886222891474043,0.00947754553530756
saccharina,644.9,0.01732951118412079,0.009570562699944496
saccharina,646.5,0.017659163506664324,0.00963601628478313
saccharina,648,0.01783985200108756,0.009702778899118896
saccharina,649.5,0.017807869118310445,0.009728284810632537
saccharina,651,0.017545258197188784,0.00965931269451504
saccharina,652.5,0.01699936841279953,0.009559274773927798
saccharina,654,0.016261178876750784,0.009326160786061466
saccharina,655.5,0.015311351154351782,0.009033108918666781
saccharina,657,0.014223690433035448,0.008640093080908984
saccharina,658.6,0.01296678624566143,0.008176017568614318
saccharina,660.1,0.011703402719710675,0.007624773613986941
saccharina,661.6,0.010605891168457865,0.007027729684077627
saccharina,663.1,0.009651097850128956,0.006446500705335227
saccharina,664.6,0.008961098758348916,0.005934455445718829
saccharina,666.1,0.008529384615541064,0.005470483280563226
saccharina,667.6,0.008335955941481982,0.005072820419702523
saccharina,669.1,0.008337172586251763,0.004773712510268559
saccharina,670.6,0.008612732224275395,0.004625409815560868
saccharina,672.1,0.009039120060677574,0.0045048446044026495
saccharina,673.6,0.009627284458640261,0.004523934974697634
saccharina,675.1,0.010371379013614903,0.004567634275357278
saccharina,676.6,0.01124166469763078,0.0046785830360938805
saccharina,678.1,0.012168195338292179,0.004820338715206792
saccharina,679.6,0.013201493811092516,0.005040572363600007
saccharina,681.1,0.014338930550748011,0.005301443052284031
saccharina,682.6,0.015489551706867933,0.005764408003448558
saccharina,684.1,0.016906786941683426,0.006260069267810837
saccharina,685.6,0.01866593316654422,0.006875827983243088
saccharina,687.1,0.02126509833673319,0.007559323428012218
saccharina,688.6,0.024154348631402534,0.008483980509979186
saccharina,690.1,0.027000501914967126,0.009649648802024052
saccharina,691.6,0.03010806811367101,0.010771889554935502
saccharina,693.1,0.03403679578203485,0.01175942742872194
saccharina,694.6,0.038575506373226154,0.012683360311820303
saccharina,696.1,0.04339741922850601,0.013558256699472804
saccharina,697.6,0.04844237620965156,0.0146252818421392
saccharina,699.1,0.053917271328479746,0.01525658296912502
saccharina,700.6,0.059669203854351725,0.015957554614001914
saccharina,702.1,0.06554492830685055,0.016672592370741382
saccharina,703.5,0.07127431735339668,0.017247778024752154
saccharina,705,0.07662958365699622,0.018016754776909484
saccharina,706.5,0.0817793054287787,0.018717003743846564
saccharina,708,0.0870756793978576,0.019679789074038122
saccharina,709.5,0.09252212907019977,0.02081866258237387
saccharina,711,0.09806938481790825,0.02253391502198169
saccharina,712.5,0.10427484185829926,0.02435074857416597
saccharina,713.9,0.11121203822226289,0.026348674010378013
saccharina,715.4,0.120093076256322,0.02912894321000429
saccharina,716.9,0.1311800635250901,0.032553072777917864
saccharina,718.4,0.14447853006172798,0.035305315958494086
saccharina,719.9,0.15904894807744374,0.03918137588975649
saccharina,721.3,0.17140373747158227,0.0452345393805852
saccharina,722.8,0.17977710648593762,0.046430266467980395
saccharina,724.3,0.19061094388311248,0.049635498178733355
saccharina,725.8,0.2072992007926863,0.04944847895691177
saccharina,727.2,0.21642950882069878,0.04894587345205186
saccharina,728.7,0.22765827025431007,0.05155063592036814
saccharina,730.2,0.22603673927716006,0.05463529182627702
saccharina,731.7,0.22862272002794354,0.0594261725731958
saccharina,733.1,0.22842568610807057,0.05639410753078137
saccharina,734.6,0.23572431376305397,0.05884037407478891
saccharina,736.1,0.23225312559754552,0.05406481217957535
saccharina,737.5,0.23007269398848648,0.046384527951559035
saccharina,739,0.22677438113457904,0.053946214358038175
saccharina,740.5,0.21770573218691827,0.05649737830948646
saccharina,742,0.21446680791620557,0.05897462182348702
saccharina,743.4,0.21185702637000495,0.05461209280633398
saccharina,744.9,0.21505585471459157,0.05201783397261742
saccharina,746.3,0.21000707075344907,0.05729136581821486
saccharina,747.8,0.20399860854193874,0.05425289571592316
saccharina,749.3,0.2031475399068029,0.04699092213250597
saccharina,750.7,0.1913254681376706,0.05601468329243623
saccharina,752.2,0.1860106255102782,0.05043528419769683
saccharina,753.7,0.18702317897829782,0.03880450233452556
saccharina,755.1,0.18028897889230255,0.030213333029865518
saccharina,756.6,0.17766924881128063,0.028804658293990544
saccharina,758,0.16431216118379816,0.032772412268544944
saccharina,759.5,0.15608463314335697,0.0375951762864813
saccharina,760.9,0.14783251439512557,0.04667802054633104
saccharina,762.4,0.1384139076773429,0.030378676910722255
saccharina,763.8,0.131379683316591,0.03068253611338599
saccharina,765.3,0.12028140512902336,0.025764270212176074
saccharina,766.8,0.11649342608642252,0.029782922394869047
saccharina,768.2,0.1109588703472113,0.025550730687822345
saccharina,769.7,0.1117248868130236,0.021021363965098513
saccharina,771.1,0.10790722379862669,0.026119967856466465
saccharina,772.5,0.0957559637287003,0.02193720897033623
saccharina,774,0.09118455891356347,0.021083068437455995
saccharina,775.4,0.08857348927202514,0.019607402363332204
saccharina,776.9,0.0844566398251323,0.017575867317399078
saccharina,778.3,0.07949031949813623,0.020972729697459575
saccharina,779.8,0.08087634549144239,0.01727295966016033
saccharina,781.2,0.07288190918790836,0.027491072987532714
saccharina,782.7,0.07895179803523042,0.016297495272999077
saccharina,784.1,0.07345155048844862,0.014950991346142159
saccharina,785.5,0.06626916752371104,0.013855237792480102
saccharina,787,0.06633314675742663,0.009294141403631237
saccharina,788.4,0.06740470193370585,0.004591963440791857
saccharina,789.8,0.06321487564681644,0.0060496642187464625
saccharina,791.3,0.065123416879069,0.01117725359121104
saccharina,792.7,0.06324820689374103,0.007976132428552172
saccharina,794.1,0.060075522655207325,0.008497316391312156
saccharina,795.6,0.05713779674976603,0.01798814855572907
saccharina,797,0.05876664634845796,0.011374265748573711
saccharina,798.4,0.06078882214221243,0.00992891576269933
saccharina,799.9,0.06286244815716441,0.01288609613539592
