instrument;stationID;latitude;longitude;rhow_350;rhow_355;rhow_360;rhow_365;rhow_370;rhow_375;rhow_380;rhow_385;rhow_390;rhow_395;rhow_400;rhow_405;rhow_410;rhow_415;rhow_420;rhow_425;rhow_430;rhow_435;rhow_440;rhow_445;rhow_450;rhow_455;rhow_460;rhow_465;rhow_470;rhow_475;rhow_480;rhow_485;rhow_490;rhow_495;rhow_500;rhow_505;rhow_510;rhow_515;rhow_520;rhow_525;rhow_530;rhow_535;rhow_540;rhow_545;rhow_550;rhow_555;rhow_560;rhow_565;rhow_570;rhow_575;rhow_580;rhow_585;rhow_590;rhow_595;rhow_600;rhow_605;rhow_610;rhow_615;rhow_620;rhow_625;rhow_630;rhow_635;rhow_640;rhow_645;rhow_650;rhow_655;rhow_660;rhow_665;rhow_670;rhow_675;rhow_680;rhow_685;rhow_690;rhow_695;rhow_700;rhow_705;rhow_710;rhow_715;rhow_720;rhow_725;rhow_730;rhow_735;rhow_740;rhow_745;rhow_750;rhow_755;rhow_760;rhow_765;rhow_770;rhow_775;rhow_780;rhow_785;rhow_790;rhow_795;rhow_800;rhow_805;rhow_810
HyperSAS;PME4;49.74585;-64.3401666666667;0.000629443891988295;0.000652883671615147;0.000667914725285764;0.000673442944521851;0.000667160798201794;0.000711490806569499;0.000792957663671363;0.000893971388994815;0.000957910813603538;0.000993477152693987;0.00102692755171698;0.00108477417357037;0.00117356371314054;0.00127761792532393;0.00138066634571722;0.00148729858332284;0.0016183681288539;0.00178559282690961;0.00197882416226573;0.00216376008596821;0.0023339942141194;0.00250003918684273;0.00266401894215246;0.00284128056064732;0.00303779942806467;0.00323752197187376;0.00342202287434167;0.00358893350124023;0.00373714993465429;0.00386448890466139;0.00397008979130497;0.0040341139872458;0.00406973756680499;0.00412130194340796;0.00420524548875612;0.00432256313819218;0.00443009500279336;0.00448343935024987;0.00449222733983598;0.0044729463451065;0.00444957238511907;0.00443408160453249;0.00440653613841403;0.00433901519040246;0.00421047136305085;0.00401451222318837;0.00372249147606181;0.00331819134826523;0.00284650306030148;0.00239370868951707;0.00204894226571102;0.00183672542721825;0.00172141929035096;0.00165524157326873;0.00158166307035082;0.00148563870727322;0.00139196692549756;0.00131689656570301;0.00126137392221783;0.00120019680886087;0.00111325586091367;0.00102222722317187;0.000955358994207811;0.000934180141219489;0.000965928862538393;0.00102317212581273;0.00104999655541917;0.00100756884016561;0.000904678721786381;0.000785404675198959;0.00069990658949853;0.000637129013642321;0.000530438107334267;0.000406591852135067;0.00024219851972366;0.000124909582125172;0.000100816597992433;0.00013271917942241;0.000154609118286263;0.000160918482636802;0.000112285480425685;3.15492572551409e-05;-3.97305969073644e-05;-3.18149346433104e-05;5.92176895239781e-05;0.000135279892139754;0.000117288169421062;6.9349976875764e-05;4.39896967294697e-05;3.13122212634405e-05;1.88493726298882e-05;8.56823225513589e-06;0
HyperSAS;LDX1;49.0458055555556;-62.0292388888889;-5.41534294225125e-05;-4.86556058675859e-05;-3.85319403669538e-05;-2.47826005439661e-05;-1.29366372059305e-05;7.43147898064218e-05;0.000234373951890378;0.000442186065982799;0.000634450352060986;0.00080683635605727;0.000976442424114545;0.00117174362446277;0.00139494508233897;0.00163225656009966;0.0018762058992894;0.00214759699995763;0.00246852851542657;0.00284349705686083;0.00325632143524981;0.00366266221897684;0.00405935997590869;0.0044588588421048;0.00486504154422374;0.00530343169129582;0.00577679043223118;0.00625181217828669;0.00670194033624303;0.007124773943575;0.00750757424050743;0.00782451932120836;0.00803080124402534;0.00806265740090291;0.00797788103933615;0.00793053547632897;0.0080134407191611;0.00821619129891904;0.00840293038436623;0.00846022477997838;0.0083930001065526;0.00823378513062284;0.00804262630720989;0.00786821654956978;0.00769607522920686;0.00746355995795708;0.00709366717612097;0.0065463735558855;0.00580641013021803;0.00490376089493721;0.00393025634032342;0.00302267346171536;0.0023308817284959;0.00191065813185963;0.00171052470411045;0.00162375130582749;0.00154126673910642;0.00143577877847729;0.00132378239499077;0.00122505347772743;0.00115364634219766;0.00108364838476398;0.000983945970252571;0.000871591748921277;0.000781644266022348;0.000742819738557743;0.000761528989334171;0.000809726450225187;0.00084236806535061;0.000830769407910966;0.000775105979767126;0.000696635853939549;0.000627825913202414;0.000561089261566237;0.000458356473277617;0.000351812408638467;0.000235415279589423;0.000142858414161601;9.80885401587427e-05;8.38200208746423e-05;7.19356558971977e-05;6.75164853072668e-05;3.49438708236018e-05;-2.16303259864464e-05;-6.59499479285366e-05;-4.96455670502486e-05;1.94953527526101e-05;7.64875957447371e-05;5.60700996219433e-05;1.84872986894186e-05;7.0240656415996e-06;-5.0645387508346e-06;-1.6045841099964e-05;-2.52840988619942e-05;-3.29524488897391e-05
HyperSAS;LDX2;49.0283;-62.02915;-0.000608912707442194;-0.000412895909914452;-0.000218131034685647;-2.67507748399295e-05;0.000159749435988741;0.000415245853258168;0.00071797394010105;0.00103879250212213;0.0013081056178825;0.00154191084343215;0.0017838133317716;0.00206544509191463;0.00238818838679539;0.00274217259782063;0.00311474133279403;0.00350979723740466;0.00394493790204954;0.00443183016139067;0.00495926929283028;0.00547630976442004;0.00597018322553873;0.00645701814017327;0.00694093853297614;0.00744288143776714;0.00796873569283942;0.0084922621067787;0.00898470535920337;0.00943826179915271;0.0098371726325494;0.010156116920619;0.0103516676844079;0.0103595761254284;0.0102418589945148;0.0101648738675187;0.0102261697841916;0.0104100591348628;0.010572472750246;0.0105976916510894;0.0104928784046056;0.010297586767417;0.0100766664592388;0.00987839408529618;0.0096836581360023;0.00942338464338909;0.00901898095757238;0.00842855632434003;0.00762379502011085;0.00661918382498007;0.00550717376535466;0.00444055373493845;0.00359524394832606;0.00306146674045472;0.00279746028664291;0.00268004130014625;0.0025738438516214;0.00243705182480784;0.00229635211740523;0.0021759739435155;0.0020831442093819;0.00198686355961851;0.00185344291160125;0.00169814860839109;0.00156412221290244;0.00148882836495412;0.0014773966328855;0.00149055982404766;0.00147191118614389;0.00139605174587983;0.00126742645309927;0.0011128870898883;0.000965381756178557;0.000823109487788239;0.000669867246226232;0.000520186623370898;0.000369922348060471;0.000246548852482383;0.000166064324374688;0.000117191338122608;8.39108618963667e-05;7.2128435759047e-05;6.0012661994847e-05;3.29712200440293e-05;9.5304348860003e-06;9.55691674430694e-06;4.03967391651081e-05;6.12069573619286e-05;4.09695407989711e-05;1.58932003877559e-05;6.32358836016678e-06;3.64964929273805e-06;-6.09146966958365e-06;-2.04050529328203e-05;-4.0191301922231e-05
HyperSAS;LDX3;49.0109;-62.0293833333333;-0.000677448425219301;-0.000457574236306753;-0.000239703772939213;-2.54228852900468e-05;0.000183212981140821;0.000452193812024951;0.000764742526589542;0.00109474826388786;0.00137741536892988;0.00160989603136501;0.00182483927763232;0.00207311251627175;0.00237719338596716;0.00271971779277842;0.00307023232604013;0.0034301317695803;0.00381458678646528;0.00423636416436617;0.00467819618609319;0.00510016188046896;0.00550333430583524;0.00590020590795877;0.00629298833299737;0.00669491889168844;0.00710702854468204;0.00750756587192815;0.00787362189733652;0.00819939857773004;0.0084725974149059;0.00867425057716417;0.00877217262901252;0.0087181314936045;0.00856598738553027;0.00845227177755333;0.0084520101975133;0.00855043274657772;0.00863211774974837;0.0086033522262789;0.00847451731153839;0.00827788915312573;0.00806625303099716;0.00787612939107274;0.00768736193743864;0.00745004765332489;0.00711358744963842;0.00665409393221934;0.00604795470243007;0.00530227332455928;0.0044831415608473;0.00370235184221942;0.00308421979273573;0.00268913779678413;0.00249057830999093;0.0023976460383477;0.00230787858428414;0.00218965745237637;0.00206949354126769;0.00197247042806589;0.00189727121174061;0.00181330580119254;0.00169849134490112;0.00157432347480583;0.00147278512448359;0.00141379959152918;0.00139502234166357;0.00139084035280978;0.0013630921700643;0.00129162382685577;0.00118112010893474;0.00105051335246023;0.000925961598139667;0.000801275711640267;0.000659286093994958;0.000514699233050832;0.000360963867137777;0.00024061206906488;0.000174657772659832;0.0001460454543673;0.000126426176227796;0.000115303436788429;9.62245961517016e-05;6.61325474327937e-05;4.10162993877502e-05;5.03976598218071e-05;9.28473015509402e-05;0.000127311892993862;0.000123158526131858;0.000103688998628409;9.44862021682121e-05;9.30674315592239e-05;9.84545600400508e-05;0.000110762983698687;0.000129848764058474
HyperSAS;LDX4;48.9664583333333;-62.0289333333333;-0.000530147507655628;-0.000343364961078525;-0.000168024883685897;-5.57650721567507e-06;0.000142637833863644;0.000337048467083372;0.000567427558688714;0.000814856869938151;0.00101212910963906;0.00116321663979854;0.00129850613037759;0.00146018316379336;0.00166740867034065;0.00190690297976103;0.00215337305978338;0.00239863806733058;0.00265664328463663;0.00294513125931925;0.00325884729961298;0.00356100378512526;0.00384428315217031;0.0041200561156638;0.00439238385408763;0.00467325018734174;0.00496505268719935;0.00525218634232044;0.00551086128277742;0.00573319431579578;0.00591255830943157;0.00604358147016589;0.00611451758899042;0.00609026577631499;0.00600519153680548;0.00595245049517563;0.00597432194947216;0.00605692346774406;0.00611868983634941;0.00609524921675228;0.00599972600727753;0.00585682176010177;0.00570363216928272;0.00556568291869223;0.00542668322420838;0.00524721261595357;0.00499231625878129;0.0046505507527498;0.00420027999520976;0.0036356522428465;0.00300692056864096;0.00241129415201115;0.00195441175760203;0.00167250538204068;0.00152514131289624;0.00144663182553245;0.00136875989988638;0.0012720455525009;0.00117741821509326;0.00110111357386296;0.00104327924970504;0.000980510112726456;0.00089227494270284;0.000797595164928303;0.000725002597036044;0.000689678169855903;0.000696975390236592;0.000724347921782689;0.000726471474969464;0.00067591634743718;0.000577067209859808;0.00046630046024747;0.000379304460499231;0.000305426680827661;0.000200588456802151;8.9294674806256e-05;-4.17625674693413e-05;-0.000134459379556948;-0.000155657502573654;-0.000131972563264958;-0.000115935078415446;-0.000112529503309917;-0.000147617005005639;-0.000207600752742413;-0.00026184999348701;-0.000251881694437717;-0.000182323763025964;-0.000125798712034735;-0.000138673056602766;-0.000175904485036274;-0.000199987937628078;-0.000214518564901602;-0.000224565174224844;-0.000229969920289285;-0.000230509222525457
HyperSAS;LDX5;48.9225916666667;-62.0294;-0.00044678865043842;-0.000290849608555075;-0.000144878412320465;-9.55878666084176e-06;0.000111841914413248;0.000285822608803352;0.000494410934758203;0.000713482921078318;0.000885024267541932;0.00101857680266015;0.00114707989774812;0.00130132132055568;0.00149769825056112;0.00172233852401534;0.00194943463586503;0.00217891377168896;0.00242859626927046;0.00271056721436545;0.00301156323576289;0.00329973321611891;0.00357218242772989;0.00384125667234864;0.00410759045278474;0.00438465062136257;0.00468120424965413;0.0049786571877588;0.005253364426875;0.00549796900127092;0.00571006859541222;0.0058863471531306;0.00600930331163017;0.00603982263136526;0.00600813963752223;0.006002468198259;0.00606614980773617;0.00618967942096033;0.0062942878906851;0.00631603660758525;0.00626316231944101;0.00615761540256864;0.00603679277490706;0.00592665641531838;0.00581364126259492;0.00565977732186749;0.00542639880109086;0.00509277890336459;0.00464004144263923;0.00407639343665424;0.00345551424873426;0.00286741613294196;0.00240961041975018;0.00212193824207505;0.00197644009225246;0.00190635700669921;0.00183500445897907;0.0017422488156877;0.00164977062330354;0.00157592300487761;0.00152527036824959;0.00147244532739878;0.0013940665146536;0.00130672329700786;0.00124021786980692;0.00122173794768034;0.00125726938983684;0.00131179533200038;0.00132628792159247;0.00126749930423859;0.00115108872570359;0.00102246865227348;0.000919807579637996;0.000833856434128099;0.00072960111471206;0.000628286637050293;0.000523241045402356;0.000443881160917828;0.00040665296139424;0.000398063696976479;0.000392306144051995;0.000390656691008778;0.000374490008649294;0.000341491969461849;0.000314000275347166;0.000320130140238034;0.000362805940351587;0.000395069664653954;0.000376780313775451;0.00034544607587501;0.000333351986734112;0.000328836457051932;0.000330214988523173;0.000337819146730245;0.00035142525197703
HyperSAS;BIN2;49.2573444444444;-61.7422166666667;0.00330624569347233;0.00331981728275967;0.00331717907802222;0.00329901488088444;0.00325712288028533;0.00329182853723528;0.00339851549338879;0.00352362205464095;0.0035841824166006;0.00359099485256062;0.00357509034500104;0.00357635214631738;0.00361078432948608;0.0036678112391184;0.0037209490869659;0.0037787057859614;0.00387457764958099;0.00402676380892454;0.00421113302537904;0.00436775818697077;0.00449374172820549;0.00460892704205914;0.00471627106681359;0.00484294021811744;0.00500410446843785;0.0051733270135396;0.00531974508788304;0.00544499728510273;0.00555402416302709;0.00564266531354853;0.00569079674447861;0.00565085063254647;0.00555117519245764;0.00548013268060735;0.00547924470457335;0.0055447843272539;0.00559608641037167;0.0055635857758883;0.00546698337617132;0.00534009479501074;0.00521885222553296;0.00511445165147845;0.00499438029098553;0.00482126838464267;0.00458492989012943;0.00429595675297187;0.00391893609799708;0.00343376906304251;0.0029023463542043;0.00240898968674478;0.00203115929646337;0.00179860699139987;0.00169449171267499;0.00167237743224872;0.00162269862674025;0.00149703794388109;0.00135434864451117;0.00124840267675684;0.00118573577364687;0.00111595519651221;0.00101326099431648;0.00091251160878618;0.000834686647204439;0.000790238687183542;0.000794407046587487;0.000826678567373943;0.00083320516974604;0.000795838434574757;0.000731598849385051;0.000674954372984882;0.000665993750604435;0.00066607976032658;0.000588196007298348;0.000489857791831038;0.000345925733297889;0.00025708346950117;0.000289980682240008;0.000392058956405359;0.000451923202002273;0.00046422016039018;0.000330200021315745;0.000138665119424356;-2.49486823769092e-05;3.60383184603975e-06;0.000207214905738877;0.00033280142077048;0.000199949400807577;2.61751553860277e-05;-5.92137428165141e-05;-0.000109263382594276;-0.000115342068978317;-7.89031177543027e-05;0
HyperSAS;BIN4;49.2928277777778;-61.6595555555556;-0.000619996040403155;-0.00041467524547126;-0.000234958018220042;-8.11154709918201e-05;3.88207333060118e-05;0.000259548555310546;0.000552917051185105;0.000833308861442388;0.000964648622641291;0.00097590123371749;0.000949621860806814;0.000964996933366879;0.00104205094559329;0.00114611532480181;0.00123081249981517;0.00131317874708068;0.00143739659825105;0.00163212790942803;0.00187986922727042;0.00209556338318263;0.00226010949580941;0.00239808570192971;0.00251651451065839;0.0026629520042631;0.00286954260131758;0.00309424559865962;0.00327956886917251;0.00343063759975501;0.00356047544560976;0.00367460683437771;0.00376565118490843;0.00376713330816867;0.00369904330569284;0.00365787548067177;0.00368600566734593;0.00379434495728726;0.00388835092142847;0.00387584436574473;0.00379547230221797;0.00369933525821489;0.00362719370978595;0.00357981684822237;0.00350798173590696;0.00337397952295762;0.00318652061786692;0.00298135394339742;0.00269096904909402;0.00225993264575198;0.00178369566096687;0.00141577901879319;0.00124091912259622;0.0011816966615498;0.00113244778994648;0.00109529802121547;0.00103827474017613;0.000933926190354736;0.000820083830173262;0.000734272092903585;0.000698866379422589;0.000653468126845289;0.000560393947226286;0.00049468185212024;0.000480418944431365;0.000493800015527695;0.000529850169641244;0.000576740754058079;0.000587044693623238;0.00053924105494669;0.00045296700200393;0.000380849957339772;0.000407179437907222;0.000465660859711686;0.000365248151129642;0.000218457722745828;-2.72203471061007e-05;-0.000171459411644243;-9.03804705550712e-05;0.00011711861103708;0.000256012839134465;0.000320178389313143;0.000129423312216133;-0.000167461282982308;-0.000411422356782766;-0.00032718683924688;6.35905762604762e-05;0.000333146417604104;0.000162765108088135;-7.06978549385831e-05;-0.000145167794982528;-0.000175735777737303;-0.000162703593100892;-0.000103796401273245;0
HyperSAS;BIN5;49.3178833333333;-61.6037944444444;-0.000649184542892033;-0.000394559603864817;-0.000176306164349009;4.42191832044937e-06;0.00014016369337569;0.000379179491725938;0.000693902093214202;0.00100137876227942;0.00115338980708403;0.00115461527628556;0.00110382918675575;0.00111107030419118;0.00120640641556308;0.00134503714340313;0.00144347920160966;0.00153013823312931;0.00169093669612932;0.00196346184997025;0.00230451392285257;0.00258640009734419;0.00279029854887329;0.00296320802556307;0.00311779534113335;0.00330579394346162;0.00355586794952449;0.00381943985606575;0.00402890681870821;0.00418466787389877;0.00429857495405793;0.00435545646860172;0.00433135770558793;0.00415328221725311;0.00387595873721882;0.0036636042620211;0.00357560352407045;0.00360728401840608;0.00363407278161578;0.00353278022709295;0.00335212690951225;0.00316089719747983;0.00300937713023488;0.00290464048342137;0.00277656719159083;0.00256773750936653;0.00230367370320669;0.00205295165479421;0.00172532515848788;0.00122187802992097;0.000658659925533731;0.000259001275441151;0.000141502360304476;0.000165132631145193;0.000161034481356154;0.000143191978488003;0.000100284132954397;4.81845053151738e-06;-0.000104743922219448;-0.000177060382540411;-0.000188773159988424;-0.000220249034748576;-0.000310299068726549;-0.000356759760752863;-0.000331685623391052;-0.00028378242655938;-0.000210628083205482;-0.000118904736062743;-8.17182205188114e-05;-0.000120209881488013;-0.000196249538040272;-0.000237117931474748;-0.000125162761676015;3.52161768250341e-05;-5.19699672893322e-05;-0.000215475294835261;-0.00053703807296544;-0.00070994832798355;-0.000538579804524985;-0.000177392823268621;7.15258262328077e-05;0.000198661935333672;-7.77685868007691e-05;-0.000528641093895161;-0.000889308140632917;-0.000727616381041573;-6.13370486771269e-05;0.000436593570644113;0.000231760459286383;-8.95050509847281e-05;-0.000164341780255545;-0.000173378644626766;-0.000105648701117267;3.95801775197994e-05;0.00026121216629479
HyperSAS;LDS2;49.107;-62.5163055555556;0.00181411844070956;0.00206382501171753;0.00232778806774439;0.00260519783865864;0.00289200068975627;0.00326888237476782;0.00371902537867309;0.00419696413643758;0.00461511169147341;0.0049699646711148;0.00530388385239686;0.00567729921935761;0.00612619664411724;0.00663934581563138;0.00717738052055646;0.00774178598755734;0.00836219448193409;0.00905733138673599;0.00980527091963979;0.0105380616985368;0.0112397370421687;0.0119232973615171;0.0125874064816593;0.0132628395757238;0.0139696383222576;0.014675398655353;0.015340390423562;0.0159604740370162;0.0165229678392094;0.0169972659602736;0.0173101101002633;0.0173490073528229;0.0171941172562678;0.0170904231731391;0.0171894503695841;0.0174705538563473;0.017724936962943;0.0177866587919199;0.017659106804079;0.0173909175228438;0.017075297626561;0.01678644440832;0.0164995530936696;0.0161075134466047;0.0154858154680329;0.0145593864583503;0.0132792027865359;0.0116815649668422;0.00990593642592625;0.00818280636590593;0.00679329896611399;0.00589373728974978;0.00543718420917526;0.00522524358448871;0.00504110123260083;0.00481923362058942;0.00459128623137624;0.00438606500912117;0.00421054643694589;0.00402174966305379;0.00377125510611238;0.00348604824492068;0.00323436828344173;0.00307181233897413;0.00300575818133635;0.00297557667390314;0.00290076589479375;0.00273880080532909;0.00249108679882445;0.00219791134078195;0.00190151533353496;0.00160345087752138;0.00128682940757314;0.000976881511471935;0.000671427256337673;0.000424351712881919;0.000260689230947181;0.000159095322155904;8.58616279294582e-05;4.34940006510668e-05;1.29994887780126e-05;-2.61408513729753e-05;-5.53264488054686e-05;-4.94974456488048e-05;-1.04342196828744e-05;2.13446898009443e-05;1.54797351740449e-05;5.5119326571828e-06;1.37048016532897e-05;2.54015528711598e-05;2.55045489833014e-05;1.74365073281033e-05;0
HyperSAS;LDS3;49.0871;-62.5246666666667;0.00168961952996202;0.00165326932310594;0.00161520007858812;0.00157324052719661;0.00152889105088571;0.00152163989493941;0.00153151408907121;0.00155888729503523;0.00156788978328787;0.00156833049800735;0.00157818186116825;0.00160643172913968;0.00165164812654922;0.00170406488751123;0.00175991455563023;0.00182642042638443;0.00191554562790848;0.00203614291031564;0.00218277144954989;0.002330268875902;0.00247064002397969;0.00260779274872023;0.00274182766539633;0.00288487716789723;0.00304123778865621;0.00320243291554691;0.00335771226590973;0.00350029436510358;0.00362001674657963;0.00370309963712475;0.00372872930964689;0.0036695950473781;0.00355684776062645;0.00346915873824876;0.00344952615710858;0.00348674014878947;0.00351476872023341;0.00348151562224972;0.00339120798472825;0.00326184695516794;0.00312196637824643;0.00299349599908931;0.0028668607106402;0.00271242861587988;0.00250646093963688;0.0022457637387522;0.00193115812257507;0.00157635771903307;0.00122000278102766;0.000917835322980443;0.000710944373512565;0.00059397807613058;0.000532664429040916;0.000491490585725122;0.000447119939141162;0.000399039031315697;0.000354938516611966;0.000319738794211388;0.000293239892694063;0.000267053442616247;0.000235032173123542;0.000204057978414871;0.00018202319799122;0.000173600386815934;0.000181647919723994;0.000198492788873258;0.000208014706369432;0.0002038196230322;0.000193247088409874;0.000187015781022315;0.000192261501572505;0.000199040310266052;0.000187885963938615;0.000169499719727783;0.000139005735482505;0.000119666987063393;0.000125394016291735;0.00014506290051153;0.000156748235085386;0.000157924269551543;0.000134526130323854;0.000100669700171117;7.0991036052475e-05;7.38708394269575e-05;0.000108204742401181;0.000135044509168444;0.000123368069438301;0.00010035036868997;8.79089702711648e-05;7.59888365282814e-05;5.65648353826593e-05;3.14872681666875e-05;0
HyperSAS;LDS5;49.0424833333333;-62.5445833333333;-0.000375657838135219;-0.000251888804230309;-0.000130274217509598;-1.26946671835752e-05;9.81799916905243e-05;0.000274923977856687;0.000499572266373022;0.000740794351118681;0.000919361386901444;0.00103978022743566;0.00115172572532317;0.00130824801445806;0.00152379030756472;0.00177238631224799;0.00202513064986522;0.00228679023671737;0.00257501704377463;0.0029078245731122;0.00327799732194145;0.00364159796520228;0.00398771468068063;0.00432458836921115;0.0046543939354365;0.00499996759507469;0.00536871100308186;0.00573876362782406;0.00608426332422677;0.00639686496115525;0.00666705376848776;0.00687987130158599;0.00701263747353825;0.00702119117592448;0.0069478710903925;0.00691063991265082;0.00696922416242424;0.00711052551615798;0.00723018149375046;0.00724128646512385;0.00715589034160802;0.00700490831672063;0.00683371326074637;0.00667657179522547;0.00651326670233694;0.00628976895000425;0.00596149700428127;0.00551955641776945;0.00494994305702668;0.00425477339424708;0.0034993171345746;0.00280505300639823;0.00229321776751684;0.00199242297895318;0.00184211622658571;0.00176118245298366;0.00167225561831405;0.00156181349611747;0.00145906162106573;0.00138218643097408;0.00133012863342655;0.00126600804311706;0.0011687211138687;0.00106966046992623;0.00100221897040722;0.000980295698522814;0.00100221063287625;0.00103701616508744;0.00102632174028363;0.000947874010743302;0.000826077320308295;0.000711055045915672;0.000644787490420441;0.00059258205298328;0.000483120681663068;0.000355598547015938;0.000187310384188743;7.78213625333411e-05;8.08054046033558e-05;0.000151282046664793;0.000197886957565952;0.000213434897915106;0.000141351676666449;1.51234299117511e-05;-0.000100302492682002;-9.91471439562334e-05;3.4200202164547e-05;0.000154015213403972;0.000132519506573086;5.49365723575897e-05;3.43436599185661e-06;-3.16042872995276e-05;-5.16867723634994e-05;-5.75725655152354e-05;-4.90925195851696e-05
HyperSAS;LDS6;49.0174666666667;-62.5524933333333;-0.000238002703646259;-0.000171949947276608;-9.92932862719552e-05;-2.15850121039562e-05;5.82148366600412e-05;0.000205248450588868;0.000410258865794311;0.000650177295572414;0.000855343187703504;0.00102311224396544;0.00118311599726919;0.0013774300842729;0.00162539961069812;0.00190978951319139;0.00220376740581213;0.00251053079540519;0.00284833429006934;0.00323566675517328;0.0036623263399391;0.00408277746332901;0.0044853933006454;0.00487669368258108;0.00526148193246621;0.00566296356502935;0.00608662942040162;0.00651006052734794;0.00690370587239157;0.00725510621865144;0.00755488747016723;0.0077904731048474;0.00793757510468042;0.00794726695947112;0.00786408867126672;0.00781701309781363;0.00787691356120048;0.00802619206685615;0.00814920263299075;0.00815505614253694;0.00805475923615388;0.00788233437087733;0.00768963133596371;0.00751395552851394;0.00733744754626537;0.00710503478816323;0.0067633007255906;0.00628939891179153;0.00566820071728196;0.00490882851520545;0.00406430492496999;0.00324291734726287;0.00258522974518143;0.00216859808363864;0.00196485831780922;0.0018723895993506;0.00178368798641354;0.00167147280812617;0.00156031750597828;0.00146813668126871;0.00140030149731056;0.00133187139686258;0.00123334425191515;0.00112152913955822;0.00103442561595342;0.00100428485006393;0.00103831387081442;0.0010973918407616;0.00111897054304818;0.00107090710492487;0.000963938487960206;0.000838456106190345;0.000732386435390558;0.000639121223267629;0.000528476899411363;0.00041502253282019;0.000289756346813011;0.000190767917736374;0.000140325376207431;0.000122257864996039;0.000108934200560474;0.000101933087082356;7.37522232352125e-05;3.15389834061641e-05;-3.6227287552125e-06;1.07557190055099e-05;6.34777956471528e-05;9.42814559348099e-05;6.79422247674122e-05;3.49302216332607e-05;1.97359071057101e-05;3.32947765311855e-06;-1.70339673944469e-05;-4.06937543950244e-05;-6.77836598683421e-05
HyperSAS;PSO1;49.4321055555556;-63.6161888888889;-0.000254516609131347;-0.000133189618257685;-3.83525051346047e-05;2.96739494832865e-05;6.26853522237663e-05;0.00016194127500894;0.000309094907697914;0.000469716768288329;0.000562232872143948;0.000602508110460558;0.000649854556263077;0.000744953424949007;0.000908011733897314;0.00111598998782077;0.00134182854025741;0.00159910447512828;0.0019032822446633;0.00227235127083254;0.00269350589026524;0.00311845748110787;0.00353874457953858;0.00396348282462815;0.00440069579442626;0.0048803575812287;0.00541426492268765;0.00597024251872419;0.00651119087236797;0.00702622927230921;0.00750454847759874;0.00793764833838124;0.00830206279989624;0.0085434885419506;0.00869931310960823;0.00888452669724449;0.00916629577911264;0.00953231529926149;0.00986974583127836;0.0100885862709788;0.0101955713961218;0.0102186970709248;0.0102123021797981;0.0102235196713004;0.0102256889082639;0.010132113052246;0.00985185815117298;0.00933499046957731;0.00855001279396669;0.00749007376266277;0.00624728371487101;0.00502539423015864;0.00405524405673059;0.00345544303236296;0.00316110359629779;0.00301761687824626;0.00288346033600952;0.00271730644806805;0.00255830045128414;0.00242842127341397;0.00232816410086967;0.00222136008514528;0.00206853800576358;0.00189803893024002;0.00176601885617152;0.00171941310065173;0.00177069686227009;0.00186445888518833;0.00189337041027488;0.00180247573676241;0.00161535942666426;0.00139218153898224;0.0011962342831184;0.00101481887521025;0.000821134791715987;0.000628991226797985;0.000430482640417502;0.000266426236551124;0.000167631615359597;0.000115034823501589;7.90344645186263e-05;6.74029286960902e-05;3.75734325978933e-05;-1.94648321784434e-05;-6.8294438461592e-05;-5.35839904868726e-05;1.16323177635915e-05;5.82898827402834e-05;3.30077552099212e-05;-2.37655993175028e-06;-2.71564355513541e-05;-6.044566038301e-05;-4.57387523447641e-05;5.80660322312795e-06;9.80797351847933e-05
HyperSAS;PSO2;49.4202611111111;-63.6316722222222;-0.000479041703336035;-0.000325633395411073;-0.000180299755531794;-4.44854324226162e-05;7.94019523272238e-05;0.000312141372074224;0.000635450780803024;0.00094850340064412;0.00107431267013884;0.00103573025260834;0.00093684591545299;0.000903655141001251;0.00096646752404839;0.00106463699667399;0.00112939105709137;0.00118969976022256;0.00132844513450049;0.00158452682274258;0.0019123941921389;0.0021935100989564;0.0024064196580209;0.00259425700599503;0.00276649772302844;0.0029764052166105;0.00326570382032314;0.00358575664273439;0.00386752920738477;0.0041069434203669;0.0043122921694263;0.00449833648830368;0.00466630360001764;0.00473424022206534;0.00471890037334257;0.004739767695562;0.00484132222521674;0.00503289068888739;0.00520156215153964;0.00523750517043714;0.00519899373457544;0.00515123821177307;0.00513098612056143;0.00513623423081954;0.00509940123068187;0.00496455093696374;0.00473598723804967;0.00445119076315988;0.00401800139343798;0.00334977028152448;0.00254496840802246;0.00183984363110423;0.00143311819260192;0.00126574810614486;0.00116187097007012;0.00107068018752191;0.000959414346716525;0.000823899264275543;0.000695418311566411;0.000589760576279514;0.000541293430644273;0.000495434321304211;0.000393502483694032;0.000303884478477634;0.000259719909685908;0.000259328629802338;0.000332335245347935;0.000454880841602488;0.000524700551606431;0.000511152423542381;0.000442989228507833;0.000369030267944449;0.000373410607587135;0.000382014010716807;0.000231776237761463;4.04335520858927e-05;-0.000227293016700257;-0.000402344038423843;-0.000360656248711007;-0.000192490619788557;-7.51475364945435e-05;2.37402274437285e-05;-0.000198804121201961;-0.000584988512201858;-0.000881834663572638;-0.000709053371030702;-8.97457705676161e-05;0.000350707208444326;0.000132338802470586;-0.000164473340083074;-0.000192670429823512;-0.000156200471965514;-5.84637124153304e-05;0.000105225448417297;0.000333040487027179
HyperSAS;PSO3;49.4047388888889;-63.6514277777778;-0.000674027773305071;-0.000406402890784879;-0.000175651743753606;1.63039731359771e-05;0.000166868437602481;0.000392675238775298;0.000672525221135043;0.000938310167178681;0.00105521461554607;0.00106084420022219;0.00103669871623447;0.00106335230895328;0.00115765643432867;0.00127461553079109;0.0013711877651142;0.00146587099681681;0.00161745870902101;0.00186487289949992;0.00217179157425161;0.00243874911488254;0.00265056226743844;0.00284062846424142;0.00301619743870872;0.00322026636289286;0.0034838468377998;0.00376764678385086;0.00401688645869772;0.00423041245615836;0.00441609120924669;0.00457999424838111;0.00471845364881617;0.00477355538667401;0.00476885229038622;0.00480038073289372;0.00489533019874727;0.0050546642034111;0.00519069980463423;0.00521700898614016;0.00517791262136833;0.00512731066411425;0.00509620462099045;0.00508660645326504;0.00504328663903461;0.00491854145075316;0.00471959380755734;0.0044798833839563;0.00412511494694049;0.00358114281618293;0.00292395698054237;0.00233971746698813;0.00198463247262465;0.00181857466620881;0.00171383571858806;0.00163316629246226;0.00153342071270743;0.00139975822036164;0.00126946764188114;0.00117490387790049;0.00112978657881158;0.00107146435611731;0.000961155214517945;0.000869668722953457;0.000838327158047477;0.000854615294074355;0.000920659069450829;0.00101403648118303;0.00104136568792124;0.000973872691707519;0.000850868467425221;0.000734141983805601;0.00070450561275803;0.000691210304051693;0.000530056982961256;0.000329125918351866;4.96648473209374e-05;-0.000129506021100531;-8.55769693278757e-05;8.86244377878039e-05;0.000203040111522293;0.000267126727154224;5.08947340255088e-05;-0.000303084322949111;-0.000593796723125117;-0.000489489290204444;8.73470016387397e-07;0.000360228815218051;0.000197701254767014;-4.81368138434705e-05;-0.000105182773038279;-0.00010492044543817;-6.95355035480096e-05;7.00359904031781e-06;0.000122467956081209
HyperSAS;PME1;49.7174807692308;-64.2128782051282;9.8137525745981e-06;9.81286724821201e-06;7.55083086881896e-06;4.40269053272606e-07;-1.19842483361091e-05;2.92598491325633e-05;0.000101913094043052;0.000194786688734367;0.00024741242748222;0.000267212615065133;0.000293406253373911;0.000359638932636539;0.000474158037455357;0.000615427205389314;0.00076087506392336;0.000915179800276288;0.00109329158944139;0.00130890305175082;0.00155453632258957;0.00179560509758058;0.0020242204311663;0.00225012228892311;0.00247803860906404;0.00272429736669508;0.00299157305567937;0.00326313156970808;0.00352095730600884;0.00375599712133444;0.00395960650489222;0.00412378587115366;0.00423522271475403;0.00426557650319945;0.00424016312682303;0.00423644136462767;0.004298148997553;0.00441649879994325;0.00452001498128425;0.0045480549838064;0.00450644060159387;0.00441726553269642;0.00431118227948142;0.00421229691427387;0.00411105869677252;0.00397249773634236;0.00376242558768595;0.00347302375992211;0.00310118937658807;0.00264920399415539;0.00215370967279253;0.00168872275511575;0.00133548959753612;0.00112298799378239;0.00101473125039105;0.000955213890669337;0.000895670691714113;0.000827370355962411;0.000765190916838165;0.000718030617273908;0.000689662300637444;0.000662719436795168;0.000617409772019926;0.000567068845337141;0.00054074376248263;0.000566113330963006;0.000647070435930638;0.000742027245203052;0.00078615510815887;0.000746351894755772;0.000642720556762752;0.000526481602583507;0.000439086100743977;0.000378159045812318;0.000313124786254017;0.000250270563385579;0.000180362208314442;0.000124430293174389;9.79319537051568e-05;9.10437656988504e-05;8.66131182449327e-05;8.73803715117299e-05;7.36526957185269e-05;4.3386134128276e-05;1.54226965581523e-05;1.3272338128321e-05;4.22297097930107e-05;6.65271100049917e-05;5.12285376904732e-05;2.3757992325962e-05;2.51299738726069e-06;-2.02255893655027e-05;-2.77489659439971e-05;-2.32351806868825e-05;-5.84455745664934e-06
HyperSAS;PME2;49.7414902777778;-64.2540319444444;-0.000136489359967682;-9.69653572363929e-05;-5.5045032336251e-05;-1.30138284312678e-05;2.88332393011796e-05;0.000127212406329326;0.000258371178219925;0.000403887669275536;0.000503998222559652;0.000573561870350048;0.000651581085866955;0.000768529641248063;0.000929677716386875;0.00111452887178984;0.00130607178708594;0.00150951241280696;0.00173587605049123;0.00199684491512614;0.00228738348144122;0.00257823540874991;0.00286221617143878;0.00314525755680985;0.00342895963482593;0.00372965662062592;0.00405027338570201;0.00437338526801427;0.00467920804744164;0.00495690371430719;0.00519514090252862;0.00538442236445416;0.00551193641909835;0.00554662489820209;0.0055185644236208;0.00551612048499594;0.00558717167750796;0.00572120288967093;0.00583784945348756;0.00587064106773779;0.00582422480483152;0.00572099191323143;0.00559807977075791;0.00548530262391632;0.00537234809919821;0.00521732665379706;0.00497519170394261;0.00462185780022166;0.00414541087587019;0.00355876039930756;0.00291834832097323;0.0023235473633548;0.00187142961530773;0.00159636204337638;0.00145847089691771;0.00138442440714668;0.00131277905152752;0.00123030493252387;0.00115124377977357;0.00108694231477349;0.0010408898046446;0.000995152239466762;0.000930594642396451;0.000860278872064687;0.000812001250568837;0.000811882760975666;0.000861286835666424;0.000924572850030047;0.00094761768604316;0.000900348366452059;0.000798676993252825;0.000681058171278965;0.00058086322724143;0.000498868380801291;0.000414612524646165;0.000333042261614173;0.000248260850193549;0.000180114443532598;0.000141925111217379;0.000124629920412927;0.000111870328554033;0.000105998872318276;8.90054296094112e-05;5.94146123642351e-05;3.32552825632378e-05;3.14977562883346e-05;5.56388059140729e-05;7.35542026416189e-05;5.65983123858254e-05;3.21294166142903e-05;1.76236155552041e-05;2.66951959056091e-06;-1.52324924522914e-05;-3.5454532770695e-05;-5.83016312242503e-05
HyperSAS;PME3;49.72194;-64.2587966666667;0.000549730016876541;0.000339831667595858;0.000149746572046068;-2.3359478601764e-05;-0.000179624590541403;-0.000271166039033296;-0.000320066238680607;-0.000330739143240163;-0.000349915436059779;-0.000370353215514029;-0.000371724846671411;-0.000346968837768125;-0.000300758987114602;-0.000249676971764876;-0.000197115060046096;-0.000129774764407223;-3.64973600959693e-05;9.48461295165082e-05;0.000259579380039281;0.000429696097824785;0.000594289126095147;0.000756760777723064;0.000920847470173348;0.00110224031631529;0.00130540605168549;0.00151401410494667;0.00170866337869097;0.00188364817284281;0.00203733391349051;0.00217514401254271;0.00230383703919536;0.00240919735153339;0.00249854396988602;0.00260290875281044;0.0027335228473782;0.0028885231536478;0.00302882266928782;0.00311841936732548;0.003166818835021;0.00318941223751443;0.00320349700564257;0.00321817325184882;0.00322038174578446;0.00318710058731499;0.00310227761668286;0.0029631626178322;0.00275664399387147;0.00246732851464407;0.00210845522276124;0.00174398346106086;0.00145339876210051;0.00126704832270238;0.00116112333279315;0.00109277370024441;0.00102478702059134;0.00095098625158562;0.000882002190046002;0.000828179712358344;0.000796082942319777;0.000765089230078049;0.000709168084420575;0.000643301391267412;0.00060396731094175;0.00062602445306798;0.000718953239497861;0.000842893840252524;0.000926773643467194;0.000925874366295337;0.000847917802033875;0.000737778721295166;0.000642981529106264;0.000567390723417215;0.00048377907284886;0.00040064084267418;0.000309626700758648;0.000236957695204109;0.000201840844601848;0.000191371370936994;0.000181894755615057;0.000177209839915348;0.000145444149830361;9.32849071526152e-05;4.82052828884637e-05;4.88853435090634e-05;9.75882562489014e-05;0.00013196010911038;0.000100181936545283;5.43861868617557e-05;2.91128930550089e-05;4.32218689357714e-06;-2.61226935229745e-05;-6.07005678140501e-05;-0.000100150617600603
HyperSAS;PME4;49.7437883333333;-64.2958016666667;-0.000136721266495959;-0.000101554105615213;-6.08286040674504e-05;-1.70426662400251e-05;3.12215645631153e-05;0.000128302288901105;0.000246203234866766;0.00037207285849354;0.000456175557946098;0.000514580192379053;0.000581976459706498;0.000682377526991158;0.000822086793428542;0.000985199069607719;0.00115824453939934;0.00134086075266332;0.00154060650117214;0.00176806327581817;0.00201846484879755;0.00226498659165026;0.00250084197773892;0.0027360243893807;0.00297517130956081;0.00323012910639428;0.00350008407782882;0.00376877148141777;0.00402088109671909;0.00424556104972139;0.00443070211863338;0.00456613717628144;0.00463940487169035;0.00462910585970884;0.00456599785169706;0.0045274977784202;0.00455458134320288;0.00463495130387766;0.00469943733117657;0.00469312061521013;0.00462276175789268;0.00450847343563923;0.00438097682927613;0.00426390733267479;0.00414853240324118;0.0040037397800867;0.00379674086625395;0.00351493348766039;0.00315356949664824;0.00271952719911012;0.0022475779644136;0.00180409027354912;0.00146176091223813;0.00124859992724008;0.00113753673811206;0.00107496867401543;0.00101285935982694;0.000943159013686668;0.000877924787908022;0.000825189956970114;0.000788238077372007;0.000752776387850152;0.000702307410432062;0.000646647694961306;0.000608808688886343;0.000609270092494198;0.000649644345091406;0.000699158779241823;0.000713392391912929;0.000673026202871792;0.00059253409718434;0.000502451036109891;0.000427979184667919;0.000366238948356061;0.000298035683323101;0.000230203364361593;0.000156902338357715;0.000100401774707301;7.47855634859205e-05;6.97043031592315e-05;6.610930029664e-05;6.48885705950033e-05;5.03089671281493e-05;2.18753753480943e-05;-3.44663856612995e-06;-5.18530274623522e-06;2.30617283916962e-05;4.87966884622477e-05;4.08136007300064e-05;2.06988856832274e-05;5.62217436354311e-06;-8.70236701776678e-06;-1.71882448520544e-05;-2.09824074632445e-05;-1.97605737361935e-05
HyperSAS;PME5;49.7604233333333;-64.32376;1.13380005633182e-05;-8.63516995860008e-07;-6.84614548715456e-06;-9.02400850881448e-06;-7.34693363871567e-06;4.69032063826461e-05;0.000135431162679965;0.000243263213181252;0.000311250634492686;0.000346872320736384;0.000385356853476745;0.000458744328496959;0.000578538411101675;0.000729630123046915;0.000896413831004825;0.00107903191178414;0.00128286131681159;0.00151733319459857;0.00177633777249991;0.00203402110752561;0.0022870816228466;0.0025452545127954;0.00281103926309892;0.00309717739369889;0.00340494175332704;0.0037159276839275;0.00401050474263485;0.00427548817656214;0.00449663409346035;0.0046638249164145;0.00476308617946683;0.00476656853265044;0.00470742383555909;0.00467425068309571;0.00471531183714709;0.00481930821160209;0.00490524106855742;0.00490819032958024;0.00483675061548379;0.0047136269145695;0.00457483299043642;0.00444919123521176;0.00432627396015767;0.00416972575981175;0.00393976054536367;0.00361971689659788;0.00320674488004332;0.00271570762603103;0.00219572913360917;0.00172332151602272;0.00136974538078795;0.00115466196622786;0.00104310030343046;0.000981526104731451;0.000921481632532226;0.000853879370081267;0.000791437619033389;0.000742687415410095;0.000711980320558869;0.000681009899221469;0.000632153698407693;0.000579180605827963;0.000544830652453042;0.000548120333677896;0.000589868267556977;0.000640936261370835;0.000657943330579306;0.000621590247847161;0.000547371645394468;0.000466646894677094;0.000403011924355825;0.000348842266628041;0.0002843757965857;0.000219529403496663;0.000148724883691434;9.54143948513363e-05;7.40882988747398e-05;7.38671381051673e-05;7.38183602107652e-05;7.56148879939293e-05;5.76842461761431e-05;2.43609681235337e-05;-4.50158859985205e-06;-6.52590042228022e-07;3.92290562852248e-05;7.13195327588744e-05;5.60018762426418e-05;2.75618106217847e-05;1.03984380119553e-05;-4.53632514099697e-06;-1.80068343900421e-05;-2.99270655537033e-05;-4.05298451760464e-05
HyperSAS;PME6;49.7752651515151;-64.3491075757576;0.000593618731753245;0.000360567445834976;0.000156562088484836;-2.06469467054576e-05;-0.00017391648102283;-0.000242604379168015;-0.000244306203258294;-0.000209260659742479;-0.000205511314022161;-0.000225775585476448;-0.000233266428001875;-0.000191770929161766;-8.8735735110816e-05;6.07920500226703e-05;0.00023392080318881;0.000436315973916488;0.000686352845956848;0.000997878859537107;0.00135846068322808;0.00172610585695071;0.00209524193240485;0.00247789143979937;0.00287735721105852;0.00331191035926738;0.00378167489606717;0.00425881980501185;0.00471359493330723;0.00513957227857914;0.0055328807056988;0.00589010607609218;0.00619765400378594;0.00640674548204969;0.00654397229534039;0.00671075411417403;0.00696480998127917;0.00730171223397467;0.0076158755960804;0.00781435517257531;0.00790614020163434;0.00792072999959448;0.00790725384912457;0.00790104161541872;0.00788096464955678;0.00779506739124581;0.0075824966081529;0.00719507349798416;0.0065945382247332;0.00578837147959935;0.00486074225498502;0.00396652576188415;0.00326806078189809;0.0028345726186481;0.00262384051050386;0.00252850348419986;0.00243792368270567;0.00232755841113796;0.00222144359537658;0.00213686182215797;0.00208142766061964;0.00201873547308221;0.0019103397142121;0.00177917814502486;0.00166803425680428;0.00161260208452938;0.00162206347794481;0.0016579784696259;0.00166065465460553;0.00160304194436441;0.00149055379786387;0.00134824804475713;0.00120530625620747;0.00105437350483797;0.000876738616522248;0.000694361832256104;0.000502477877784962;0.000348509930448762;0.000258279207870737;0.00021205879046233;0.000178596359879331;0.000164680368671892;0.000126782168220004;6.56249244700704e-05;1.51199118607676e-05;2.55178292107392e-05;9.54697974244779e-05;0.000142191305635948;0.000103927630798393;5.30343035801147e-05;2.95435136132502e-05;5.8635700343588e-06;-2.50943684025894e-05;-6.14545925403595e-05;-0.000104146433183122
HyperSAS;PME8;49.76236875;-64.4033395833333;0.000113144453322446;7.56600734056562e-05;3.92678404575375e-05;1.12835964897217e-06;-3.79171102446617e-05;-2.86175145384316e-05;1.03086430617554e-05;6.85370936177053e-05;8.53253498170823e-05;7.10232489225968e-05;6.20941672234202e-05;8.81428153724831e-05;0.000156872829201956;0.00025041678036448;0.00035302840599526;0.000465965902212077;0.000601429693622887;0.000774562742011034;0.000979189882130763;0.00118268288396946;0.00137532820306001;0.00156611089146402;0.00175870539772176;0.00196739190157017;0.00219509055166952;0.00242527697647512;0.00263843669477585;0.00282546453042189;0.00298444155206641;0.00312230343427916;0.00325082751400189;0.00336091132548738;0.00346242610791424;0.00358288656316968;0.00372702785944178;0.00389252434717307;0.00404118987149506;0.00413812686423813;0.00419583745226936;0.00423221250918844;0.00426770939853121;0.00430807538687624;0.00433107845870663;0.00430838808130467;0.00422502410213132;0.00407834239810783;0.00384793575692902;0.003514932061574;0.00309683302280547;0.0026598165840184;0.00229559973425006;0.00205060330913227;0.0019110092665511;0.00182893079861009;0.00174217380784627;0.00163813912925723;0.00154164437921758;0.00146952405537009;0.00142390310638822;0.00137502471721314;0.00129586419611074;0.00120598228260784;0.00114918600246358;0.00117060488201767;0.00128289823807179;0.00143339666624653;0.00152144688372793;0.00147970002874717;0.00132196571336892;0.00111884870176085;0.000942705609320863;0.000802474999940431;0.000658160213312587;0.000520208314516234;0.00037555580184485;0.000263392124863827;0.000211281043116469;0.000199693570149172;0.000189505958727738;0.000181140922087353;0.000147238872244597;8.73725571286505e-05;3.12312687635235e-05;1.98612441636496e-05;6.35613602136584e-05;0.000102085374228765;8.17787375001553e-05;4.27955840908675e-05;1.46352367351615e-05;-1.28723926996652e-05;-3.20002538485259e-05;-4.43984678980042e-05;-4.97077301886699e-05
HyperSAS;PME9;49.7368666666667;-64.3596212121212;0.000130901000293066;7.90168649696553e-05;3.32255253728198e-05;-9.19275228241662e-06;-4.68040599231813e-05;-3.48497982945804e-05;1.15160995050684e-05;7.6794155877562e-05;9.94564258092405e-05;9.0998598663667e-05;8.66835770253605e-05;0.000117402190504118;0.000189307859283;0.000286720630391951;0.000394914576774387;0.0005142170088826;0.000654483587050057;0.000831482283432756;0.00104643139692883;0.00126896046801866;0.00148530295295035;0.00169635689724591;0.00190343198050359;0.00212757106983632;0.00237770836563562;0.00263748032505462;0.00288431566710599;0.00310683248213065;0.00330169393037647;0.00347659878440478;0.00364469915195132;0.00379273534999306;0.00392827887709385;0.00408206805266927;0.00426075043566271;0.00446122895576355;0.00463970660713004;0.00475782469188953;0.00482987407981568;0.00487542555992106;0.00491917762348867;0.00497029603220283;0.00500426034223113;0.00498581632040686;0.00489433045142205;0.00472639419575399;0.00445819427475627;0.0040644493697606;0.00356146845087644;0.00302654771635849;0.00257423104574245;0.00226947613146009;0.00210100088832511;0.00200936495495362;0.00191723380231901;0.00180561022148859;0.00170148950994759;0.00162429101474024;0.00157441485281086;0.00151934249772411;0.00142900212646922;0.00132675639274953;0.00126887888929162;0.00131434424008417;0.00148400828815989;0.00170714941231529;0.00184299360587372;0.001792133558439;0.00157319870747379;0.00129460533035179;0.00105794251632804;0.000878649532437152;0.000708068435590962;0.000552997071094968;0.000399343136759203;0.000277392092371083;0.000211369216509928;0.000185169571636807;0.000165279597797347;0.000153212090209739;0.00012657286533745;7.68741858437747e-05;3.12403680719872e-05;2.12251360545349e-05;5.5108783889536e-05;8.72411342339356e-05;6.90846360371047e-05;3.33534219778167e-05;1.18383576604769e-05;-5.79766041047203e-06;-2.2049872578425e-05;-3.64270882592094e-05;-4.93230213363749e-05
HyperSAS;BSC1;49.9055357142857;-64.5047904761905;-0.00063030601940127;-0.000382959455934676;-0.000169903405334005;7.26259938163989e-06;0.000146442763830318;0.000366026645283044;0.000665725022473311;0.000979841678124672;0.00114825910448323;0.00118529252220267;0.00115685828492214;0.00115047422522739;0.00119883405859466;0.00126932475376724;0.0013077233425216;0.0013364910185873;0.0014308057997376;0.00163032802210634;0.00189578505898435;0.0021123198163902;0.00225418601992605;0.00235533599880312;0.00242775726821004;0.0025387267700906;0.00273875011260219;0.0029652039465852;0.00313408814036185;0.00326050985349101;0.00337484047769725;0.00349301616952786;0.00360863631588281;0.00362915576449855;0.00357108363652651;0.00355679204610397;0.00362498085079145;0.00378988780993781;0.0039408638658617;0.00395456839719741;0.00389117679918158;0.00382343506529511;0.00379122737063202;0.00378978182410749;0.00374851348108468;0.00362106293052514;0.00342552817425482;0.00320549620076135;0.00285997727112604;0.00230209517148838;0.00164150292256692;0.00111547923952745;0.000883676178811587;0.000821212940522741;0.000746585291433066;0.000672006700319985;0.000605197925701641;0.00052230031862598;0.000420497128710276;0.00032140682277324;0.000278572778102423;0.000225134206266086;0.000100867617184499;1.79504365415228e-06;-2.08759184887333e-05;2.18856430055229e-05;0.000134142843277314;0.000280340648133474;0.000356877634210822;0.000347056594148333;0.00030403552575491;0.000285741234485964;0.00037515232395715;0.000474482097534061;0.000370102938382329;0.000212257119661177;-4.44718503701648e-05;-0.000192019380074522;-7.53087383675332e-05;0.000190125251382951;0.000358244468677995;0.000452855898954702;0.000109844066832039;-0.000422293529064431;-0.000843977558607199;-0.00065333624921154;9.32338374407868e-05;0.000604574426771628;0.000311024240455695;-7.34527282633752e-05;-0.000143781561502124;-0.000150884170445707;-0.000105387831136353;-7.20010251177307e-08;0.000163135480924254
HyperSAS;BSC2;49.9102857142857;-64.5071880952381;-0.000628400351913232;-0.00037980045094244;-0.000167017432788454;9.02262717193428e-06;0.000143679517170372;0.000366012670170525;0.000658575975786065;0.000946102271718634;0.00107806377593421;0.00107108115711954;0.00099529361221712;0.000955789031451762;0.000997326124706885;0.00108012752977237;0.00113539229912333;0.00118205653601755;0.00129470684500531;0.00150814744820736;0.00178626254139733;0.00201696444831247;0.00217659412991796;0.00229870514999578;0.00239703265813756;0.00253900426608482;0.00276531663367745;0.0030115620839382;0.00320026940347021;0.00334949195433007;0.00348975174326401;0.00363186765334384;0.00376465406372594;0.00379545623548271;0.00373974869628729;0.00372305880419015;0.0037938769831029;0.00396972524781052;0.00413397607197312;0.00415815571847756;0.00409673372831492;0.00402236017783457;0.00398223797829008;0.0039742587136101;0.00393149693383064;0.00380827334731946;0.0036029984476654;0.00335553786955828;0.00298296084956622;0.00241749824961298;0.00176000252552467;0.00121728962347532;0.000943909853106121;0.000843077889116042;0.000757838278110245;0.000691817359668822;0.000640160290345168;0.000577073479309153;0.000493424372215117;0.000408653580783108;0.000373129884289232;0.00032670618375024;0.000210774435884688;0.000106981277069709;6.57380787144607e-05;8.90884223777638e-05;0.000194523904966705;0.000348677018798203;0.000438788851456219;0.000441794213104353;0.000400741540277319;0.000365789814844388;0.000421130118353277;0.00048531465681332;0.000389830579847445;0.000264760599560743;7.97258951943653e-05;-2.99405080954524e-05;5.58860035574991e-05;0.000251070824414295;0.000364889920298287;0.000427314105562061;9.96449171608389e-05;-0.000376640156528729;-0.00073748734279486;-0.000537141003868565;0.000142164562681121;0.000572995230678852;0.000247648329808175;-0.000128842795261909;-0.000177006620425693;-0.000165316045422794;-9.08230014701231e-05;5.27991972380359e-05;0.000263359109896149
HyperSAS;BSC3;49.9256013888889;-64.5262513888889;-0.000621371494506059;-0.000369453264314404;-0.000160217399814084;6.67154899056713e-06;0.000120646685809652;0.000346126067756149;0.000678149830473659;0.00101976717673135;0.00121090306466531;0.00127488223898414;0.00127278477547347;0.00128870808896457;0.00135199585171765;0.00143436948434816;0.00147651740387857;0.00150046730872162;0.00158587905991293;0.00178112618857349;0.00204713434986776;0.00225064418031745;0.00237252503504006;0.00245685830697959;0.00251053525844383;0.00260043302127641;0.00277255687206166;0.00297484779225024;0.00312934643515775;0.00323987833179805;0.00333380850400045;0.00342574406676746;0.00350954090400427;0.00349723207765615;0.00341053162892046;0.00337010050632957;0.00341019669990319;0.00353926290736989;0.00364784750288985;0.00362826614810811;0.00354176261422151;0.00345364778611109;0.00339843093247592;0.0033672693898692;0.00329832614027064;0.00315193429183467;0.00294791262793676;0.0027395201798956;0.00243259170465514;0.00194064364898289;0.0013700385689515;0.000922174167052795;0.000731947174234577;0.000694160457745176;0.000652792422320505;0.00061994133230645;0.000569804155757459;0.000467866360566007;0.000346989914729478;0.000245316640029188;0.00020630585282163;0.000158511880064672;4.75629073789443e-05;-2.58890053338066e-05;-3.21450458055848e-05;-9.31490881039164e-06;5.35021498016266e-05;0.000152742266011197;0.000212182110238719;0.000216992717729234;0.000195559729355792;0.000189928464767241;0.000299532117418226;0.000423418090654392;0.000325330611542364;0.000169878070837163;-9.86074605707775e-05;-0.000250768132886939;-0.000121933365611134;0.000161697199589762;0.000341912958810148;0.000425121938002992;9.18318967105909e-05;-0.000388207715958362;-0.000756191692225288;-0.000552442109159812;0.000144913621088169;0.000601196869865047;0.000294179671707914;-9.0102855464266e-05;-0.000176113370216275;-0.000187673019190201;-0.000121442220529712;2.66113311021444e-05;0.000255040290145781
HyperSAS;BSC4;49.9424722222222;-64.5529722222222;-0.000561610283657028;-0.000353253027494432;-0.000168281553280319;-8.88838549593464e-06;0.00012373399719459;0.000344921322577603;0.000623788353921225;0.00088658044402844;0.0010060607645778;0.00101257447322304;0.000975943840605563;0.000972744377375954;0.00102086178034626;0.00108922212422764;0.00112705719816865;0.00116048395242059;0.00125859556390786;0.00145550888699363;0.00171027419391874;0.00190870428363845;0.00203792585222002;0.00213702214033312;0.00221702665166896;0.0023343365127875;0.00251870926137534;0.0027259018338516;0.00289220568730677;0.00302158804474662;0.00313264145943805;0.00323237853372638;0.00332627684044483;0.00333888632792775;0.0032781129314328;0.00325331670583778;0.0033013479892407;0.00343317081931661;0.00354975936743462;0.00354655661601912;0.00347257513277743;0.00339242075375782;0.00334509888671269;0.00332746984756481;0.0032757521637373;0.00314119685858265;0.00294836180717123;0.0027552141556375;0.00245917629332745;0.00196858559302973;0.00139219447162571;0.000959296348709777;0.000807177642467445;0.000801220380366121;0.000764194480596665;0.000709888841377722;0.000647346116950282;0.000559044394400286;0.000462264790527423;0.000387065466747048;0.000354007901670029;0.000292652854336101;0.000168539147002267;9.59233710702619e-05;0.000116960808872608;0.000193706581964343;0.000322493315400615;0.000475115856964836;0.000541552683623543;0.000492201595078032;0.000385838352913983;0.000314287446614546;0.000391100787521427;0.000503119485732605;0.000390234921682842;0.000215416454592415;-8.89392395951284e-05;-0.000250774172414826;-9.68182015010332e-05;0.000233738862286666;0.000450795611861638;0.000561721120950847;0.000228293029664888;-0.000299639606242136;-0.00072439162244479;-0.000570957726982262;0.00013939273044732;0.000651492903983967;0.00037952098263377;-9.86426058440536e-06;-0.000110856444929587;-0.000144562683337995;-0.000128589407355555;-5.56152617282922e-05;7.17551361021063e-05
HyperSAS;BSC5;49.978530952381;-64.6039428571429;-0.000383892514857501;-0.000227910629937781;-9.82066275003481e-05;4.77255806383958e-06;7.4935657291284e-05;0.000215820876107659;0.000426100559354013;0.000652376660847629;0.00079086969479979;0.00085102406645511;0.000873994489757287;0.000920743807543558;0.0010102447581325;0.00112272730548724;0.00122373669425434;0.00132278073932239;0.00146308295142261;0.00166847343433544;0.00191557507953377;0.00212867566163656;0.00229501615330504;0.00243746879485982;0.00256418104806764;0.00272058122835704;0.0029335693804229;0.0031633779121606;0.00335816332491134;0.00351832123553199;0.00365539110742583;0.00377928386381791;0.00388298930122547;0.00390414756957456;0.00386333564957301;0.00385132220045619;0.00390738220705463;0.00403475430060084;0.00414326476714555;0.00415284031729481;0.00409786447039268;0.00402287373470817;0.00396175067232778;0.00391789917191262;0.00385413788137495;0.00373814984847884;0.00355800157448605;0.00331812067003037;0.00298193816721522;0.00253722972632374;0.00204511857431967;0.00158375180968763;0.00123463110535561;0.00102992321613072;0.000952440516500613;0.000956220132588862;0.000933390468158339;0.000839971596804664;0.000725340707635774;0.000640825380893203;0.000607076448825581;0.000569334728849923;0.00048461449223299;0.000394733925361441;0.000335241224337128;0.00032480682197762;0.000378936007725482;0.000469697719440416;0.000540582078355327;0.000571392724215715;0.00056353789265797;0.000536585153445027;0.000534897721354099;0.000530572327743189;0.000462548094432079;0.000387276538339798;0.000294434631947254;0.000223107561188834;0.000216857986673954;0.000248203347624133;0.000258774584690557;0.000266806594793777;0.000127402079798021;-5.34029719963991e-05;-0.000184659750850965;-8.32318916246127e-05;0.00018968746602539;0.00032526129256048;0.0001433595165521;-2.98852537902035e-05;-5.46425147863703e-05;-5.12468876818224e-05;-3.77621432284066e-05;-7.30190180189846e-06;3.77728859447632e-05
HyperSAS;RBS1;49.6934583333333;-64.05783125;-0.000285190428529456;-0.000189469316059699;-9.70501379735526e-05;-9.28902207543296e-06;7.21820944941846e-05;0.00020073840063351;0.000367699377547253;0.000556246067354259;0.000710402261268396;0.000835021792095666;0.000955125666631271;0.00109983956046143;0.00128384246511303;0.00149642218294731;0.00172028602198451;0.00195958840960795;0.00223013938995817;0.00254884900841388;0.00290921250066253;0.00327122855313133;0.00362394411721319;0.00397294418619402;0.00432262340591847;0.00469791679902039;0.00510191948014101;0.00550432291291577;0.0058732854437093;0.00619836226536575;0.00647920027208738;0.00671856539368936;0.00690327766366789;0.00699019772602672;0.00700663711974438;0.00704564429727142;0.007160211317067;0.00734208449083395;0.00750203264795075;0.00756708542840818;0.00754408016540737;0.00745675473169334;0.00734662665061659;0.00724564462453515;0.00713936498211618;0.00697789007713608;0.00670514747233624;0.00628771348364874;0.00570231131759572;0.00496406878101963;0.00414228259873864;0.00335078084355088;0.00272217344083489;0.0023209651400288;0.00211483373761232;0.00201107540914907;0.00191121831506393;0.00179137455111878;0.00167356833077263;0.00157587767091197;0.00150254709118575;0.00142868364795321;0.00133007532265545;0.00121921429664;0.001127433361598;0.00108356175934075;0.00109375888464995;0.00112947495238093;0.00114126898201846;0.00109834058534491;0.001003679881071;0.000884976854574358;0.000771359671314041;0.000663084640434298;0.000544515473374396;0.000428756543706967;0.000312942595809837;0.000219251109284405;0.000160224889359983;0.000126044524254219;0.000100445966762417;8.62670083246191e-05;6.54482832353167e-05;3.66690316238891e-05;1.53044858424652e-05;2.11645559511921e-05;5.21403504235652e-05;7.26375389982513e-05;5.3913984122642e-05;2.97931337778154e-05;2.03769224786246e-05;1.40474553115922e-05;-5.7240527096192e-06;-3.54765768725967e-05;-7.63268746651871e-05
HyperSAS;RBS2;49.68135;-64.0611666666667;-0.000299158709604197;-0.000197913047176233;-0.000100688290495869;-1.00529691424669e-05;7.51442993485628e-05;0.000207576220553257;0.000360303730368468;0.000520499768737807;0.000633426016580721;0.000712886443633068;0.000796359807867293;0.000909827167107848;0.00105747129756264;0.00122127225002447;0.00138629095033914;0.00155869038816825;0.00175245436006701;0.00198015784800797;0.00223422878750054;0.00248101185563256;0.00271246373684585;0.00293744120954628;0.00316002513934704;0.00339657517257184;0.0036511176257263;0.00390626838986593;0.00414213657099806;0.00435288245725933;0.00453174213174313;0.00467633772587337;0.00478284424564908;0.00482600042540935;0.00482927931919293;0.00485356046220438;0.00492688343406889;0.00504343349791022;0.0051424431820652;0.0051746389085241;0.00514881896621349;0.00508316604612119;0.00500497928893734;0.00493233652264071;0.00485078565587629;0.0047294986149474;0.00454144297088392;0.00427608748408496;0.00392073284689298;0.00347205787853679;0.00296192550370465;0.00246138537111148;0.00205978649923766;0.00180148860360189;0.0016650297920448;0.00159014296363486;0.0015123728507082;0.00141899774188291;0.00132978178127884;0.00125845320017046;0.00120620685542959;0.00115153933622157;0.00107624725723765;0.000993514778101766;0.000931396282793494;0.000917250882722231;0.000956720261243043;0.00101570263141426;0.00103595388051311;0.000984544980968797;0.000876531398418769;0.000752812988683732;0.000647162232662675;0.000554817515230908;0.000455878899402769;0.00036148385172327;0.000267163972051898;0.000193153449433005;0.000153417498767871;0.000137812724223867;0.00012511741933499;0.00011779015843153;9.55343564419791e-05;5.5577233179538e-05;1.8887113929883e-05;1.28029407227461e-05;4.3600122402687e-05;7.04790784598223e-05;5.47867399557096e-05;2.67572596280027e-05;1.11306434298689e-05;1.35757972825887e-06;-1.30047293867681e-05;-3.01178231748263e-05;-5.06855792801744e-05
HyperSAS;RBS3;49.649195;-64.0622483333333;-0.000318259649931701;-0.00020912460259791;-0.000105407468890721;-8.99849930932305e-06;7.95618261356565e-05;0.000217176148740996;0.00037852967439882;0.000543288512898118;0.000653983933503001;0.00072479659670131;0.000795505575947555;0.000895964588176789;0.00103556707845164;0.00119767804533718;0.0013633473525782;0.00153192567005703;0.00171244532774071;0.00192014321075551;0.00215213335117425;0.00237813284852663;0.00258925805767538;0.00279413552787582;0.00299536916856358;0.00320654722338363;0.00343454529544227;0.00366565169806891;0.00388109504964118;0.00407038044996782;0.00422684976318895;0.00435294511357357;0.0044484738600622;0.00448971586711451;0.00449419328495855;0.00451796741895413;0.00458723044964961;0.00469593479145846;0.00478731965250177;0.00481355825437182;0.00478398479552499;0.00471740034039689;0.004640986121394;0.00456999264019587;0.00448927872275709;0.00436854116796462;0.00418104057332514;0.00391788519796376;0.0035665233611004;0.00312767521995014;0.00263999992489698;0.00217827534800155;0.00182162905970526;0.00159625436451616;0.00147323001443899;0.00140045574564195;0.00132727895882746;0.00124298883066046;0.0011632064650452;0.00110010163814715;0.00105522796532336;0.00100775184054075;0.000939953992081978;0.000867046256161855;0.000817841918898656;0.000817873267658134;0.00087017860227248;0.00093682473629994;0.00095630178500491;0.000898909689114867;0.000785018265790279;0.000660775340258982;0.000562863736054324;0.000484523574020959;0.000393931188449516;0.000304345438406163;0.000207129355150157;0.000135568362107244;0.000110863755959609;0.000116669965396179;0.000119455623367409;0.000118503365332112;9.12047544957619e-05;4.28741383784051e-05;-9.67423057751597e-07;-5.17168710974482e-06;3.85694761590834e-05;7.73248201548867e-05;6.33397558264348e-05;3.16289925037067e-05;1.14427125428213e-05;-2.69551172233558e-06;-1.8286050868474e-05;-3.41966683064701e-05;-5.07718732221309e-05
