wavelength,StationOUT-F01,StationOUT-F18,StationOUT-F21,StationOUT-F23,StationOUT-F50,StationOUT-F54,StationOUT-F55,StationOUT-R01,StationOUT-R03,StationOUT-R05,StationMAN-R01,StationMAN-R03,StationMAN-R05,StationMAN-R09,StationMAN-R10,StationOUT-R21,StationOUT-R22,StationOUT-R23,StationOUT-R24,StationOUT-R25
360,3.62204527,3.46369467,4.220934576,3.610172686,3.757078011,4.185092984,3.960429479,4.826086827,4.275837408,4.895919765,1.666605229,2.478396674,2.219099299,2.17035052,2.004162766,3.523569303,2.770808364,2.558689169,2.340176244,1.477856121
361,3.748106308,3.54695953,4.073470699,3.691142306,3.732853632,4.204926712,4.021970179,4.153554857,4.177819657,4.867289301,1.577375376,2.46291166,2.206438436,2.173736984,1.970955429,3.097307975,2.890374242,2.573899928,2.331279826,1.442780749
362,3.474986891,3.364411798,4.153304891,3.637340513,3.765667095,4.193555022,3.877688922,4.585625316,4.158647923,4.857631486,1.651923706,2.449027241,2.199105152,2.16073111,1.956252632,3.387616674,2.806384123,2.455788781,2.324420037,1.460662953
363,3.510271041,3.336675797,4.089654454,3.649042383,3.643528335,4.160550043,3.842527646,4.423523635,4.113463624,4.905493859,1.582930974,2.402492519,2.135386034,2.115543848,1.91878013,3.451217544,2.792209673,2.440206311,2.280842083,1.430213295
364,3.491375231,3.29398011,4.013780573,3.557302901,3.589685883,4.105402817,3.801587667,4.427337796,4.065501686,4.809197347,1.582159558,2.366044033,2.1434569,2.093962363,1.904822005,3.192742464,2.748446032,2.458512786,2.241017004,1.414477823
365,3.431030694,3.295767678,3.903662088,3.558426277,3.540309119,4.037411384,3.773106417,4.293948976,4.031483705,4.739697039,1.578046206,2.33434197,2.091395779,2.082691802,1.868655988,3.203738296,2.727547494,2.44605654,2.227985386,1.380696411
366,3.373960781,3.214695049,3.97213998,3.476805309,3.569242264,4.046559289,3.662195041,4.269522737,3.977076839,4.694758863,1.54587487,2.295879302,2.062257631,2.02406229,1.837722973,3.105343608,2.669615879,2.375442288,2.194209,1.36311984
367,3.326801764,3.142727932,3.840269894,3.420695681,3.490934471,3.898219106,3.613218049,4.250882055,3.852814123,4.589830826,1.51100225,2.27148968,2.034796662,1.998529781,1.821736231,3.012801936,2.634339681,2.297591685,2.144324275,1.349591455
368,3.304727354,3.130657392,3.803434062,3.424009535,3.429419287,3.881893899,3.609352324,4.145071025,3.869700497,4.556797979,1.491892856,2.236706987,2.016793734,1.963924583,1.791161498,2.947547465,2.588640962,2.286277288,2.122188702,1.333591637
369,3.241933567,3.08464218,3.788682106,3.340392859,3.370911128,3.844978937,3.536242862,4.104167562,3.817961678,4.450596019,1.46873511,2.213544407,1.971922116,1.932320598,1.757447474,3.010531644,2.591777595,2.299482559,2.079195585,1.29784392
370,3.203808781,3.021630605,3.669440554,3.290016098,3.33426052,3.77025009,3.446775176,4.079147911,3.748105697,4.374941636,1.438225096,2.18010071,1.949624907,1.917294246,1.722260418,2.892811912,2.528338334,2.248469101,2.054613323,1.285512121
371,3.156185105,2.999079487,3.618591331,3.223061757,3.300553397,3.73894984,3.424413289,3.94289727,3.69436602,4.292513161,1.438552927,2.13955848,1.913182569,1.872357278,1.706571572,2.983753991,2.488126753,2.217303637,2.030571609,1.290314992
372,3.144850628,2.976625486,3.527406055,3.192903316,3.217264291,3.70056997,3.376448032,3.921657577,3.637968361,4.276412685,1.401104667,2.105724744,1.896642222,1.848629533,1.683513484,2.891048051,2.451829467,2.199611085,1.996078598,1.269362395
373,3.077790486,2.95665086,3.545697495,3.157800917,3.16823879,3.619092161,3.331606761,3.90580747,3.604604852,4.194441022,1.38505781,2.100997459,1.868646267,1.818789583,1.663670608,2.882488698,2.442989692,2.163440421,1.955496204,1.250393657
374,3.051760877,2.884218402,3.474506878,3.100436414,3.162450051,3.547061254,3.316210091,3.920368114,3.527592672,4.157289555,1.382827949,2.05174263,1.855929636,1.80776645,1.638539755,2.801319213,2.398612332,2.099184537,1.922944224,1.214918929
375,3.017527226,2.832713181,3.400070755,3.059119434,3.082806599,3.524860995,3.249663543,3.787716551,3.484308859,4.084754287,1.353543331,2.013841762,1.810097614,1.771309751,1.60502284,2.665281112,2.362706803,2.096622347,1.906394606,1.203980052
376,2.936144284,2.808477083,3.328214835,3.001116595,3.016804563,3.430283092,3.1957974,3.748070916,3.405457294,4.018988601,1.319896956,1.987598233,1.784915042,1.736831334,1.577726242,2.646767106,2.31551047,2.071133556,1.867150509,1.179034831
377,2.888820878,2.772199695,3.2663616,2.940997761,2.957790978,3.404867569,3.153508617,3.653064137,3.359140697,3.941532968,1.297018128,1.953678372,1.764121833,1.702090124,1.54753642,2.59625497,2.306212211,2.033362734,1.843583772,1.158045292
378,2.897951417,2.725385601,3.168081845,2.915610954,2.94013714,3.335444507,3.121388264,3.570394864,3.318336548,3.878034454,1.278790152,1.929365411,1.737821188,1.676753977,1.525183031,2.599309821,2.239573626,1.988087317,1.813386665,1.14981123
379,2.842356216,2.697201689,3.160917648,2.872321819,2.918088271,3.283894216,3.081631999,3.595627987,3.273954088,3.827983612,1.269312836,1.910068675,1.719334496,1.663778739,1.504545446,2.516738757,2.244580612,1.986628335,1.807067697,1.135875077
380,2.78100846,2.671095424,3.105068962,2.844844674,2.828326895,3.241432945,3.03663933,3.475859243,3.219424271,3.763315756,1.241005056,1.884019457,1.690262431,1.634672253,1.479765407,2.517210751,2.178500639,1.929490013,1.771091903,1.113875205
381,2.746714158,2.617119993,3.029069044,2.775273918,2.798354801,3.180455252,2.993207811,3.384379415,3.181549774,3.726560078,1.218575453,1.847995611,1.667014002,1.604340147,1.457990607,2.494084371,2.169288195,1.91048276,1.753042205,1.106368263
382,2.745988615,2.573134742,2.996787908,2.733340352,2.782300725,3.150142008,2.95309618,3.427405804,3.139717116,3.673561818,1.20571294,1.820746325,1.633455173,1.576007373,1.439755526,2.415361239,2.149775213,1.866317751,1.712244662,1.083855611
383,2.631458207,2.532758121,2.966263652,2.693917238,2.720184144,3.100527271,2.895664497,3.402200467,3.095559946,3.603405582,1.185781258,1.796777534,1.616426626,1.555986877,1.414456814,2.457268679,2.092752733,1.853091327,1.694585016,1.066476539
384,2.629326625,2.494239155,2.876642525,2.658857262,2.708218984,3.029939154,2.855917076,3.258787077,3.025065159,3.5659745,1.178099098,1.783413027,1.606918708,1.542085863,1.394063367,2.370405585,2.044834345,1.83368803,1.685551798,1.053581749
385,2.579712171,2.47067619,2.832215943,2.626747857,2.657815866,3.047664661,2.804395468,3.262307375,3.019255423,3.517130922,1.155208526,1.74375816,1.577986201,1.520463186,1.378163017,2.381142285,2.041084045,1.806611821,1.643394642,1.036807699
386,2.522347811,2.415394434,2.79847878,2.573007461,2.599665802,2.946269358,2.775983215,3.211401286,2.945052683,3.451173318,1.143451787,1.728983492,1.557989071,1.489845089,1.356845232,2.361982296,2.010348152,1.768855083,1.622420467,1.029119645
387,2.512867626,2.376311041,2.766174203,2.538470071,2.565637603,2.926206697,2.717632665,3.12197653,2.937678343,3.403243946,1.124014796,1.695948781,1.525301896,1.466814608,1.330202943,2.224742243,1.997996734,1.768271237,1.615821949,1.013428943
388,2.434987677,2.342588764,2.713054864,2.511493084,2.521326445,2.889565363,2.684926202,3.092157127,2.858348581,3.350036104,1.114708288,1.67806883,1.511803033,1.450117852,1.316264335,2.269775884,1.987770125,1.728609763,1.582672092,0.996264795
389,2.391393661,2.279559724,2.667725532,2.452502763,2.504767834,2.823575605,2.61968237,3.055894933,2.820169222,3.30466209,1.08560393,1.652867614,1.487335853,1.419163304,1.290397776,2.242546076,1.924436628,1.708441927,1.550132255,0.97780654
390,2.358291597,2.23537286,2.600713816,2.429803421,2.441332756,2.807467467,2.598325882,3.05649903,2.784272582,3.270791516,1.081926009,1.626419115,1.46742865,1.393081426,1.277840292,2.227609019,1.899309797,1.680949689,1.533878539,0.973042578
391,2.316566126,2.23690647,2.618631741,2.393414736,2.401696852,2.726368467,2.538131312,2.975212748,2.747373644,3.198988634,1.062184017,1.605381074,1.449809141,1.385141106,1.253061862,2.172623605,1.87918468,1.66549076,1.509375348,0.959621197
392,2.302177412,2.197295101,2.53416695,2.354305701,2.372101052,2.725339884,2.502480887,2.983554035,2.688858676,3.148988377,1.047410674,1.578818135,1.430187683,1.349909598,1.238028853,2.100398748,1.848403415,1.634660455,1.492196584,0.939418591
393,2.237019712,2.146460507,2.478185489,2.31819852,2.29782977,2.688614894,2.455987179,2.891788046,2.655505533,3.105239245,1.020265107,1.556347388,1.402351408,1.338612242,1.212723113,2.093634558,1.825173082,1.601677412,1.483855132,0.932362093
394,2.216787707,2.121453408,2.460485501,2.280857414,2.304148497,2.650649955,2.408863824,2.832646115,2.611533474,3.081842043,1.009167261,1.533839428,1.390927252,1.318660907,1.197368306,2.02720952,1.800719067,1.603009034,1.446163148,0.918637305
395,2.175009356,2.093415827,2.388785615,2.24379663,2.248699562,2.576205184,2.381288745,2.812644462,2.585366756,3.011826076,1.008276565,1.506017151,1.371529345,1.295939331,1.179446244,2.032249687,1.767157788,1.562858886,1.419311153,0.907160459
396,2.156800956,2.051285735,2.363958691,2.217697044,2.205385355,2.531212762,2.332567221,2.765016034,2.535682591,2.960929086,0.988652132,1.486511504,1.347234776,1.278747926,1.157381258,1.991616102,1.746250086,1.541926534,1.402955471,0.893565201
397,2.122276206,2.019115279,2.35605909,2.169965842,2.198608015,2.49957527,2.30962077,2.754656224,2.50726523,2.937129311,0.973572829,1.475115985,1.340434411,1.262184437,1.150462455,1.941690808,1.746197377,1.530735183,1.395811777,0.89229275
398,2.082318598,1.990907426,2.309113891,2.152256002,2.154808695,2.489216238,2.265411065,2.660029965,2.460560054,2.90048675,0.968521831,1.461416285,1.327772231,1.245786666,1.131593491,1.943992753,1.700646829,1.531495652,1.379679666,0.874310425
399,2.054762854,1.957008921,2.26273584,2.114265491,2.124461268,2.427932367,2.241335407,2.629260204,2.441687803,2.862971104,0.960075853,1.449298213,1.304889456,1.236571694,1.111785436,1.913231757,1.674998043,1.490038599,1.353222467,0.858192119
400,2.006736091,1.92083481,2.238246854,2.086353811,2.11928759,2.39221748,2.196552959,2.583819781,2.392393195,2.81605676,0.93457719,1.413920066,1.293647235,1.201728309,1.103603958,1.892194536,1.644523545,1.467806255,1.334751135,0.850453268
401,1.97326764,1.904646828,2.198192694,2.060322971,2.081737754,2.371701483,2.161121344,2.566741566,2.361428931,2.769844461,0.924129784,1.40142612,1.275395329,1.198539593,1.086665789,1.87323424,1.639427542,1.447776481,1.312596928,0.846501994
402,1.951576871,1.878954366,2.163870379,2.02118267,2.036027553,2.33031371,2.123037977,2.517425714,2.325398507,2.718485389,0.90727123,1.387332301,1.261601491,1.181294053,1.072465604,1.805856199,1.620751215,1.443526139,1.297568232,0.836861013
403,1.913893428,1.835523514,2.127168493,1.995870941,1.99586957,2.303432405,2.106095806,2.528884408,2.308970053,2.69384703,0.907421742,1.357231844,1.242503444,1.153617186,1.051654353,1.820702165,1.589161947,1.417313126,1.280579269,0.820521532
404,1.906897266,1.820281011,2.109108997,1.965471819,2.003532361,2.28094292,2.062963182,2.50431883,2.279249655,2.657001372,0.884872643,1.34414485,1.227908101,1.141294758,1.047477956,1.745058527,1.583067468,1.400802085,1.27314765,0.815686069
405,1.868507369,1.78764818,2.063572576,1.948252874,1.944025594,2.260749237,2.035692086,2.458500743,2.246114019,2.61768322,0.872955113,1.329763013,1.219125329,1.128471779,1.02896659,1.744593771,1.566607526,1.37401048,1.252034358,0.800099624
406,1.827591,1.761547985,2.045691259,1.912019031,1.929730498,2.206500763,2.014429667,2.38252627,2.221400542,2.584303549,0.870002258,1.316159248,1.202758557,1.115724552,1.012352869,1.72729503,1.543436063,1.368026993,1.235352448,0.795396443
407,1.793260683,1.753200021,1.992767327,1.877238926,1.897020313,2.169898203,1.961555143,2.369053839,2.187956228,2.538008736,0.848960805,1.293906889,1.178537359,1.093452651,0.997750013,1.716993288,1.50976652,1.328241475,1.219098763,0.781666746
408,1.772097469,1.715259357,1.958523858,1.84718315,1.864768839,2.135589578,1.933547958,2.331811779,2.145589328,2.499013589,0.839625092,1.275427647,1.165971693,1.075232188,0.979870447,1.679250375,1.483612665,1.324766718,1.198143033,0.770683769
409,1.748724404,1.685232943,1.925712433,1.823777604,1.835215718,2.079083542,1.910689692,2.304570323,2.121801715,2.471702354,0.833582224,1.26727033,1.154333706,1.05890928,0.975849774,1.654757014,1.465973141,1.302243099,1.184615481,0.762242243
410,1.723691898,1.664736552,1.90697072,1.803207735,1.798322837,2.080419589,1.87967582,2.271041376,2.070334644,2.414799215,0.810449425,1.247987626,1.140836883,1.04597925,0.951922031,1.648232722,1.445122811,1.276653297,1.159889837,0.749561375
411,1.702217898,1.655825598,1.872222813,1.774703584,1.78051482,2.057944513,1.863422316,2.208560208,2.052594687,2.396336472,0.796165995,1.232260598,1.126725876,1.032533393,0.942320241,1.619415747,1.438235271,1.279066982,1.149070472,0.745602509
412,1.666595581,1.627325448,1.832873027,1.755804982,1.76061846,2.016123514,1.831411942,2.180278745,2.025203778,2.360985296,0.794561529,1.223463375,1.122342938,1.020142941,0.933711055,1.578127131,1.407356066,1.258117933,1.138905059,0.738842825
413,1.645194766,1.604844684,1.83291303,1.725163884,1.732927104,1.988228074,1.813880833,2.179695145,2.004612201,2.320766977,0.790517111,1.204082395,1.099221832,1.007652644,0.915952502,1.574012096,1.397622726,1.239183398,1.126042331,0.729808535
414,1.627201919,1.604896072,1.794788658,1.697326298,1.71565635,1.944816713,1.793609654,2.103903924,1.972342591,2.279214416,0.771507613,1.190518981,1.091778014,0.988300909,0.901952989,1.547987407,1.374176722,1.228238232,1.105893082,0.714118137
415,1.6203196,1.564774343,1.768570122,1.67032585,1.677473498,1.919217601,1.762614233,2.107180499,1.933268859,2.250268665,0.758158213,1.168800657,1.074144438,0.973938222,0.889679663,1.508546187,1.346175836,1.218532452,1.087850037,0.70753888
416,1.575211262,1.549023549,1.729444333,1.650137671,1.660929767,1.889597133,1.73605006,2.053686331,1.914147157,2.215475774,0.751299131,1.158858324,1.06219093,0.962578592,0.879567543,1.504662651,1.339598389,1.197257926,1.080712908,0.699053186
417,1.541052826,1.527407525,1.711992192,1.632661332,1.634012088,1.874481643,1.717404308,2.045185308,1.876203801,2.182022364,0.739717618,1.141055361,1.046791339,0.947383248,0.860474694,1.465470157,1.322621547,1.171985456,1.059942833,0.689956416
418,1.522202553,1.501595142,1.679163501,1.609563037,1.610924261,1.854429907,1.689372431,2.012759825,1.852958845,2.154819921,0.733551217,1.135280415,1.042508372,0.933156698,0.85177054,1.434391096,1.307200617,1.149654435,1.04794272,0.677455299
419,1.510853237,1.502441018,1.664617717,1.586950717,1.604171501,1.821620496,1.669013043,1.990792489,1.827593186,2.129090813,0.723690344,1.114811356,1.019378189,0.919571798,0.838591956,1.449179348,1.28576309,1.149077619,1.040360083,0.677904751
420,1.493269366,1.477301083,1.623419403,1.560550324,1.550853946,1.791351117,1.650424601,1.973069286,1.815581881,2.098305852,0.708920383,1.095727562,1.012418475,0.909596456,0.826122014,1.430908366,1.265103388,1.130093572,1.021443737,0.666976224
421,1.465936992,1.459492911,1.609309766,1.539169198,1.544579013,1.75724052,1.627069791,1.941269965,1.781052305,2.058359384,0.701952074,1.078175269,0.998615015,0.888244171,0.815602415,1.389013782,1.23774651,1.117845657,1.008037272,0.650414122
422,1.453390993,1.442293312,1.587818551,1.514065777,1.515963007,1.729800478,1.615822084,1.896607207,1.749137936,2.027619653,0.694888497,1.066626665,0.981037298,0.877558212,0.802405168,1.363063567,1.227257357,1.095106857,0.995708725,0.651785298
423,1.433412964,1.420825439,1.557802993,1.484851821,1.482109021,1.704771081,1.576978679,1.858211868,1.730329108,1.994540213,0.688087428,1.05421238,0.972038738,0.865943682,0.790668361,1.356357936,1.210276153,1.086490044,0.975623898,0.639447662
424,1.411756953,1.412877218,1.528729291,1.468958299,1.461608372,1.680258778,1.570161864,1.848885322,1.694550139,1.962337672,0.668223504,1.046438032,0.955564743,0.847606136,0.778192852,1.344577721,1.199231461,1.068656252,0.961030639,0.634333004
425,1.396176401,1.389525503,1.507121434,1.442566634,1.439118021,1.644128566,1.536935702,1.808835359,1.678959664,1.93217993,0.661147899,1.024329373,0.947252196,0.840218563,0.765888466,1.313780554,1.173598378,1.056035086,0.953957185,0.61968648
426,1.36678099,1.372987664,1.489874106,1.426011067,1.435023307,1.624884434,1.521644081,1.801183496,1.657958365,1.896259798,0.654216386,1.011772695,0.93522081,0.827994164,0.757244646,1.276938738,1.15413085,1.044635534,0.936130835,0.612123326
427,1.34450853,1.354517816,1.464099688,1.411279296,1.404811805,1.620766766,1.493251657,1.775474474,1.625058765,1.888206788,0.646220652,1.006487146,0.927774349,0.819786292,0.754663759,1.299646858,1.142744062,1.032502376,0.927416541,0.607068901
428,1.325987448,1.333887342,1.441693679,1.388724072,1.39241183,1.591617505,1.469948223,1.722442817,1.609871198,1.856940545,0.639340611,0.9947335,0.920506699,0.810371474,0.739404293,1.269918704,1.135948042,1.013171864,0.922044501,0.599599371
429,1.309790272,1.321437753,1.426919121,1.368120815,1.35315846,1.558604114,1.456088333,1.724788902,1.580529472,1.829122561,0.636550371,0.979445493,0.907449916,0.795116925,0.727589103,1.198163794,1.113873845,0.998113935,0.905153824,0.596429351
430,1.300361355,1.307711623,1.408445761,1.346956448,1.337293101,1.550328296,1.442370881,1.70343583,1.561381757,1.797690973,0.619700946,0.971964965,0.897765257,0.783456519,0.715743064,1.207962582,1.091909571,0.99494356,0.890943522,0.58857902
431,1.264222776,1.277264038,1.391563638,1.32534391,1.324007318,1.513299611,1.407536461,1.659396582,1.537138608,1.770266718,0.607571011,0.962041296,0.88863045,0.773400913,0.707933343,1.199070129,1.088463818,0.985493653,0.878303724,0.576629235
432,1.243313233,1.264147763,1.359720366,1.31728441,1.308156381,1.495110679,1.385948075,1.653902374,1.515214198,1.757544687,0.600329834,0.94600974,0.880082956,0.764199269,0.699235172,1.199455035,1.060973696,0.95939526,0.863589426,0.573232562
433,1.2267912,1.23632565,1.34372143,1.292943999,1.282722315,1.484618656,1.357886789,1.622079992,1.501450904,1.723177724,0.599462577,0.93465254,0.871600165,0.750216041,0.690360864,1.165510887,1.053651293,0.951251997,0.855651848,0.566544332
434,1.199304745,1.223641217,1.31915462,1.278815741,1.263236581,1.443838603,1.338211239,1.596452154,1.472732464,1.700072219,0.588211308,0.932713223,0.856726213,0.743115921,0.677646137,1.115236832,1.041253684,0.937507226,0.843479542,0.559046089
435,1.180190891,1.201429044,1.299796175,1.26491265,1.265225054,1.442855107,1.310811224,1.587290878,1.461316974,1.67914966,0.585449732,0.914392222,0.8542166,0.73051091,0.673447447,1.154823434,1.02521656,0.928134798,0.829036272,0.554356322
436,1.173956448,1.190428229,1.282223975,1.247789402,1.208846954,1.409652121,1.302301569,1.562441411,1.436273457,1.660808519,0.572123704,0.909055214,0.84603795,0.722637696,0.661780758,1.112432698,1.016206535,0.919215367,0.826018755,0.549312777
437,1.137132941,1.168453014,1.255914912,1.232102116,1.212123706,1.394592039,1.265801218,1.551765921,1.419186363,1.636303431,0.563741056,0.899418535,0.833461992,0.712319585,0.651163217,1.106528313,1.006685545,0.901385449,0.815936342,0.545054243
438,1.119559345,1.1428375,1.239686547,1.21626585,1.193078637,1.382775954,1.241324411,1.505113144,1.40496379,1.607273005,0.563106275,0.893720375,0.828116364,0.704139605,0.645210726,1.081052919,0.991807571,0.897911279,0.803054979,0.532897713
439,1.105950756,1.126574692,1.21627289,1.196101023,1.17276904,1.354401683,1.223069393,1.502250216,1.37544935,1.588334486,0.555933642,0.871239755,0.8172076,0.691427934,0.6354906,1.071001632,0.965127589,0.884548902,0.788222206,0.527691722
440,1.091111576,1.106987807,1.20019637,1.179592164,1.159313298,1.331766278,1.205311061,1.477624335,1.354565541,1.569090877,0.545331051,0.868659032,0.802223288,0.683354804,0.629059317,1.058467026,0.960063916,0.871413051,0.781908716,0.52757279
441,1.070821642,1.088238325,1.183909872,1.165750957,1.158389871,1.318811445,1.18477145,1.45093999,1.343569291,1.539468776,0.536110578,0.853230686,0.792973997,0.674270988,0.619330841,1.048699057,0.945804508,0.850844577,0.772557408,0.515824929
442,1.046107536,1.070693434,1.151298884,1.153576321,1.119638705,1.308391216,1.164780388,1.419436146,1.315889537,1.516965351,0.53693737,0.844097034,0.782534853,0.665437779,0.608183094,1.043267671,0.93130439,0.849237507,0.76137171,0.510353978
443,1.029829523,1.048233247,1.130506768,1.131910453,1.116049685,1.285233748,1.143387502,1.409112796,1.300964264,1.495510023,0.528011217,0.829344728,0.772772593,0.655644779,0.601808847,1.025202103,0.914842383,0.83443138,0.747824336,0.501282429
444,1.007486842,1.03982271,1.118580509,1.121633903,1.107864049,1.267473489,1.123587046,1.404342833,1.28802254,1.482521128,0.52104222,0.821299942,0.767963163,0.646973531,0.596733976,1.002659607,0.919296295,0.823306239,0.745537402,0.496374155
445,0.996830561,1.0252404,1.113154456,1.104051858,1.080128113,1.256763307,1.112562052,1.384019246,1.27076537,1.466952685,0.514806079,0.818680129,0.750879706,0.642380671,0.590769453,1.017208141,0.901748895,0.818595858,0.736963833,0.492990898
446,0.990856876,1.00376768,1.096937792,1.091514641,1.079619172,1.234247212,1.095032093,1.365546703,1.262085065,1.441488978,0.505627299,0.799343096,0.743021346,0.629232139,0.578617421,0.955242559,0.891134814,0.811366314,0.724228618,0.484662711
447,0.962846492,0.988912878,1.074797187,1.073866381,1.053205115,1.217552907,1.076833013,1.355212691,1.235596684,1.422685382,0.497455947,0.788597471,0.730706117,0.622255272,0.56907971,0.979212656,0.873305173,0.790737162,0.712228648,0.47615982
448,0.94182737,0.959382561,1.057124426,1.064389515,1.041586532,1.192969694,1.037620355,1.335193477,1.218722406,1.400323145,0.489145038,0.776068937,0.725396344,0.611165871,0.562089128,0.951999699,0.863206492,0.784489669,0.707784477,0.469905909
449,0.939561908,0.95721879,1.037300214,1.043743845,1.02190936,1.182203697,1.043300524,1.290403406,1.201984957,1.387701558,0.478066526,0.764547765,0.711401724,0.601597008,0.551262686,0.937832766,0.844274273,0.775991559,0.692599878,0.465321561
450,0.919594765,0.943806456,1.033181121,1.02987998,1.012932887,1.176865467,1.025906468,1.306027499,1.192551231,1.361568635,0.476332921,0.753203455,0.702202144,0.59237696,0.545617391,0.911269845,0.834222243,0.764976198,0.68359325,0.457819934
451,0.911009276,0.927216018,1.005882302,1.017640881,0.998648429,1.142202128,1.009327821,1.277839887,1.168614949,1.340970585,0.465264895,0.742361784,0.690906275,0.58298986,0.535058688,0.92907021,0.818467508,0.745180734,0.6748848,0.449147127
452,0.896795212,0.912368062,0.990165356,1.002739444,0.98921631,1.130019569,0.989519741,1.251805014,1.151293628,1.324519922,0.462098048,0.731307328,0.682207832,0.574609934,0.526523955,0.898711776,0.812727615,0.737572388,0.663048033,0.443602334
453,0.88665021,0.903330215,0.972583054,0.990560761,0.971191841,1.117364786,0.980351313,1.232724663,1.134474506,1.30339471,0.452502042,0.720663836,0.67246192,0.566275241,0.518664523,0.886766278,0.802264577,0.734458294,0.655365459,0.436444125
454,0.873124402,0.88894221,0.96183337,0.976927691,0.957521599,1.105620855,0.969364107,1.222170889,1.123468717,1.289243625,0.451292849,0.710303006,0.666154189,0.557033423,0.511602133,0.873095465,0.794152168,0.722731496,0.645552721,0.428519994
455,0.863876288,0.883914421,0.955284011,0.967036582,0.942363097,1.091697667,0.96151022,1.211037806,1.112952208,1.27191585,0.443448962,0.705022623,0.656455905,0.550713951,0.505838094,0.872137782,0.784854872,0.713950363,0.635816438,0.426838826
456,0.861226176,0.879868645,0.936610141,0.954640648,0.930502287,1.074461905,0.95229489,1.19308684,1.095655964,1.25680553,0.434044711,0.696280619,0.646060517,0.540550329,0.499320118,0.858168034,0.774971082,0.706272635,0.630053108,0.42106043
457,0.851172925,0.866125063,0.918178789,0.940385887,0.911491176,1.052059413,0.943627987,1.184125947,1.075548583,1.240332543,0.431950261,0.686895957,0.642471055,0.53558386,0.49248536,0.824827883,0.766198769,0.689946661,0.623660431,0.415157322
458,0.830046217,0.849708696,0.900819724,0.92800803,0.904852143,1.038860902,0.920409836,1.161047404,1.063593733,1.221739493,0.428826985,0.681135712,0.633765898,0.528786425,0.484262876,0.84260173,0.747286282,0.687984902,0.615330443,0.407096397
459,0.817890579,0.844752311,0.893524598,0.912866987,0.893787873,1.031286018,0.915688982,1.148135711,1.045225396,1.203353071,0.416619364,0.667309118,0.627325468,0.520821924,0.478060832,0.829293457,0.747431313,0.673678356,0.601416444,0.405000308
460,0.804554413,0.82303756,0.878136567,0.903119984,0.873603805,1.014009851,0.893694649,1.132379545,1.036343944,1.190980879,0.412341499,0.664590318,0.621226203,0.513566376,0.472470483,0.812882833,0.729757019,0.66608378,0.598356712,0.398055672
461,0.798397955,0.821162527,0.861581877,0.889371413,0.872062527,0.999669191,0.891759491,1.117305647,1.028806505,1.1737258,0.409356688,0.655241204,0.611726303,0.506104499,0.46559523,0.786479943,0.720341189,0.662033912,0.591200426,0.396752715
462,0.785772916,0.805341614,0.84925849,0.882200789,0.859110167,0.987805753,0.872626518,1.112091978,1.012823247,1.162608105,0.405674697,0.649377597,0.60579708,0.499500943,0.459157331,0.797598152,0.71676232,0.65330686,0.585406031,0.38978434
463,0.776343702,0.797366873,0.840830866,0.869902564,0.844059098,0.977303076,0.860765968,1.088342238,0.99408854,1.147489048,0.39587568,0.638794546,0.598361292,0.49162258,0.453204745,0.789344392,0.709001671,0.64673877,0.575773923,0.381663198
464,0.769332705,0.796086543,0.824328459,0.855386787,0.839534452,0.957755032,0.862247672,1.078613855,0.983515694,1.129751548,0.392160901,0.627393835,0.590023412,0.481577792,0.446991368,0.761336438,0.697651127,0.636493896,0.566095073,0.381095348
465,0.757663332,0.77652033,0.812265087,0.851013959,0.820579435,0.953106336,0.839547613,1.06326443,0.97460393,1.113255415,0.391357144,0.626789804,0.584005076,0.479016011,0.443608052,0.753361913,0.690902203,0.63291166,0.562964348,0.37574895
466,0.746509592,0.768480797,0.807683667,0.841175823,0.820687237,0.942351445,0.831547768,1.062536537,0.963070255,1.108862354,0.38296669,0.616032728,0.581966878,0.472687196,0.437424859,0.7365664,0.680591024,0.631769999,0.556707529,0.369333578
467,0.744027201,0.762051817,0.790047579,0.828710357,0.809291593,0.922939854,0.830192707,1.02762423,0.948473852,1.088902092,0.380017465,0.609347901,0.570999792,0.4641514,0.430143128,0.731161703,0.671147917,0.617794737,0.546897625,0.36119489
468,0.726033295,0.748676746,0.778457762,0.820312032,0.792120294,0.910606962,0.812483216,1.024229398,0.940942059,1.078855102,0.374933518,0.602919758,0.563172929,0.459812702,0.42486417,0.734028512,0.65968651,0.607331647,0.543405645,0.363337863
469,0.722866784,0.743452805,0.772138445,0.805715959,0.779852764,0.906801434,0.80432648,1.015984366,0.927829579,1.060743689,0.368640758,0.594132937,0.55593712,0.457731307,0.419958918,0.713420971,0.65672921,0.599866412,0.536438411,0.362415921
470,0.715905656,0.739521527,0.752546968,0.796308546,0.771692292,0.889815932,0.796137905,1.000678489,0.912758625,1.045927479,0.360186379,0.582754966,0.550561953,0.44793097,0.413782588,0.712678874,0.643342945,0.58659613,0.528341714,0.356500956
471,0.700291547,0.719355764,0.749393594,0.789082943,0.760918672,0.876752356,0.779946265,0.990782305,0.9026258,1.030337575,0.358703911,0.577896686,0.542332496,0.441711112,0.408366974,0.712430485,0.634712474,0.579984973,0.521282288,0.348259137
472,0.696550187,0.711496516,0.731211944,0.779932283,0.756024736,0.869283739,0.768429395,0.968878924,0.890363319,1.020652858,0.350888048,0.570847218,0.533236055,0.43975775,0.401588584,0.693827629,0.623555625,0.582396468,0.517046699,0.347819253
473,0.677265424,0.700872251,0.718954732,0.766698192,0.745544712,0.853961177,0.757158081,0.967035058,0.882067326,1.007321815,0.346733742,0.562738069,0.527357506,0.429024481,0.39790342,0.670042543,0.618525723,0.573063984,0.511347157,0.340823182
474,0.678196184,0.694286173,0.704117164,0.760223574,0.722952138,0.845706884,0.754331999,0.943940485,0.865891042,0.98974634,0.343605612,0.551538966,0.519355637,0.423094944,0.391206603,0.677368214,0.61166148,0.561455183,0.500209378,0.336482674
475,0.665089465,0.67631164,0.689120226,0.745194431,0.7122955,0.829433468,0.737294731,0.93696509,0.854896406,0.978342676,0.341918624,0.543805745,0.513328933,0.417858778,0.387021465,0.663147992,0.60569618,0.555355328,0.493705557,0.328815689
476,0.655841407,0.677593656,0.686059264,0.73985481,0.710408379,0.823666368,0.735628799,0.925982916,0.843969614,0.968260954,0.336391369,0.538369652,0.503127646,0.414477686,0.381329754,0.662227616,0.598543304,0.54814783,0.489656977,0.326330308
477,0.65219761,0.668218507,0.675211678,0.731487754,0.703162907,0.817693057,0.724131977,0.92667216,0.842551968,0.962526523,0.330923919,0.532863049,0.501534557,0.407300294,0.376558088,0.643522922,0.597432946,0.53824049,0.481734269,0.322632074
478,0.640577032,0.657834688,0.664229638,0.720542258,0.691478889,0.797435701,0.710780358,0.907027085,0.823892407,0.949871948,0.330029625,0.52612873,0.494369445,0.408568779,0.372465454,0.639386959,0.582066305,0.531215234,0.481012511,0.318849533
479,0.637050018,0.652959649,0.65413426,0.712384676,0.688346959,0.793882278,0.712650314,0.897335529,0.821810175,0.936035537,0.321019674,0.518176391,0.488114677,0.399948847,0.36846938,0.625269734,0.578728891,0.530427694,0.476085036,0.315721754
480,0.627843482,0.639408245,0.637639715,0.710223629,0.68329899,0.779956566,0.697956818,0.888972983,0.810750226,0.9278025,0.318651214,0.512396726,0.482294781,0.395317143,0.365860923,0.632305679,0.570754575,0.528736676,0.468693116,0.315246637
481,0.621405303,0.633388918,0.630241088,0.699031852,0.664693019,0.780091074,0.687792964,0.880327819,0.803747807,0.915436998,0.314955531,0.506746984,0.477645304,0.392808708,0.360088603,0.629328612,0.567849971,0.522772658,0.462027507,0.308484876
482,0.615960243,0.62919656,0.620046923,0.692292135,0.661881991,0.766309188,0.683369294,0.864003048,0.788504888,0.906737139,0.313881471,0.502912418,0.470630102,0.384370571,0.355950068,0.622106012,0.558688758,0.512542675,0.460228328,0.302745912
483,0.605273071,0.621564487,0.609244374,0.686959695,0.659317327,0.758137727,0.676375503,0.859039123,0.784952324,0.898540943,0.310766408,0.494085615,0.468237542,0.381749142,0.353484654,0.608418931,0.555279482,0.512059141,0.454550107,0.30337058
484,0.605637406,0.615703152,0.60080594,0.679383774,0.651959908,0.748191038,0.669161185,0.861261764,0.776422299,0.886965182,0.301176508,0.486978786,0.459902215,0.377126717,0.348227136,0.595537536,0.546205259,0.507019157,0.449539456,0.296818079
485,0.591374423,0.607219332,0.598639025,0.671368468,0.638994112,0.740479084,0.65784813,0.849016937,0.772038208,0.879747042,0.302280522,0.486374842,0.454719259,0.370739353,0.345284678,0.585409279,0.542337554,0.497607043,0.44524487,0.296234368
486,0.59090311,0.604549128,0.579879603,0.664622865,0.636559429,0.731353169,0.654940158,0.830857543,0.759288805,0.869911409,0.29795818,0.481258926,0.451503619,0.365039162,0.339240526,0.587943311,0.536044023,0.495883248,0.438590203,0.290186521
487,0.58520588,0.596657565,0.575479074,0.662014268,0.625863654,0.724027764,0.649901491,0.829914324,0.752477879,0.860680501,0.295599699,0.475585453,0.450538101,0.363632417,0.337898687,0.577989327,0.531268035,0.490718521,0.435864093,0.291052022
488,0.578694571,0.592581317,0.565998776,0.650554662,0.623949521,0.715304826,0.6448711,0.821982697,0.747438706,0.849546414,0.293135562,0.471106909,0.446320116,0.36037361,0.334067449,0.582976914,0.524882464,0.483791185,0.431524008,0.289754378
489,0.570385493,0.586795417,0.562651088,0.642886747,0.613134464,0.709580924,0.635783892,0.815889246,0.739524518,0.837585163,0.28763493,0.467729617,0.439653204,0.357024115,0.329306837,0.56130052,0.521149891,0.480502028,0.428029721,0.286387248
490,0.560617848,0.575399451,0.55283341,0.639427598,0.603876634,0.696670003,0.626289554,0.795823391,0.727326023,0.828708085,0.286394651,0.460927408,0.438297513,0.351326816,0.327265076,0.563873537,0.515957818,0.475236907,0.422411769,0.281676884
491,0.558065135,0.572356647,0.544535963,0.633531712,0.60684279,0.6924048,0.618313101,0.787172059,0.722862455,0.825668434,0.28452722,0.458389123,0.429895429,0.345401454,0.323252037,0.568724891,0.508718897,0.470871693,0.41465532,0.280851962
492,0.550211999,0.566047669,0.534123466,0.626101115,0.591417724,0.685464391,0.611960529,0.783247775,0.711378719,0.811266044,0.279425121,0.451978013,0.426299145,0.343605073,0.318712614,0.546360435,0.49937529,0.465394192,0.410644804,0.274314347
493,0.546586025,0.563765696,0.532157686,0.621110083,0.583324383,0.682394897,0.608108183,0.776122739,0.705613837,0.803135844,0.275954891,0.446530953,0.420692772,0.338095492,0.31324444,0.552631251,0.497197515,0.462154532,0.40998615,0.269562789
494,0.540372046,0.555507746,0.527002336,0.61383144,0.584680604,0.669812967,0.60142015,0.76977659,0.700253553,0.797788659,0.274895819,0.445200398,0.419557087,0.335759318,0.313459931,0.541759159,0.495304309,0.462227882,0.407715007,0.269515402
495,0.532619401,0.549148676,0.518408045,0.609687335,0.579097075,0.664951257,0.596510024,0.755016444,0.690601837,0.792063602,0.271013689,0.441641854,0.414430167,0.333089966,0.308566577,0.534744408,0.490048771,0.450609124,0.403948672,0.268067227
496,0.52949337,0.544141913,0.5109088,0.603129854,0.569969259,0.657500865,0.590190373,0.757341149,0.6820859,0.784040378,0.270360512,0.433473945,0.410422147,0.329579842,0.303724526,0.526577586,0.484497246,0.446491271,0.398609683,0.266055094
497,0.523833813,0.538269266,0.50527517,0.594823398,0.561668884,0.655339641,0.580598582,0.75019299,0.677717993,0.772116401,0.26466282,0.42767471,0.406285558,0.326592154,0.300551926,0.532235814,0.475722404,0.443012212,0.395251016,0.262729097
498,0.516685694,0.530924381,0.497618787,0.589250445,0.550073198,0.64297152,0.574621928,0.732997949,0.668054775,0.765062633,0.264086278,0.425120833,0.402701554,0.321731812,0.297316653,0.523772189,0.474704706,0.442520147,0.390474778,0.259242238
499,0.509664736,0.522451036,0.491464498,0.581442687,0.550973336,0.634901081,0.567982011,0.723633973,0.661681565,0.756653763,0.260881909,0.419902965,0.396154016,0.315174391,0.292949992,0.513528708,0.468093579,0.431657027,0.384988503,0.254431011
500,0.50469694,0.51580811,0.490087574,0.576300226,0.545515557,0.629803082,0.561978147,0.716049884,0.651202319,0.743394259,0.255785912,0.414992379,0.391996195,0.314050569,0.289747229,0.504993628,0.468550047,0.43109767,0.378866837,0.253893702
501,0.500371548,0.511344729,0.484050011,0.569519529,0.534532808,0.618474118,0.553204092,0.710031197,0.646113397,0.737989287,0.255821145,0.411408857,0.388691688,0.310431648,0.286424386,0.502816236,0.46107627,0.423180408,0.376977437,0.251111058
502,0.494796866,0.503605902,0.479591532,0.561798289,0.530913767,0.615511568,0.548025695,0.707505722,0.638037705,0.730489748,0.251333805,0.406807739,0.381582428,0.306090423,0.283386453,0.503529501,0.453559663,0.420688123,0.37416347,0.249618995
503,0.48760817,0.49563383,0.472829872,0.557640963,0.526293638,0.606711902,0.542299798,0.698914124,0.629727595,0.72531425,0.247734339,0.401537384,0.377482525,0.300944957,0.279229175,0.486657439,0.4487555,0.41512659,0.37021543,0.244128125
504,0.483768287,0.490277702,0.465740348,0.550709509,0.518853228,0.599347054,0.531588072,0.690512666,0.623830079,0.712583556,0.24464689,0.394410012,0.370418464,0.29808008,0.276242772,0.478691961,0.446600862,0.413682516,0.366322906,0.242457212
505,0.477204943,0.485462281,0.46300292,0.544118794,0.512239247,0.594986885,0.523897155,0.681076298,0.617117363,0.709488803,0.241748958,0.390585354,0.368787803,0.295686471,0.272891958,0.464146472,0.442542263,0.409593478,0.358799857,0.238842997
506,0.469341461,0.475728688,0.456585871,0.53829766,0.507409518,0.58851577,0.520544477,0.677325295,0.609378368,0.698860894,0.241345842,0.391384296,0.364409458,0.293262929,0.271764396,0.469139423,0.437768105,0.408350053,0.360669406,0.238936775
507,0.46557638,0.467365065,0.457419023,0.532414015,0.50288887,0.577615425,0.513188977,0.671296254,0.607778952,0.693131858,0.238830129,0.386707133,0.360724125,0.289479407,0.267872156,0.477789384,0.431166855,0.403706671,0.353976052,0.234231573
508,0.464167698,0.458745769,0.452288922,0.525125186,0.498195272,0.574230212,0.507876338,0.662921794,0.598090149,0.683096972,0.231845043,0.380674515,0.353663562,0.283423977,0.262094623,0.462618382,0.425844525,0.39704792,0.350273965,0.229369569
509,0.455235074,0.458986345,0.44753232,0.522970751,0.491841392,0.570380441,0.502699632,0.651141345,0.588860263,0.68035164,0.233527248,0.378610009,0.349515634,0.282003341,0.260805476,0.453665964,0.423410995,0.389095817,0.34697768,0.226694457
510,0.448841753,0.448598176,0.441685322,0.514431171,0.487920212,0.558861796,0.496244019,0.647320711,0.584430891,0.671410423,0.22819183,0.370347703,0.346918356,0.275907654,0.256343563,0.458321605,0.418720219,0.386781139,0.342721526,0.224616014
511,0.440613932,0.440414316,0.438789635,0.508920829,0.481428422,0.555462184,0.488234229,0.644175872,0.575654214,0.659690187,0.226149827,0.366267873,0.342000835,0.276454034,0.255899094,0.44136308,0.417503769,0.384619142,0.340919568,0.222752331
512,0.439033186,0.436259296,0.443124518,0.501815031,0.476894208,0.549909387,0.484439177,0.628915556,0.575100672,0.655256132,0.227202009,0.366339099,0.339301605,0.27385481,0.252370278,0.439315944,0.411709143,0.382845751,0.3343434,0.225190853
513,0.434861048,0.430671215,0.440099066,0.497509561,0.47246649,0.541941084,0.480188521,0.632302157,0.564611432,0.649287592,0.220626323,0.358724332,0.335272664,0.268480181,0.248740746,0.436787912,0.404676095,0.372920966,0.331474595,0.215565816
514,0.429241653,0.427988789,0.429039722,0.491967112,0.467511472,0.540117071,0.471456021,0.623136532,0.560015339,0.641995002,0.218831931,0.354209122,0.331265477,0.265069795,0.246197233,0.43101966,0.400690389,0.368683333,0.330016405,0.21617462
515,0.424955231,0.421703939,0.430280394,0.482973439,0.462680021,0.533279588,0.468884122,0.610060704,0.556449464,0.633673554,0.216771577,0.354352052,0.326473185,0.265092739,0.245740927,0.426655805,0.40417993,0.369154537,0.327801937,0.215172722
516,0.422272434,0.417040639,0.420755031,0.481686519,0.45434816,0.526327087,0.462067907,0.604260891,0.55066097,0.630609443,0.213903643,0.348997787,0.324081244,0.261076546,0.239084479,0.430480133,0.400933571,0.363672703,0.325373164,0.208750419
517,0.418335101,0.412550324,0.41877904,0.47694115,0.449804204,0.523132624,0.454453258,0.614386508,0.543501123,0.624054458,0.213517588,0.344115695,0.320384556,0.258124018,0.238224547,0.426419863,0.38879361,0.363730826,0.320279247,0.208823952
518,0.410463779,0.408348208,0.41390581,0.470447695,0.446565467,0.52048089,0.451328413,0.586702284,0.540915922,0.616340864,0.208480232,0.340037466,0.313731021,0.254172749,0.234339897,0.418889515,0.389482932,0.35767752,0.315338442,0.20518102
519,0.408653909,0.400610165,0.411989718,0.465137064,0.442013311,0.505124684,0.44609542,0.590615648,0.534006141,0.611433115,0.209111544,0.337062683,0.311575383,0.250355943,0.231680632,0.410337789,0.38401244,0.356374381,0.309765645,0.205061829
520,0.403173796,0.394799668,0.405414086,0.463071337,0.434638055,0.506837261,0.442017383,0.577049514,0.523762431,0.600748337,0.2101707,0.334455344,0.310225746,0.251804939,0.229407315,0.407349621,0.382839701,0.350788586,0.309581494,0.201328652
521,0.399810707,0.390452495,0.399266635,0.458474742,0.433028155,0.503645454,0.434995624,0.585874254,0.522673548,0.60143411,0.203281488,0.334078448,0.305847632,0.24812449,0.229013907,0.402299223,0.378155521,0.348983901,0.306852609,0.200911429
522,0.396036074,0.383611064,0.394549854,0.453278991,0.425678161,0.495319331,0.430112369,0.574252298,0.517252996,0.591871325,0.200440746,0.32894601,0.301942449,0.247422423,0.224817178,0.405585955,0.364382783,0.340422806,0.302484028,0.195431611
523,0.389555402,0.38230804,0.389098928,0.448952606,0.422947361,0.491387294,0.424660153,0.568604133,0.510381194,0.58461845,0.199606624,0.323391,0.298712373,0.242922247,0.221693017,0.393092084,0.36803048,0.338862084,0.30147203,0.19414051
524,0.385860315,0.375534246,0.382677751,0.447166297,0.415787849,0.488647643,0.420558866,0.561805733,0.507310486,0.578833154,0.20036026,0.320706729,0.295876739,0.237771064,0.218858719,0.396836593,0.36493041,0.334896882,0.294565278,0.193440232
525,0.381598679,0.372432005,0.379094367,0.439246761,0.417281736,0.480319156,0.415313808,0.555399265,0.502902318,0.573360306,0.196988785,0.320147184,0.29323385,0.235868147,0.2177197,0.398706316,0.36071796,0.327666645,0.293150782,0.187426555
526,0.378782826,0.364338983,0.372881081,0.436646948,0.406952657,0.4706287,0.41089515,0.553194966,0.494486065,0.567590709,0.195613197,0.310938832,0.288066614,0.234680854,0.21259909,0.389348904,0.360489309,0.325957092,0.285070354,0.187595898
527,0.375967569,0.363782966,0.371114749,0.430764629,0.406000268,0.473705335,0.406984144,0.543827729,0.495606126,0.561764652,0.194382524,0.311919614,0.287074236,0.231881904,0.21332547,0.375570632,0.358018537,0.327099449,0.287239207,0.187406373
528,0.370383579,0.358981261,0.3687748,0.42679526,0.401023184,0.461854757,0.401113276,0.532811065,0.484575144,0.555914132,0.187163632,0.306118916,0.281234523,0.225441497,0.207424882,0.378937534,0.349250296,0.321576855,0.282248605,0.181162704
529,0.36589823,0.356031115,0.362262346,0.422071664,0.389771435,0.459043292,0.395973304,0.533005553,0.481273737,0.549752729,0.187043877,0.304352194,0.281077935,0.224626953,0.205655177,0.370017955,0.350471824,0.320119778,0.280512993,0.179236717
530,0.35902459,0.351527135,0.360582767,0.420301983,0.398761773,0.45490345,0.394439503,0.525401416,0.476431745,0.545339904,0.186392464,0.304389099,0.279379111,0.224356175,0.204939096,0.356081058,0.343203551,0.31559715,0.280982489,0.179573788
531,0.358192105,0.349867782,0.353782412,0.41410932,0.387151788,0.447993109,0.388898084,0.522297207,0.469259787,0.538190715,0.184505461,0.29854267,0.273206538,0.220726709,0.20198829,0.372937898,0.337422666,0.309462625,0.275955584,0.177810143
532,0.355586634,0.341384159,0.352775221,0.410917384,0.386994047,0.44511764,0.38345547,0.524895371,0.466334309,0.534123637,0.182640922,0.294992146,0.269992078,0.217580964,0.199652764,0.356467054,0.337720098,0.309119518,0.273314787,0.172248594
533,0.351785225,0.339285629,0.346929144,0.406656874,0.379144867,0.440267143,0.381349286,0.511708781,0.464848901,0.528887421,0.179392515,0.29160166,0.268744532,0.214676463,0.199415104,0.354116018,0.333070181,0.30995681,0.267606145,0.174326654
534,0.345430373,0.333166964,0.344855395,0.402812799,0.378766754,0.43703174,0.376447862,0.506605348,0.457478372,0.522177869,0.177975185,0.28746301,0.264177098,0.212348912,0.196320071,0.354879671,0.330691333,0.298471988,0.265108555,0.169778529
535,0.345457245,0.330693937,0.337982309,0.397893501,0.373384773,0.434800263,0.37294047,0.501614693,0.455149691,0.514801247,0.177925913,0.284670636,0.264535674,0.211662263,0.194913711,0.346286777,0.328023441,0.302341895,0.263568266,0.168795716
536,0.344059882,0.325584712,0.338793967,0.394965136,0.370659301,0.430902212,0.364979964,0.498199364,0.448422498,0.513963994,0.17150981,0.283770615,0.261250476,0.209626492,0.191098964,0.34173952,0.321954654,0.297173357,0.261789801,0.16511314
537,0.335640274,0.320433111,0.329609577,0.389431699,0.36912983,0.418912817,0.362948859,0.504199159,0.443202681,0.506613486,0.173697035,0.2775288,0.254235408,0.205390101,0.190459158,0.338896041,0.318163445,0.293218841,0.259009767,0.163696924
538,0.333256073,0.320440974,0.328041404,0.388930679,0.365315775,0.417758458,0.358788564,0.488973641,0.438495514,0.505078519,0.172322062,0.276283738,0.253268893,0.205293138,0.186569599,0.340234301,0.319113368,0.286531733,0.256261637,0.16374464
539,0.329544684,0.316720754,0.325699552,0.386328204,0.36062433,0.4161968,0.357139738,0.485373556,0.438037131,0.495900759,0.170021715,0.276101349,0.253520873,0.205742285,0.188506267,0.346682765,0.316222746,0.291931264,0.258428674,0.164499685
540,0.328364354,0.314750307,0.320333316,0.380620382,0.355592891,0.411299735,0.353350807,0.477669571,0.434445159,0.496616351,0.167038107,0.270836944,0.249939905,0.201528505,0.184210255,0.335658577,0.315763923,0.28558657,0.25267167,0.160970062
541,0.323163749,0.307973929,0.313578344,0.375553551,0.35515095,0.404102491,0.350289128,0.474303733,0.429896065,0.487052239,0.165200432,0.268446606,0.245926038,0.198873444,0.180731256,0.33124571,0.305995045,0.283920836,0.249510472,0.155721102
542,0.320717626,0.303734492,0.311375105,0.372810658,0.344410395,0.401611878,0.345015215,0.470195818,0.42306027,0.484206371,0.167314543,0.265909181,0.243438728,0.199146423,0.180121925,0.327208669,0.306157881,0.283003892,0.247662309,0.156574085
543,0.3160753,0.297581916,0.3117979,0.367271967,0.344237014,0.397702978,0.337109644,0.461918885,0.416602475,0.477621973,0.161750833,0.26075207,0.238870981,0.191788322,0.175880062,0.322800391,0.305120767,0.272424365,0.244376915,0.152202719
544,0.3144954,0.295485367,0.304567801,0.364129977,0.341988954,0.389298273,0.337032358,0.463671899,0.414585713,0.474429788,0.160519848,0.255091631,0.237397253,0.191204911,0.175609576,0.326962968,0.296313807,0.277513362,0.241910791,0.155502956
545,0.310165689,0.294172226,0.303601242,0.361797996,0.337527543,0.389957572,0.331318862,0.457938568,0.412374539,0.470683659,0.159679278,0.255731289,0.232999486,0.190470278,0.174325715,0.322181424,0.295859475,0.267623533,0.239492194,0.149919692
546,0.306675892,0.290115995,0.298053022,0.356994017,0.334701412,0.387976226,0.329171243,0.451004594,0.409398257,0.464234502,0.158852086,0.25370895,0.231889309,0.188480564,0.172596845,0.318224487,0.292868681,0.268987899,0.235636053,0.148853784
547,0.303645895,0.286452614,0.294571223,0.354843772,0.329823408,0.382771624,0.324611225,0.45052805,0.402232642,0.459929154,0.158708612,0.251560686,0.22835854,0.188151335,0.171353665,0.30548189,0.290414559,0.267270296,0.235682319,0.148283013
548,0.300211737,0.281215225,0.294261584,0.349746396,0.325672255,0.375813434,0.318759892,0.448257221,0.3962612,0.454522075,0.156821469,0.245474791,0.225042318,0.186807848,0.167470532,0.306735522,0.285580543,0.259182536,0.229821993,0.14457473
549,0.298483574,0.280771554,0.294731041,0.347767352,0.324260304,0.376904464,0.319272183,0.439922869,0.396347796,0.449876133,0.152380954,0.246084609,0.226340708,0.185516681,0.168368252,0.312114066,0.287420191,0.263355875,0.230261232,0.145213513
550,0.29641283,0.278858337,0.291649047,0.344461619,0.321049139,0.370274888,0.316092077,0.435141866,0.390266628,0.447489348,0.152202061,0.241109533,0.222191387,0.180984175,0.166637666,0.306109604,0.283458219,0.255793356,0.228782539,0.142718848
551,0.292852522,0.273188355,0.287252916,0.341453169,0.316916633,0.36834779,0.312036047,0.434821131,0.387551592,0.442901623,0.148109551,0.240341075,0.219063645,0.178429796,0.163180596,0.294435881,0.281350552,0.252918532,0.226297655,0.143514817
552,0.291069405,0.268549366,0.279970216,0.335859143,0.309860846,0.360154401,0.307232683,0.431754948,0.383863782,0.437429758,0.146334874,0.236340944,0.21430972,0.176885466,0.162044924,0.293493753,0.275270709,0.252395633,0.222769026,0.137919769
553,0.286037483,0.264376353,0.279092114,0.334787213,0.312982094,0.357558474,0.305663575,0.421903013,0.37980416,0.434953277,0.148761965,0.230205673,0.213303238,0.175114159,0.158891034,0.295037859,0.275526914,0.24828006,0.220013294,0.136142407
554,0.283068596,0.259162951,0.276443878,0.328148658,0.307626931,0.354000195,0.300434169,0.418123067,0.373873968,0.428334163,0.145125431,0.226899524,0.206706587,0.173207707,0.156789308,0.289219539,0.269295558,0.243744801,0.214819248,0.137310246
555,0.281793137,0.260295909,0.273145502,0.326574917,0.304066446,0.352325259,0.297437966,0.414028567,0.37379649,0.425134643,0.144479736,0.230147017,0.206160858,0.170784296,0.156703271,0.294207646,0.270612953,0.244130735,0.216664845,0.135404151
556,0.279531425,0.256646664,0.267025832,0.325185255,0.300925009,0.349482789,0.294487049,0.414155037,0.371765359,0.422249679,0.141575806,0.225729799,0.204693162,0.167547789,0.155831884,0.281594257,0.26611423,0.237585523,0.213631957,0.132329012
557,0.274063897,0.253424868,0.265835265,0.318814049,0.294732052,0.345853237,0.292253166,0.406507025,0.365209542,0.413351117,0.138380685,0.222081054,0.199454337,0.167192448,0.152745211,0.281561721,0.262286144,0.237919632,0.210702435,0.130456942
558,0.273954655,0.253655921,0.262860564,0.318678001,0.299545973,0.34083967,0.289663054,0.409483197,0.364694196,0.412498163,0.137094499,0.217584269,0.201643784,0.168671105,0.153101681,0.282745545,0.267894497,0.234739361,0.21149047,0.130545193
559,0.271052969,0.246746051,0.257410129,0.315051937,0.292038789,0.340388513,0.283907572,0.403655962,0.353809892,0.407102433,0.139318381,0.216706991,0.196434782,0.162206357,0.149114539,0.275167763,0.256896384,0.233270061,0.206136733,0.127755902
560,0.267349433,0.244734149,0.257520317,0.31108654,0.287262907,0.337209028,0.28144859,0.396678317,0.354118678,0.407653856,0.13628414,0.211627411,0.195038675,0.162256437,0.14639499,0.278579166,0.256958397,0.231487765,0.204117299,0.127861621
561,0.264577634,0.241514999,0.252581162,0.309819031,0.288401667,0.327790132,0.278688121,0.397483656,0.352363976,0.401937448,0.132546868,0.213266028,0.192701751,0.161902985,0.147072364,0.271924271,0.252417197,0.231449374,0.200897885,0.123321463
562,0.260532959,0.236262097,0.244902875,0.302271443,0.282577241,0.325624449,0.273077491,0.389328066,0.345198905,0.396455224,0.134875403,0.20745254,0.189803683,0.159858296,0.144063827,0.269870372,0.252732446,0.224989951,0.19823846,0.12364825
563,0.258659726,0.237794709,0.246363991,0.300406896,0.27962328,0.32661764,0.274664224,0.394699055,0.344713613,0.394100599,0.133909243,0.208037848,0.190090261,0.156947528,0.142674921,0.272993323,0.25050067,0.228689344,0.200115322,0.123133741
564,0.256214922,0.233349331,0.247149309,0.300503393,0.273773656,0.324634535,0.269582331,0.384220311,0.340366553,0.389984372,0.13006648,0.205631009,0.18695028,0.155070952,0.142365491,0.261544395,0.252180454,0.224512343,0.196005023,0.122517875
565,0.253585781,0.229323441,0.241418835,0.294514574,0.274785716,0.320098212,0.267088192,0.380712622,0.338579986,0.386221508,0.130133246,0.200040489,0.182657751,0.155385341,0.140573272,0.262019391,0.248009729,0.219095821,0.196425991,0.11838772
566,0.250595058,0.225127159,0.236653986,0.290306181,0.267841985,0.314109673,0.261991642,0.373529086,0.333908546,0.379660454,0.126977077,0.198282537,0.179625761,0.152563667,0.138024398,0.2538696,0.244014016,0.2165576,0.193625579,0.118623174
567,0.250738375,0.226986487,0.238664257,0.291132838,0.268240196,0.311078048,0.262429952,0.378339106,0.331904052,0.380785308,0.128438239,0.198429062,0.180915989,0.151569254,0.138383831,0.257203221,0.246449211,0.214137836,0.190846221,0.11870315
568,0.247048601,0.221936433,0.237213118,0.286048234,0.260088569,0.30779477,0.261166673,0.369563743,0.328543687,0.374405034,0.12690178,0.19504723,0.178768519,0.148653838,0.135251517,0.26079205,0.238707432,0.213093491,0.189791688,0.117263764
569,0.242766342,0.217249235,0.230865953,0.28514175,0.264339545,0.299860127,0.252444824,0.360208392,0.324290662,0.369763852,0.120204268,0.189856402,0.174026543,0.146434659,0.133769489,0.252314748,0.234447156,0.20974534,0.185302098,0.113170717
570,0.242585989,0.219022488,0.2283957,0.280393956,0.259932775,0.299252251,0.253323983,0.368251317,0.323979041,0.36814034,0.122811459,0.195610346,0.175052243,0.147850095,0.133252335,0.252733313,0.236216737,0.210084519,0.186290787,0.112274458
571,0.239132464,0.213419204,0.225175068,0.277490509,0.258880626,0.295027663,0.247505687,0.35622158,0.3181785,0.363142673,0.122803248,0.188793757,0.17109618,0.143243974,0.131535684,0.248180035,0.234075971,0.206309464,0.18216599,0.111007344
572,0.23706235,0.212679175,0.226036531,0.274884599,0.259648801,0.297889036,0.247360993,0.356486462,0.318651979,0.359597819,0.123943358,0.189595505,0.17013134,0.142281119,0.130697964,0.244096462,0.230667997,0.205489857,0.184530065,0.112589627
573,0.235519386,0.212384941,0.2311776,0.274139134,0.253607329,0.297005498,0.247167373,0.349598898,0.316180059,0.359461538,0.118762436,0.188414925,0.171803451,0.144173119,0.132433947,0.250572543,0.227235373,0.205478085,0.182901875,0.110577972
574,0.23227872,0.209750557,0.224523983,0.270973836,0.252899394,0.29052255,0.244940251,0.353184254,0.31323294,0.357324601,0.121414046,0.18612137,0.170717184,0.142621907,0.130374539,0.238374257,0.228764485,0.205779461,0.182825988,0.107533301
575,0.22996961,0.205589628,0.225053974,0.266318465,0.24902659,0.287706334,0.237386491,0.349803735,0.30708049,0.34909599,0.11818572,0.181930731,0.167504476,0.139361641,0.127000168,0.239116771,0.224420785,0.19934551,0.177531022,0.106585488
576,0.22979145,0.200463783,0.225371664,0.26084111,0.245408582,0.285787838,0.239410729,0.344393045,0.304996917,0.35137613,0.117797749,0.183313951,0.165066787,0.138458037,0.126668136,0.238578849,0.221965209,0.201266768,0.174173988,0.106571834
577,0.224829216,0.202702731,0.221626863,0.263663312,0.244174733,0.280871648,0.236559943,0.338087637,0.30096236,0.347629884,0.116470421,0.179228077,0.165840319,0.138544112,0.125720321,0.228515611,0.223527827,0.198299109,0.174685891,0.109007975
578,0.224935194,0.199982591,0.221001882,0.256249789,0.241873719,0.281844256,0.235235954,0.338668313,0.304411633,0.342837863,0.115487083,0.17782912,0.164604885,0.136915303,0.124847702,0.239166062,0.222182062,0.196958024,0.17770302,0.106784
579,0.224620089,0.198627024,0.220459266,0.251646572,0.240841751,0.277694323,0.230762622,0.33554825,0.300215421,0.339550986,0.116283882,0.177664623,0.161737761,0.136562236,0.123990359,0.237431796,0.219340487,0.194187988,0.171424675,0.103743847
580,0.2186171,0.195357662,0.220671729,0.249047699,0.233522345,0.274195145,0.227278018,0.331170961,0.296391228,0.335734889,0.110978966,0.173051337,0.158741231,0.133992275,0.121727759,0.230914966,0.21883986,0.190922917,0.172393947,0.10685869
581,0.217952054,0.194720216,0.225227851,0.244360137,0.234803269,0.274527828,0.226512819,0.334567388,0.294794753,0.33609465,0.111186897,0.174879932,0.159531046,0.132260326,0.120863511,0.239835001,0.216615193,0.19082982,0.170137621,0.102991817
582,0.21328456,0.188994074,0.223617315,0.24071002,0.231306462,0.265339484,0.221833604,0.331218545,0.288593542,0.32811481,0.11011299,0.170027484,0.159316569,0.128929532,0.118676078,0.224487385,0.207704033,0.190184265,0.166588984,0.104335396
583,0.213577279,0.193318753,0.224673848,0.238434412,0.233868387,0.266777048,0.221359065,0.325846111,0.28885123,0.329027065,0.110172225,0.171097319,0.156818265,0.131050231,0.119731766,0.21929879,0.208762386,0.189402321,0.167272762,0.101458671
584,0.213253213,0.189095913,0.231144301,0.234528891,0.230709867,0.265699883,0.221406077,0.322263832,0.288316069,0.327341605,0.109851394,0.170732823,0.156674125,0.129601509,0.118333799,0.227727453,0.208348016,0.189450821,0.168522351,0.1050666
585,0.208685711,0.187542264,0.232441175,0.232046185,0.228802801,0.263652141,0.217015521,0.319731802,0.28642729,0.322407528,0.106174287,0.167087987,0.156353621,0.125340949,0.118038412,0.219050588,0.208761238,0.188164759,0.165528067,0.103340399
586,0.208005526,0.184348838,0.233502011,0.228510105,0.222364293,0.254634558,0.213271576,0.310282468,0.279390878,0.316141681,0.107734194,0.165169687,0.153427659,0.124850826,0.11527525,0.211774886,0.207260082,0.180753559,0.162048692,0.100110431
587,0.204775565,0.179296942,0.233290016,0.223923416,0.222698407,0.253779018,0.211784677,0.315146964,0.274888948,0.314728931,0.106408991,0.161900662,0.151828974,0.125211789,0.113710188,0.221497906,0.207540854,0.179541583,0.16023083,0.096004788
588,0.203211911,0.182762,0.240827559,0.221547236,0.21986229,0.256138403,0.212922804,0.314626018,0.277514079,0.314974431,0.10872025,0.164866436,0.151121802,0.123896299,0.1158678,0.225066674,0.205680996,0.17969255,0.16125255,0.103083042
589,0.202795271,0.179953587,0.243398245,0.215427608,0.218391219,0.248808877,0.207368547,0.305779577,0.270838506,0.309197968,0.103714896,0.16083715,0.148234256,0.121098385,0.11152735,0.225482315,0.204845563,0.178439823,0.162364527,0.094754048
590,0.200759089,0.178672751,0.247002406,0.21313348,0.218092354,0.255217263,0.206393179,0.304334163,0.273745571,0.309157713,0.106556494,0.162102079,0.148944298,0.123010268,0.112885522,0.209001448,0.199611701,0.178344781,0.161153264,0.097307731
591,0.198814595,0.177200914,0.242681152,0.211337488,0.214797225,0.250221007,0.204260904,0.308941002,0.269076908,0.305964108,0.101534834,0.160452328,0.146140455,0.12079789,0.111444263,0.215292817,0.19766649,0.173947195,0.161810004,0.096328946
592,0.19375396,0.173594827,0.249347673,0.202866596,0.211225378,0.245593999,0.203337627,0.308703553,0.266273908,0.302418249,0.105689858,0.155908414,0.145130452,0.119982201,0.109967211,0.202162796,0.194069838,0.178188376,0.158510142,0.091514263
593,0.194260349,0.175426407,0.260322549,0.201526903,0.212377977,0.243226253,0.201186246,0.312170279,0.268570919,0.30295311,0.101216596,0.15992139,0.148538042,0.12093669,0.110654272,0.213882939,0.201281826,0.17724423,0.156679563,0.096944686
594,0.19275188,0.172455769,0.266569184,0.195168869,0.211185545,0.237276905,0.202833417,0.305668642,0.266087688,0.304580674,0.106723996,0.15844642,0.146585054,0.120053301,0.109689827,0.205000713,0.197943179,0.175165825,0.157473626,0.099250164
595,0.192999918,0.170086178,0.271177598,0.193757124,0.208909775,0.237896906,0.198718472,0.296839871,0.259856746,0.295836918,0.09864877,0.153634487,0.141020683,0.11942429,0.110941009,0.199639217,0.196498253,0.1765238,0.155507649,0.095478912
596,0.189915817,0.168163279,0.279848833,0.185518928,0.202051256,0.237344009,0.197266512,0.29767057,0.259684468,0.29663545,0.100737587,0.151487182,0.14073636,0.117809961,0.107824073,0.20784569,0.193216941,0.171824152,0.153740956,0.096966772
597,0.186626414,0.166990435,0.288061992,0.180981705,0.203120309,0.23516913,0.193900611,0.296458331,0.259309537,0.291163118,0.096246503,0.15063127,0.142364759,0.117531534,0.106900083,0.205844498,0.198510329,0.170039549,0.157277903,0.094559892
598,0.181847706,0.165729553,0.298317554,0.177738605,0.200783182,0.226981403,0.191153658,0.289009954,0.257023691,0.287825815,0.097504004,0.150510342,0.140220457,0.113241951,0.105798301,0.201507976,0.188562871,0.169910181,0.15739023,0.091928613
599,0.183910183,0.16110631,0.313848666,0.167852821,0.198430566,0.227695749,0.191175559,0.291915792,0.250312486,0.286288339,0.094298885,0.148084375,0.136600335,0.108609494,0.106424677,0.205805586,0.1873129,0.168000702,0.153403285,0.094074746
600,0.182776124,0.164307402,0.327857758,0.160428948,0.196014976,0.226164412,0.189023952,0.286314667,0.251044739,0.283604291,0.094727278,0.148531337,0.133351641,0.111613546,0.104336252,0.202284772,0.184835823,0.165867556,0.15248679,0.091632159
601,0.180168293,0.161678398,0.334440182,0.154697623,0.197513271,0.223753757,0.182008856,0.279466215,0.24755501,0.280750276,0.09500306,0.145204977,0.132591649,0.110715727,0.101474618,0.194684838,0.183949818,0.165305376,0.14911907,0.089571237
602,0.175317968,0.157952324,0.340138555,0.151467416,0.187892201,0.21769093,0.180445226,0.27888636,0.243054824,0.275517069,0.093170838,0.141816306,0.131125988,0.108741106,0.099301466,0.185649206,0.179390731,0.160902436,0.149318631,0.089136063
603,0.174485957,0.154915479,0.349651784,0.147062912,0.192881888,0.222007137,0.181550764,0.273380796,0.23996458,0.273826849,0.090270232,0.144892493,0.131529906,0.109430265,0.101684596,0.189442822,0.185343658,0.15950547,0.147434759,0.089955757
604,0.171620629,0.157044983,0.353322507,0.14495826,0.190176318,0.215742184,0.180107297,0.273857295,0.239277846,0.2714646,0.093014107,0.141697965,0.132380102,0.108675734,0.098417027,0.188821693,0.184216015,0.157555133,0.150178917,0.089298419
605,0.172722393,0.157412184,0.355894808,0.139972689,0.196152346,0.221680156,0.181168758,0.278886015,0.242090805,0.273232377,0.097776064,0.141866513,0.13392463,0.106388363,0.10188609,0.185560815,0.184293552,0.159119922,0.152750932,0.08953564
606,0.169499595,0.153729034,0.346667948,0.142537638,0.186941221,0.211273222,0.175091859,0.272087639,0.236815703,0.26598344,0.094009279,0.140743468,0.129733114,0.106249896,0.096494086,0.202260618,0.172459112,0.151734419,0.142034066,0.090981368
607,0.172227411,0.153741849,0.359371289,0.138331536,0.184875763,0.208943001,0.178220776,0.2694167,0.236480414,0.268364948,0.087946039,0.140026699,0.130791803,0.108043245,0.10024003,0.197555635,0.17908672,0.158893684,0.146222878,0.08837103
608,0.169188233,0.149515581,0.350243707,0.137154463,0.186033143,0.212151814,0.177372986,0.265272824,0.231030626,0.267439156,0.092150578,0.137388134,0.13002149,0.102929845,0.098173374,0.175663061,0.17704602,0.156944955,0.14653197,0.084743204
609,0.168902157,0.154533745,0.352570932,0.13785873,0.18259856,0.216178615,0.175372533,0.274005169,0.236382664,0.264675839,0.085320829,0.142010336,0.131301544,0.106034542,0.098057336,0.194048069,0.176291147,0.155524074,0.149325225,0.089444937
610,0.166124456,0.153210728,0.356638646,0.130432376,0.182696476,0.208633242,0.174683251,0.269139888,0.234468983,0.262907048,0.092608709,0.141842665,0.129678636,0.104298597,0.097582086,0.175208889,0.173149295,0.15462807,0.148228715,0.089726471
611,0.165024014,0.151006886,0.350957036,0.130910296,0.180753168,0.209706129,0.174832443,0.261094411,0.234786448,0.262691749,0.09385716,0.141312307,0.131065836,0.10873342,0.099841333,0.189705494,0.178711352,0.160853038,0.144672613,0.089315155
612,0.161024199,0.154670734,0.355326956,0.132821306,0.179104636,0.206024157,0.174823678,0.270117249,0.233003154,0.263980879,0.091086615,0.142829282,0.132265678,0.106371823,0.097257644,0.178264855,0.179461436,0.154483482,0.147667665,0.094080761
613,0.163365996,0.150937238,0.351450296,0.1301361,0.1851333,0.202166435,0.174182421,0.26334218,0.229912038,0.256253063,0.094498872,0.13884827,0.13199217,0.106021603,0.099377137,0.173236263,0.171543383,0.156694444,0.141836347,0.095153079
614,0.158850361,0.152603791,0.352611953,0.127477772,0.182655467,0.198071802,0.171931137,0.259557862,0.223510062,0.256544613,0.087516683,0.138795375,0.131835316,0.102168991,0.094410397,0.178865156,0.169991591,0.158346142,0.140035102,0.091774172
615,0.158539853,0.151851727,0.350252485,0.124254251,0.17981671,0.20076878,0.174932788,0.25985896,0.226943389,0.253500275,0.090490797,0.14120531,0.130968199,0.104732592,0.096141853,0.180609965,0.175569623,0.155961877,0.143782568,0.092935047
616,0.160357488,0.150701463,0.353955845,0.126086347,0.179009189,0.201704285,0.172734898,0.257807055,0.224334171,0.25321918,0.094025346,0.141783471,0.132773449,0.102885093,0.096984509,0.179364194,0.172430206,0.158114182,0.139810336,0.091735633
617,0.159248002,0.151265411,0.353629156,0.120542453,0.178880127,0.201420506,0.173534733,0.262597394,0.227037803,0.251511395,0.090468185,0.141833668,0.135561213,0.103457981,0.097528694,0.167207571,0.172716934,0.157499125,0.140625274,0.093816976
618,0.158654951,0.152083545,0.354276256,0.119639431,0.173334212,0.196497687,0.173968384,0.257444983,0.222961837,0.252363759,0.097918945,0.141700675,0.134062986,0.100018653,0.099080405,0.188790932,0.175875395,0.157419803,0.141991585,0.091893225
619,0.157421677,0.149673608,0.35672211,0.119593448,0.172187179,0.195355202,0.168725841,0.252330844,0.221450059,0.250637155,0.092928166,0.141222512,0.134611928,0.098350211,0.094952341,0.183983217,0.172365035,0.150862061,0.139975308,0.087954517
620,0.157182658,0.150586769,0.348194687,0.117420293,0.17604312,0.195315598,0.172309807,0.249361295,0.222604846,0.246609345,0.092866683,0.13594086,0.1299829,0.098312243,0.095404846,0.166621145,0.166413333,0.155872765,0.140585648,0.089533151
621,0.154709212,0.151193186,0.350345708,0.114592085,0.173968474,0.195017985,0.167211689,0.259110292,0.218586992,0.244807802,0.090445716,0.140664719,0.13069531,0.100831959,0.096242748,0.162964821,0.165336647,0.154214756,0.143424713,0.089082301
622,0.153988231,0.147117496,0.345643388,0.114756135,0.174641941,0.193554114,0.168632503,0.248881768,0.217628961,0.244336611,0.089227296,0.139658839,0.134112374,0.100952181,0.095362152,0.16307982,0.168967954,0.151219689,0.139077919,0.093323769
623,0.154085541,0.148769444,0.349142522,0.108128739,0.163642319,0.194246751,0.167629499,0.242627914,0.21448522,0.241963659,0.087872757,0.137534226,0.130854691,0.099872948,0.095499833,0.174622932,0.168119502,0.157819954,0.133073239,0.091111894
624,0.150454069,0.148178563,0.35547775,0.109537717,0.16742577,0.191000921,0.163819656,0.24865448,0.215113343,0.23521846,0.085931216,0.137598023,0.129358115,0.100264063,0.09427419,0.171278464,0.16380333,0.148530029,0.136565336,0.08926378
625,0.146498733,0.143465734,0.34570388,0.110488162,0.16331818,0.18242318,0.161166117,0.24058174,0.208495134,0.234124231,0.086404778,0.134270271,0.128650452,0.09813971,0.092783714,0.156507697,0.168162707,0.147894534,0.135649092,0.094843526
626,0.149622154,0.147502174,0.347039848,0.104572747,0.156837248,0.188419931,0.164879752,0.243942461,0.209347222,0.23616243,0.085242595,0.137909033,0.125836485,0.093521036,0.092958839,0.16997581,0.163881689,0.149855672,0.134488353,0.088981467
627,0.147770177,0.146355347,0.346855416,0.104524836,0.169570333,0.182497126,0.163780501,0.238105552,0.21025414,0.232831825,0.088210084,0.13356423,0.12786071,0.096719654,0.091870832,0.161958296,0.169420934,0.151926399,0.136751593,0.090587258
628,0.147510531,0.145759972,0.348651154,0.101131634,0.159443233,0.184703282,0.16436154,0.235864751,0.208273587,0.232387686,0.085401181,0.134662314,0.127043128,0.09655616,0.090578622,0.163486941,0.164459647,0.146455914,0.134266727,0.091390559
629,0.145651754,0.143084973,0.347513644,0.099955063,0.161296779,0.183210982,0.161803985,0.232730163,0.208698007,0.229844965,0.088438726,0.138132025,0.129368857,0.099092577,0.091485874,0.16495977,0.162978295,0.15169294,0.131344497,0.089950092
630,0.144336247,0.144924958,0.347986053,0.098686108,0.155122448,0.182324497,0.161319482,0.231191566,0.208354515,0.229261049,0.087759133,0.135751189,0.130275578,0.095451917,0.088964567,0.165048712,0.164440054,0.145843597,0.132404101,0.091257082
631,0.143550165,0.145438404,0.341226091,0.095969922,0.155550203,0.178817302,0.159005961,0.234963336,0.205354241,0.227172943,0.078459067,0.135062697,0.124382865,0.091236874,0.089749917,0.169145783,0.165457779,0.148572317,0.131963946,0.090125933
632,0.142356535,0.146560005,0.342922855,0.095621306,0.157004592,0.171875109,0.157078335,0.235219829,0.204318443,0.22598674,0.081249453,0.135171654,0.126980215,0.092933829,0.088436322,0.150115809,0.163036234,0.148435242,0.130967827,0.089631334
633,0.140719103,0.139308427,0.345931393,0.096057865,0.153662605,0.175268116,0.158066898,0.226981512,0.201646352,0.225670887,0.085709094,0.135930703,0.128897231,0.093590999,0.090720799,0.157472765,0.161726665,0.14512407,0.129963493,0.091517635
634,0.13934879,0.142825149,0.343667053,0.092099618,0.153903346,0.176646871,0.157392884,0.226725387,0.19926418,0.222757694,0.087332673,0.137451401,0.128817299,0.093476352,0.089884827,0.15074269,0.16433921,0.144470361,0.129033604,0.089813769
635,0.137762533,0.140739637,0.345522945,0.090122186,0.150800514,0.173895306,0.159599122,0.215864075,0.202370217,0.222973959,0.075870074,0.133810217,0.125856734,0.089526707,0.086423157,0.151487326,0.157708593,0.149671874,0.129138841,0.090921998
636,0.134543015,0.140509065,0.341459145,0.089131107,0.151816342,0.177015996,0.15654065,0.229048297,0.199650833,0.219385245,0.080464632,0.132325927,0.126223269,0.091527476,0.09019949,0.151818414,0.157479796,0.141382838,0.124939394,0.089222832
637,0.137036928,0.140983049,0.351067749,0.09026277,0.150946743,0.173653246,0.156094485,0.238270992,0.198613857,0.219477395,0.085234914,0.133762613,0.126255448,0.091896854,0.08915916,0.154793902,0.159988769,0.143982107,0.127324458,0.090456455
638,0.134363531,0.1389333,0.345279398,0.084203716,0.147358769,0.168872746,0.152018233,0.233690871,0.197827877,0.212881068,0.082618719,0.132291118,0.126090885,0.095027023,0.089048738,0.154537775,0.158300865,0.139201037,0.124974241,0.08930649
639,0.133426778,0.137196017,0.341763981,0.087276523,0.15085494,0.168953963,0.153302926,0.223820559,0.196154155,0.216381407,0.085213609,0.13120128,0.124323007,0.090680979,0.086763802,0.147149728,0.154560351,0.142502746,0.125976826,0.085444855
640,0.133592129,0.136920285,0.346189814,0.083491546,0.15443718,0.161541322,0.152680613,0.223926929,0.193320875,0.212650756,0.08322703,0.125094636,0.122305355,0.095662368,0.084109828,0.151530121,0.15706106,0.136477639,0.126300541,0.081891176
641,0.131367982,0.132727092,0.346235931,0.078961101,0.148104862,0.157239382,0.149590239,0.222479235,0.19122375,0.2117747,0.086201037,0.129614053,0.123368727,0.088525137,0.086520137,0.154741993,0.149639836,0.140475782,0.12225276,0.082400034
642,0.131724791,0.134619446,0.34844447,0.080075872,0.141954298,0.161257174,0.150018687,0.217431954,0.186375993,0.212288309,0.083366432,0.125972731,0.121013885,0.093326064,0.087005797,0.158300565,0.150236374,0.139301157,0.122170252,0.086645227
643,0.129430257,0.133327851,0.348120895,0.078429433,0.142183629,0.158767297,0.150209525,0.22071043,0.189564211,0.207428912,0.083609626,0.126222827,0.117595268,0.083716468,0.085051998,0.142766012,0.150150233,0.138526044,0.120144753,0.083844068
644,0.129727157,0.133528984,0.356800589,0.076136137,0.143639396,0.158446537,0.153706174,0.218141587,0.191469953,0.210741474,0.079298143,0.127862818,0.120323753,0.090600107,0.084996135,0.149164714,0.155479052,0.139840258,0.128265281,0.089534859
645,0.129753632,0.132671327,0.352420396,0.071449435,0.14021351,0.158851531,0.147581392,0.213445835,0.188263334,0.207746505,0.073288287,0.127088333,0.116432475,0.086647721,0.085038898,0.145659792,0.143884818,0.140700214,0.120571733,0.079037351
646,0.126244297,0.130511392,0.356856672,0.070765144,0.139438138,0.158876038,0.145235892,0.212344367,0.183516695,0.203888494,0.081997223,0.120087224,0.118373726,0.087686056,0.083466581,0.150303176,0.14145908,0.136351466,0.113240938,0.082327824
647,0.12456077,0.13073924,0.350851783,0.06835601,0.137006398,0.154408112,0.146300998,0.217694888,0.186981478,0.204073259,0.079896233,0.123452102,0.117709557,0.088921051,0.081702669,0.139833972,0.149721842,0.128928207,0.117795572,0.077683361
648,0.122981825,0.128884809,0.354447887,0.065684202,0.14695561,0.15535125,0.142452948,0.214559029,0.187519567,0.203093928,0.074931167,0.120134404,0.118169595,0.086395577,0.084285952,0.140295754,0.148042867,0.136172909,0.121479665,0.081481679
649,0.123158744,0.129159834,0.345833924,0.066215989,0.135464525,0.155376569,0.144198358,0.207747576,0.188185807,0.198240753,0.079227914,0.120367755,0.116456186,0.085537345,0.080113217,0.135969976,0.147382248,0.131272388,0.114439965,0.070777975
650,0.120466412,0.125122324,0.359353062,0.063872896,0.135452131,0.152010929,0.13884673,0.209275405,0.181920349,0.197248276,0.078924679,0.116961516,0.11635223,0.085181502,0.082402957,0.13907575,0.148842087,0.129225305,0.116870588,0.076428299
651,0.123264582,0.129049011,0.362959788,0.058514513,0.129059057,0.155169306,0.137798238,0.201406584,0.179325246,0.198850227,0.07381402,0.12172171,0.115200217,0.085488492,0.081798282,0.143641212,0.14339307,0.134604621,0.113332265,0.078225185
652,0.120231799,0.127788749,0.357930731,0.062232088,0.134582418,0.144698344,0.138978442,0.200517497,0.183027122,0.195211462,0.079419967,0.117887733,0.116388786,0.085649941,0.080753022,0.139910521,0.140149414,0.131771031,0.115884647,0.08106946
653,0.120682343,0.124014391,0.360483378,0.061809928,0.135410663,0.148988553,0.142232121,0.197033669,0.177069843,0.195071571,0.07623795,0.124309827,0.114164341,0.088762734,0.082026142,0.128556142,0.144871997,0.132862976,0.114652396,0.08294402
654,0.117437015,0.127345518,0.370330263,0.055567002,0.13614704,0.149646376,0.140440825,0.201634638,0.177288259,0.194706868,0.074629199,0.122582883,0.115738818,0.082580124,0.079433375,0.141943271,0.140841434,0.134101116,0.116332661,0.077153068
655,0.119221777,0.127914373,0.385677382,0.048448157,0.129331652,0.148282653,0.137181906,0.20817698,0.174536956,0.194029672,0.077144299,0.120640327,0.117976774,0.081358849,0.079410048,0.148729857,0.152755832,0.132935646,0.111901831,0.086351104
656,0.116005106,0.12937332,0.397250822,0.050570655,0.133694956,0.150560928,0.137677907,0.205305943,0.175410458,0.196785041,0.078323991,0.122079092,0.11914265,0.084642612,0.081446247,0.127851298,0.145259958,0.134784262,0.11532478,0.083738601
657,0.117977243,0.12950211,0.401023666,0.0506487,0.124860817,0.151433414,0.141044805,0.197894756,0.180055116,0.193723899,0.072411517,0.125212695,0.12036915,0.083925185,0.079681314,0.143602376,0.144031035,0.137130718,0.120839856,0.088676135
658,0.119091373,0.131775488,0.417634235,0.045102845,0.121067465,0.150068293,0.142442802,0.20001135,0.178879654,0.195129556,0.076348669,0.130894357,0.120965484,0.081996079,0.082060159,0.145128624,0.148371581,0.136783574,0.121497769,0.079546094
659,0.116994239,0.131023123,0.419292588,0.044453207,0.125190279,0.151298738,0.143263187,0.197062617,0.17984887,0.195326958,0.084704569,0.136234884,0.125402629,0.082541425,0.081920723,0.1482422,0.147340958,0.142860061,0.126826921,0.087033123
660,0.114849418,0.133595462,0.42719216,0.043423491,0.13346852,0.149021914,0.144016432,0.202401563,0.178075586,0.192573607,0.086335076,0.135654257,0.131349122,0.085177851,0.081591182,0.151267758,0.151338819,0.142893624,0.126127662,0.094688131
661,0.113832092,0.138939359,0.440336473,0.04061995,0.128520261,0.151579494,0.141798564,0.2106335,0.178271244,0.197748503,0.090410801,0.143941183,0.133271155,0.082784646,0.086689281,0.119027327,0.149178741,0.143394824,0.124997749,0.089550434
662,0.115654498,0.144477358,0.449055548,0.039421062,0.12753412,0.153212906,0.14714305,0.192395473,0.179065596,0.19739006,0.084055456,0.139406372,0.139648901,0.083805873,0.08399876,0.142703879,0.151898099,0.144139674,0.131581677,0.087753363
663,0.114055103,0.148827126,0.442846359,0.045008046,0.135422442,0.150902484,0.147729425,0.206154618,0.182046079,0.197391085,0.085707961,0.150078001,0.145299226,0.084266742,0.085544313,0.131495852,0.146461715,0.152141029,0.129095595,0.099450343
664,0.111602794,0.15207758,0.453598465,0.044870857,0.134032589,0.156637712,0.150084654,0.21006728,0.185503619,0.199219842,0.081331284,0.154725573,0.149125832,0.086189111,0.088060039,0.140095989,0.15682286,0.153082647,0.136118864,0.107415792
665,0.114809537,0.157806925,0.462860936,0.041296378,0.14108751,0.158327203,0.158861854,0.207154827,0.184099451,0.202782742,0.091968301,0.162585278,0.155686668,0.091769652,0.091122969,0.151902728,0.161430183,0.160742403,0.134985509,0.109333544
666,0.114224843,0.161318958,0.458765468,0.046187087,0.135779845,0.156519337,0.152076863,0.197981133,0.182477289,0.199777263,0.086010171,0.16757324,0.1609431,0.090972578,0.092238012,0.150726869,0.155216464,0.165011391,0.144567636,0.113434921
667,0.115179245,0.161674066,0.469181735,0.048714876,0.132274258,0.160909937,0.156913554,0.208260484,0.188829534,0.203653756,0.094165802,0.171665328,0.169357167,0.094191021,0.09484327,0.163627343,0.160798139,0.167044265,0.1409836,0.115065928
668,0.114087925,0.16904084,0.47449103,0.050070448,0.13326821,0.165472428,0.162174781,0.220925483,0.194843163,0.206239563,0.095611753,0.174492851,0.16988784,0.0976295,0.093798211,0.155875362,0.170394793,0.175871487,0.142884408,0.117176564
669,0.113543001,0.174121771,0.478606283,0.054641793,0.13650449,0.156459846,0.161160627,0.208629798,0.191413909,0.202524204,0.097224116,0.181751902,0.176245793,0.093394569,0.094428502,0.16458829,0.165297686,0.166258861,0.147319414,0.116812054
670,0.114555761,0.172329736,0.46976666,0.055188639,0.146448971,0.159830235,0.1637274,0.213408304,0.194718895,0.205175596,0.095804151,0.185529384,0.179251287,0.097981136,0.097019755,0.157108283,0.166557386,0.167590224,0.14730357,0.125716994
671,0.114157977,0.177378124,0.489324841,0.050821949,0.139741363,0.164008338,0.16404929,0.214562571,0.193751983,0.206342611,0.100428018,0.189099136,0.18532976,0.100284963,0.09860554,0.148494673,0.165323396,0.1773939,0.153711826,0.11687749
672,0.114208073,0.178241614,0.48554209,0.053766352,0.140833476,0.163420456,0.164536028,0.214021477,0.200606855,0.208992126,0.09659969,0.189433617,0.186149481,0.101976495,0.100939904,0.15845582,0.169555291,0.174137584,0.152434436,0.13144384
673,0.113413452,0.179466498,0.486557162,0.049217218,0.135923426,0.163392743,0.166209825,0.212724781,0.194621062,0.208612906,0.098146716,0.194039871,0.189095677,0.09933294,0.101187615,0.151550835,0.168260521,0.174604319,0.156290806,0.116863725
674,0.113208091,0.177147751,0.484411918,0.046380869,0.146519654,0.171808754,0.164121425,0.227053064,0.19690411,0.205174591,0.101795627,0.188591732,0.187147817,0.102254306,0.097895342,0.140274153,0.168512924,0.172655612,0.154204525,0.12291493
675,0.108159808,0.174235378,0.482979858,0.044136449,0.134193167,0.158906173,0.161755722,0.211048533,0.189947631,0.205675295,0.096807074,0.185385349,0.183090464,0.097370859,0.098143369,0.148094079,0.162575134,0.175889809,0.148824841,0.124937791
676,0.108844609,0.175313662,0.484379367,0.040228358,0.138219719,0.163301061,0.160941299,0.212765326,0.192704572,0.201385782,0.098064523,0.186965183,0.181762311,0.097807243,0.095713614,0.140388627,0.159426815,0.173535069,0.149485658,0.11972855
677,0.104464442,0.167364884,0.484482681,0.035380116,0.131558749,0.155572284,0.15571402,0.208670705,0.189271562,0.200602239,0.089431026,0.180153167,0.180566665,0.098423625,0.095435803,0.145722051,0.161971113,0.170000266,0.143204011,0.119166637
678,0.102217526,0.162970726,0.476599759,0.035566748,0.123698805,0.14948088,0.147712674,0.205892928,0.181751984,0.197512888,0.092031939,0.174665026,0.174934566,0.092290727,0.090307748,0.135730655,0.161484545,0.172718235,0.139869638,0.11528689
679,0.102248544,0.159918678,0.481448255,0.034281221,0.12434661,0.151569352,0.145268696,0.196943812,0.182866831,0.193430619,0.088268625,0.171715093,0.173443819,0.089899347,0.092028369,0.137458818,0.159467657,0.165611045,0.140596983,0.109499726
680,0.098739639,0.149403549,0.478406244,0.031737946,0.1192051,0.144088448,0.138144375,0.19036335,0.172606013,0.186941522,0.090297539,0.164445846,0.162046411,0.086793247,0.085643354,0.134246305,0.147577173,0.16826274,0.135212602,0.115794628
681,0.097018822,0.141478205,0.475899669,0.027892041,0.130158598,0.147807113,0.1331445,0.189043113,0.177346623,0.183828407,0.085929733,0.157343393,0.155109172,0.084217765,0.084093622,0.126064794,0.155953096,0.164129506,0.131991253,0.106447806
682,0.099258568,0.141142706,0.466993455,0.023375433,0.12464298,0.143270243,0.134485258,0.197491005,0.169854952,0.183984906,0.080121492,0.154363783,0.153323753,0.083085852,0.083082012,0.136159111,0.147692937,0.157362952,0.130414827,0.103401225
683,0.092735701,0.135740999,0.471150747,0.0170012,0.120309683,0.135960646,0.125240969,0.189672626,0.168466892,0.177872332,0.081735063,0.149306145,0.146692607,0.080610477,0.083217548,0.131906523,0.144226664,0.148796498,0.126076526,0.100055296
684,0.092248568,0.125275977,0.459213324,0.013305042,0.109509675,0.139273966,0.118975262,0.191072145,0.161935478,0.17225478,0.077482767,0.137957968,0.141632355,0.076323086,0.082349709,0.133933943,0.151681766,0.137794788,0.124211457,0.090719634
685,0.091412682,0.115560034,0.450348956,0.008973787,0.106873235,0.130070562,0.120438392,0.174429065,0.162873983,0.171885104,0.075267622,0.137548077,0.130392416,0.075619131,0.078194745,0.13226662,0.142936879,0.134814186,0.118800641,0.092701185
686,0.087298349,0.109580117,0.452135067,0.006805354,0.114575945,0.127309544,0.111656592,0.184880384,0.161655821,0.16661213,0.069918773,0.129826305,0.125127408,0.07244188,0.073725056,0.128712524,0.14168697,0.140019896,0.115724467,0.09921617
687,0.081705814,0.107942913,0.453399692,-0.00224694,0.10425871,0.126623439,0.106734379,0.173547541,0.151753602,0.159347446,0.071383881,0.120973698,0.118079031,0.070024486,0.071320183,0.109705231,0.136014784,0.131847739,0.112947314,0.088513125
688,0.083194639,0.100861575,0.45629043,-0.003704179,0.107111553,0.117513958,0.101235756,0.176497359,0.156456847,0.163068773,0.066804625,0.115897753,0.110098332,0.065815536,0.071832456,0.122897896,0.12665971,0.117777932,0.108575324,0.083011499
689,0.081366197,0.095419677,0.458406176,-0.009571388,0.100919392,0.119606481,0.099289609,0.168854465,0.147707775,0.161898033,0.069675109,0.110824462,0.104439452,0.068885041,0.067113385,0.127908919,0.135173163,0.11949405,0.107323821,0.078651257
690,0.081441162,0.087164867,0.469627957,-0.0182859,0.105300088,0.107678565,0.093928788,0.169814396,0.142624194,0.155418566,0.066826287,0.103000221,0.098146806,0.0670212,0.068687594,0.113513053,0.129863902,0.117636474,0.098714094,0.077424311
691,0.073899208,0.083913423,0.461540687,-0.021664599,0.100290158,0.105286142,0.08657034,0.165800588,0.135119769,0.143887065,0.065869313,0.096588325,0.095006798,0.062179917,0.065767735,0.107654761,0.121379312,0.115514661,0.100205965,0.064294925
692,0.072825975,0.07832424,0.470659779,-0.03081454,0.091668511,0.107542883,0.087334282,0.163881721,0.135820811,0.146000117,0.066214452,0.093604284,0.091482154,0.06242272,0.06248691,0.123478339,0.117792937,0.10757038,0.096370861,0.067251544
693,0.071047223,0.071395858,0.47410249,-0.04116089,0.09156511,0.095496791,0.082547428,0.153251401,0.134346709,0.14403119,0.055970022,0.089666935,0.08168836,0.061917948,0.063168316,0.111106759,0.120126346,0.104733856,0.099253957,0.07073164
694,0.070718993,0.060377613,0.480187366,-0.041681558,0.089358569,0.096531396,0.075985792,0.157407206,0.134987035,0.14300223,0.060327216,0.085564815,0.082526539,0.060246164,0.063568209,0.096649677,0.117012928,0.106835087,0.090775538,0.063719155
695,0.067823074,0.061677856,0.499747158,-0.048691929,0.091120082,0.101595216,0.071503159,0.155986843,0.125499877,0.136484859,0.050159069,0.08043026,0.078776031,0.057007149,0.062443299,0.106169304,0.112599765,0.103243318,0.087188223,0.064497995
696,0.064444166,0.052589393,0.513309427,-0.058194368,0.086024646,0.100615327,0.069286967,0.158067961,0.122553381,0.131303208,0.055532373,0.075235577,0.075271809,0.057902744,0.056453238,0.103593955,0.119341034,0.098102368,0.085199801,0.056948661
697,0.063448522,0.053449022,0.520234621,-0.059897277,0.078407145,0.087327355,0.061651135,0.154270918,0.120346964,0.134346146,0.049743743,0.073983079,0.069474699,0.055098426,0.053939615,0.10920287,0.121842099,0.093816873,0.085879831,0.05708516
698,0.062546735,0.044856957,0.539217651,-0.068646707,0.074183367,0.085882155,0.05885769,0.153595184,0.116675831,0.130428757,0.051138389,0.071399357,0.067767484,0.056448491,0.058061337,0.110747316,0.115906165,0.09570998,0.087304888,0.057357564
699,0.056458852,0.045216481,0.569820085,-0.070389163,0.078791079,0.086579022,0.054546923,0.14225731,0.117127148,0.128568304,0.057728583,0.075089949,0.064313659,0.052125328,0.053077068,0.093339393,0.119530177,0.093483251,0.080616627,0.05319809
700,0.058778927,0.038530136,0.57650344,-0.072523768,0.075822642,0.089546389,0.052286798,0.142204665,0.110874508,0.124553371,0.049742402,0.06767653,0.069527725,0.053634817,0.055482102,0.080120782,0.101213879,0.085013708,0.083707303,0.05327258
701,0.05627338,0.03048624,0.59259132,-0.085359231,0.071649562,0.085679574,0.046639925,0.139138008,0.115232401,0.128845985,0.051232979,0.067308868,0.063235006,0.050735398,0.051190958,0.09340072,0.105010517,0.081697947,0.082179938,0.050292435
702,0.053127739,0.032069115,0.616315119,-0.091711825,0.078637215,0.08616215,0.042403555,0.143486376,0.112174917,0.125698346,0.046162424,0.060541827,0.066059183,0.050626502,0.052430787,0.087686352,0.106320487,0.077815324,0.081066053,0.048255544
703,0.046233475,0.033120886,0.627104459,-0.097497598,0.065950854,0.074053573,0.039519692,0.135510702,0.107814728,0.120873876,0.04971018,0.0561321,0.055876514,0.052219397,0.053495256,0.084953686,0.102393445,0.079984743,0.076896247,0.05029264
704,0.049198771,0.025827,0.646619175,-0.09679034,0.066511797,0.080732381,0.037798469,0.131382971,0.108289617,0.122211517,0.045126097,0.059371674,0.053681404,0.05126511,0.046296448,0.088247499,0.107286051,0.082152936,0.079101895,0.043416309
705,0.044510771,0.018338918,0.684586733,-0.100374963,0.075378137,0.081610058,0.037891266,0.140128289,0.101686009,0.116399011,0.036209042,0.056925614,0.060011703,0.043559746,0.050800314,0.090708853,0.091207603,0.084730519,0.073385067,0.048097076
706,0.043603623,0.012283268,0.714845901,-0.115799632,0.060869206,0.070880575,0.028486178,0.137304481,0.101689377,0.118368551,0.043645218,0.051472199,0.052745872,0.046992251,0.047843886,0.081939601,0.096844962,0.0785787,0.075147786,0.044867206
707,0.042240954,0.012406406,0.740850979,-0.114788369,0.077002275,0.074991443,0.025381757,0.130039662,0.107465336,0.116939609,0.0383901,0.055341891,0.049009109,0.051031466,0.04859174,0.074208128,0.101564988,0.079720778,0.076238447,0.045275387
708,0.040054445,0.00942126,0.772476854,-0.122485259,0.071641297,0.073381089,0.020701639,0.125427041,0.104330958,0.114506718,0.040230335,0.051766151,0.05472189,0.045402378,0.047456722,0.086302412,0.103059242,0.076969982,0.078709481,0.045350982
709,0.037896149,0.005897544,0.816513017,-0.120273438,0.061940184,0.079275127,0.020303904,0.143496146,0.106440772,0.109361097,0.041112265,0.053379221,0.051819534,0.048289957,0.048059318,0.095103643,0.091487264,0.07854299,0.087104125,0.045502112
710,0.033572428,0.00429308,0.856745451,-0.147915639,0.06419635,0.071532885,0.015873116,0.124895325,0.101028538,0.111740001,0.031461076,0.055944396,0.053145934,0.047169276,0.046836635,0.082507007,0.089610574,0.07651029,0.077082987,0.041522474
711,0.035947862,-0.000947175,0.886938683,-0.14965861,0.068858854,0.073023428,0.011463797,0.12074245,0.104198014,0.112084164,0.040932755,0.058496637,0.050653004,0.045442932,0.047460533,0.085760741,0.096611378,0.080834147,0.083550354,0.047247299
712,0.030867812,-0.00597394,0.959815515,-0.163299092,0.06374697,0.072561881,0.010374169,0.137213855,0.099663704,0.11307316,0.039455796,0.051017234,0.053617473,0.047117043,0.048659947,0.076172107,0.08049354,0.070334688,0.083394342,0.052057823
713,0.028215815,-0.003326449,0.993400534,-0.162172594,0.067349837,0.068538658,0.005770725,0.123183766,0.101086441,0.109512866,0.039156597,0.048515649,0.04729447,0.045328022,0.048791636,0.090394993,0.090886678,0.075418625,0.083112307,0.05038965
714,0.025824269,-0.011617851,1.077010338,-0.1822153,0.06730462,0.070057193,0.006916146,0.11562265,0.094300527,0.110177429,0.039091665,0.054369897,0.043942169,0.049726762,0.051647909,0.086533994,0.089488193,0.078711613,0.094917613,0.052213139
715,0.030883683,-0.012821464,1.130842668,-0.195469477,0.05451168,0.070317286,-0.002183488,0.124929315,0.104922542,0.111947857,0.041841206,0.054443001,0.050172819,0.044834349,0.049671409,0.072264512,0.088851774,0.084191375,0.087395895,0.057778409
716,0.02360918,-0.011421971,1.183384605,-0.232931737,0.073513529,0.068206906,-0.001623619,0.100422119,0.09997997,0.112155372,0.04807065,0.054312446,0.045584557,0.048505067,0.046480084,0.094265254,0.096129601,0.076372945,0.091074994,0.052992791
717,0.024346312,-0.011814452,1.27003841,-0.213522928,0.067651313,0.064793846,-0.001796371,0.114760625,0.097200589,0.113872465,0.033829716,0.049602201,0.044931422,0.046813509,0.052100074,0.07098996,0.082943529,0.069865885,0.08812806,0.048739086
718,0.022479189,-0.012769136,1.346835607,-0.240578907,0.078185208,0.073918155,0.000717075,0.129181685,0.097026114,0.109797446,0.035928143,0.051649098,0.046723778,0.0498751,0.048767237,0.098770712,0.090662826,0.081187362,0.098602339,0.062902791
719,0.023633465,-0.013422403,1.433758605,-0.247991116,0.060214886,0.066881409,-0.005494824,0.1234004,0.099365546,0.110662887,0.039460495,0.05063511,0.04690805,0.044108347,0.052940061,0.089548307,0.08853215,0.072655048,0.106589754,0.054884283
720,0.022687516,-0.017865552,1.504363045,-0.273728958,0.056769313,0.065867137,3.99E-05,0.130344043,0.100004008,0.114336832,0.041568406,0.051179673,0.044836117,0.051961531,0.052136612,0.068878471,0.087960018,0.079828017,0.095980492,0.0509692
721,0.0203682,-0.013300555,1.611590502,-0.288069151,0.058419226,0.066860585,-0.000651337,0.131557354,0.094863357,0.101316684,0.037363632,0.049043081,0.043293383,0.040447504,0.047129726,0.068444196,0.083756234,0.07426616,0.099701319,0.045156969
722,0.025571157,-0.009433951,1.695391374,-0.315200385,0.046436431,0.063165808,0.003299563,0.106784386,0.092392182,0.10717542,0.038852088,0.043570924,0.041532104,0.045673921,0.046068061,0.104707304,0.07732053,0.071141922,0.110461477,0.05311934
723,0.024133593,-0.006969674,1.792767253,-0.327550101,0.057820841,0.0681412,0.010462344,0.111493724,0.092527902,0.108861982,0.039176534,0.049641729,0.040365567,0.046627006,0.049394818,0.067976401,0.085781929,0.068678645,0.103623961,0.045953304
724,0.027035108,0.000770543,1.884020119,-0.390426194,0.055251157,0.067804357,0.010778338,0.123383654,0.090974998,0.106665756,0.034156461,0.037645875,0.042855574,0.050374664,0.053008037,0.090016267,0.087836663,0.071878246,0.105432273,0.040247471
725,0.025796134,0.000370763,1.995845986,-0.420740772,0.062010907,0.05311647,0.016246863,0.107926264,0.088627022,0.104465514,0.046204238,0.04210451,0.039993692,0.043044123,0.049038596,0.059182286,0.088765103,0.060979821,0.110798832,0.055935945
726,0.03114119,0.004980435,2.12634216,-0.365656963,0.049105252,0.059297009,0.019965442,0.103967837,0.083046938,0.098980506,0.027632471,0.045122381,0.037734768,0.046788597,0.048743928,0.09146262,0.07643598,0.070298106,0.100761592,0.047148185
727,0.03008564,0.014024767,2.26552238,-0.434040505,0.036136796,0.060975633,0.019474252,0.096905198,0.085190769,0.092227497,0.034645112,0.042567089,0.027802509,0.039380169,0.046635625,0.044421631,0.079779492,0.068653608,0.113476696,0.049448826
728,0.03578793,0.012777095,2.410750686,-0.405098965,0.034050365,0.043856495,0.024562686,0.114384885,0.077889509,0.094888499,0.028305338,0.03193176,0.029429193,0.034013491,0.04141068,0.051563243,0.076652157,0.056064324,0.103936762,0.041092604
729,0.033213652,0.022327737,2.583139782,-0.432215356,0.04627598,0.049856208,0.022809038,0.100961583,0.073654222,0.094163734,0.021011702,0.037837246,0.034616763,0.042916101,0.046025978,0.072359486,0.070848244,0.049335703,0.112947145,0.036087663
730,0.034289487,0.022094788,2.751028837,-0.482257214,0.052795568,0.056472639,0.020809264,0.098116989,0.07956418,0.09158492,0.029577357,0.03814203,0.021966402,0.029426515,0.03990262,0.078830408,0.080377422,0.054997354,0.114705314,0.038150503
731,0.034846206,0.019745812,2.95625814,-0.553282487,0.027746524,0.039162814,0.029226189,0.087957665,0.065714043,0.091520043,0.026829285,0.02760753,0.019479403,0.029549833,0.036452998,0.053704742,0.061763524,0.056650228,0.11835762,0.027071408
732,0.033421405,0.022763336,3.224716854,-0.6243892,0.021150122,0.03509942,0.027007925,0.09085484,0.074282414,0.088567083,0.029801404,0.029975985,0.016862751,0.032899282,0.036837661,0.038488525,0.054803919,0.043265763,0.120578922,0.034303106
733,0.035886532,0.012929618,3.427959522,-0.674632189,0.019458065,0.031932356,0.028589055,0.098726059,0.060676158,0.08799453,0.028302371,0.022067366,0.007607831,0.022444148,0.029551819,0.079153364,0.050349601,0.053492647,0.142316195,0.03169181
734,0.033289912,0.020312657,3.584966187,-0.678508883,0.032703511,0.044222834,0.032503047,0.099269146,0.076293052,0.078993149,0.016592894,0.027172312,0.009896402,0.028000332,0.029708492,0.092175942,0.064361264,0.049871646,0.135037452,0.015405956
735,0.032025843,0.01389295,3.74311914,-0.604629163,0.023210062,0.043923471,0.036065763,0.083819145,0.06273583,0.089013718,0.01458257,0.018217674,0.006146202,0.022657108,0.030558314,0.058060403,0.068391335,0.049646374,0.132279384,0.035713462
736,0.028618725,0.008272822,3.879867935,-0.530338154,0.030435056,0.048759017,0.024735472,0.087586064,0.061048955,0.089042593,0.016548479,0.026061154,0.000886523,0.024257905,0.027910288,0.038413087,0.06589603,0.04087851,0.133830695,0.026126428
737,0.039246116,0.017147954,4.002610368,-0.53785065,0.020533079,0.035323597,0.026242684,0.095485868,0.064864366,0.087545103,0.01276622,0.016040328,0.007866485,0.023327275,0.0380699,0.024492953,0.064196003,0.045714559,0.142053756,0.012446572
738,0.035570676,0.022103412,4.106212693,-0.547930776,0.033020848,0.023720338,0.033987256,0.076606674,0.059233604,0.083932173,-0.009592067,0.016624042,-0.000745926,0.017094105,0.028513636,0.075950458,0.048095106,0.03550391,0.141980908,0.029480167
739,0.034670041,0.021721816,4.14347957,-0.768215359,0.039995002,0.040240077,0.029647001,0.08488028,0.060638672,0.07842178,0.022571066,0.018205624,0.000216018,0.018304789,0.034415991,0.045914308,0.043949494,0.039346635,0.139653226,0.022894076
740,0.032337478,0.019580516,4.223890993,-0.980857168,0.050323338,0.026187663,0.033834668,0.098395018,0.062072838,0.084076714,0.023674086,0.018537029,0.010234925,0.028736814,0.03567648,0.075399455,0.059151695,0.06014642,0.144843953,0.041819371
741,0.035690212,0.034652383,4.264053273,-0.77019789,0.049394354,0.028100435,0.043093153,0.098366321,0.071668934,0.084732313,0.032090832,0.024873688,0.019603313,0.042120455,0.044747831,0.101439452,0.036587961,0.045296717,0.145834305,0.025036918
742,0.030922964,0.027794369,4.277201432,-0.999277944,0.043796681,0.040541413,0.047907945,0.119323059,0.080751628,0.086098228,0.027019074,0.034007832,0.014769525,0.027007602,0.04204256,0.067697084,0.07432623,0.053722291,0.145972177,0.038398619
743,0.043792624,0.042170084,4.311948917,-0.810826067,0.053853844,0.05132337,0.045966531,0.122391188,0.083849655,0.092037956,0.049831098,0.03856327,0.019044883,0.033076427,0.047036639,0.06189863,0.074462636,0.047866349,0.136251101,0.045575005
744,0.041284122,0.033407541,4.339401686,-0.980425087,0.054252645,0.043881828,0.042687365,0.102851503,0.074862309,0.097922574,0.027095551,0.041502113,0.017015392,0.03943174,0.052881626,0.04920382,0.067594232,0.066338835,0.145158604,0.047881591
745,0.038705878,0.042271721,4.316412731,-0.854702398,0.052821895,0.066660337,0.039866976,0.0952155,0.076770213,0.100815517,0.030012837,0.036859213,0.022632941,0.046409487,0.044374718,0.060011774,0.084588278,0.065570824,0.145480399,0.053789349
746,0.035553568,0.038817458,4.352442806,-0.818664634,0.073685263,0.057830019,0.043238571,0.105824174,0.080136164,0.093065162,0.039357404,0.034813727,0.030192756,0.043958508,0.051575976,0.057531266,0.083396684,0.06335297,0.139772193,0.049235202
747,0.033025416,0.038309839,4.351163114,-0.899005186,0.071282011,0.056671077,0.046758582,0.117130958,0.083788748,0.094422721,0.030172685,0.035728766,0.027783216,0.050744159,0.04732667,0.048267401,0.069206201,0.062852265,0.130725088,0.06188332
748,0.036436936,0.036623619,4.383924138,-0.985176514,0.080107534,0.045775577,0.036035018,0.10092323,0.083711338,0.101595131,0.043862828,0.039835623,0.028123957,0.045609339,0.056727988,0.041073795,0.067104444,0.06093717,0.136709174,0.046962296
749,0.032087576,0.037252594,4.363409349,-0.519666426,0.075633255,0.060292863,0.036417197,0.105211148,0.078073431,0.094464747,0.035831815,0.03960645,0.034713215,0.045099687,0.054403913,0.072309851,0.061614722,0.059410162,0.128627168,0.049498536
750,0.031706596,0.025033963,4.388089725,-0.737141028,0.053878556,0.051319234,0.036440455,0.115297255,0.081725861,0.094809925,0.036794916,0.038150485,0.03964401,0.05638068,0.054878484,0.048545808,0.078093626,0.057843721,0.125035259,0.051670749
751,0.02906567,0.027621019,4.40114002,-1.026847738,0.062022607,0.05262673,0.040285841,0.107872221,0.085322794,0.102405339,0.040364843,0.040219138,0.030269021,0.045804668,0.05873172,0.057617918,0.076266739,0.067952213,0.114175585,0.053883281
752,0.033701967,0.029313337,4.400432471,-0.917675763,0.07477593,0.063559917,0.030823451,0.092374368,0.08441563,0.100271457,0.03424251,0.031651101,0.039715338,0.04949045,0.060444706,0.083488992,0.066566048,0.067743694,0.120409688,0.056207044
753,0.028684676,0.04314843,4.419045123,-0.811758967,0.072018627,0.05186969,0.030266955,0.103607982,0.096600304,0.095066468,0.03572711,0.042611303,0.037711952,0.045490753,0.053222936,0.073822515,0.067162844,0.071646919,0.102550953,0.044478824
754,0.026966052,0.027100039,4.444299677,-0.715424747,0.049722154,0.04542421,0.025225668,0.125005839,0.087266991,0.103346926,0.032503161,0.036398724,0.043202826,0.051824639,0.054927631,0.090414449,0.085488978,0.071692205,0.097958989,0.064960942
755,0.028593101,0.02151556,4.422927359,-0.877425661,0.070376921,0.038003054,0.024521366,0.09805799,0.08369471,0.105821837,0.050095694,0.028730534,0.037704433,0.045810772,0.052014594,0.069683307,0.059506312,0.076549409,0.100207323,0.032190746
756,0.025469042,0.02527049,4.445212948,-0.924386905,0.071542217,0.038718147,0.014075064,0.099444089,0.078004476,0.093647281,0.037565539,0.037084933,0.031753193,0.052150599,0.050686081,0.068457167,0.062829394,0.06324406,0.104609658,0.054323958
757,0.025778638,0.012494972,4.423591105,-1.0927202,0.056795002,0.054833656,0.00325879,0.111182832,0.070626012,0.09435896,0.011536414,0.02084443,0.030366774,0.040615859,0.049478927,0.067539693,0.06629498,0.041850841,0.084958036,0.04248509
758,0.017926611,0.010918278,4.453130189,-1.203924107,0.064505337,0.032832827,0.006355934,0.103825284,0.072481523,0.081052578,0.015352814,0.030880262,0.024068595,0.031913197,0.034898954,0.058501227,0.054339835,0.038729237,0.075614067,0.04100753
759,0.015849816,-0.005209449,4.446033981,-1.264000076,0.047455724,0.011650389,-0.001135786,0.11239873,0.075474028,0.085392389,0.026693992,0.018020643,0.015295073,0.035942896,0.037669858,0.028555472,0.038238614,0.05540274,0.072000639,0.0638683
760,0.017891986,-0.000337875,4.446457034,-1.056607288,0.06049314,0.013325899,-0.005188574,0.091894617,0.06585996,0.073907386,0.017286571,0.016352469,0.024392679,0.042424062,0.038870704,0.042557348,0.029103695,0.039215763,0.058414694,0.038495709
761,0.010546534,-0.026980164,4.461113347,-0.489883832,0.024201156,0.022938436,-0.013927515,0.071857219,0.053131836,0.069774214,-0.008273772,0.011871125,0.019148385,0.030243928,0.04268565,0.04193614,0.053231458,0.048430467,0.056609411,0.012618663
762,0.003350899,-0.012903845,4.467412555,-0.791108027,0.045899045,0.012576276,-0.021763196,0.072406502,0.052988994,0.061127915,0.028417807,-0.003188163,0.014165476,0.025892059,0.04114034,0.051082714,0.036927746,0.035082268,0.048326359,-0.003149063
763,0.007583464,-0.012711299,4.484542625,-1.143406828,0.021989282,0.032030921,-0.013878192,0.068096778,0.039721852,0.068145183,0.012320183,-0.003492895,0.026915658,0.011816757,0.032778806,0.04348475,0.058895316,0.015261657,0.056951292,0.008099243
764,0.008347316,-0.012134984,4.474989296,-0.90160717,0.037742248,0.009271026,-0.020405645,0.071331579,0.091902385,0.066866451,0.0437778,0.014383538,0.011132889,0.027202449,0.047109276,-0.034841231,0.065898937,0.052200122,0.054542251,0.022627929
