,H,fa1,fa2,fa3,sigma_pop,sd_H,sd_fa1,sd_fa2,sd_fa3,sd_sigma_pop
1,1.47030176817899,0,0.627108962325615,0.250689966000964,7.2616833675726,0.112596215782797,1.60338018935694,1.13209738059187,0.191133054541523,NA
2,2.27963051586594,0,0.608576803573459,0.300392263860255,0.254047573580548,NA,NA,NA,NA,NA
3,2.4800840385684,0,0.860694724351799,0.0367270588878662,7.1543001476756,0.280510320987557,1.58847587315241,1.37943237214711,0.208397102728977,NA
4,2.40169974103752,0.734359906132827,0.0791769250280602,0.234674482496737,0.0966443123830559,0.00228564357513268,NA,NA,NA,NA
5,2.47403407726836,1.52509435780285e-05,0.904509452616633,0,7.67029765216407,0.206326497956733,1.25499462059014,1.05857521456715,0.209953651394238,NA
6,1.20507158571519,0.504369362236459,0.247793130331397,0.248695558372534,0.0424907761631359,0.000324060362500258,0.0043513339788819,0.0030966988583699,0.000462496632957417,NA
7,1.65467585391262,4.54573619027773e-05,0.666117524983513,0.17038744228228,6.8379618264597,0.13585507683901,1.62575910225981,1.17025592043865,0.176555268917026,NA
8,1.8896402230555,0.0926401810734547,0.542354504340386,0.287276921272535,0.291568967906414,NA,NA,NA,NA,NA
9,1.80252781728424,2.70812102045695e-06,0.691733397545009,0.208715208179534,0.515530586623396,0.0046707521600326,0.126768503698819,0.0761871591194623,0.016058154167705,NA
10,2.31118136213877,0.498316091370199,0.250929089783025,0.250297004471288,0.00101994424029268,6.18859269320692e-05,0.000825583897158344,0.000608205475415356,8.32940243521513e-05,NA
11,2.14537162071753,0,0.879587869736812,0,1.57495907312886,0.0388974394822507,0.566426564186233,0.404784984705614,NA,NA
12,1.68293568051645,0,0.612561884898323,0.283835382837324,0.451860937710421,0.000619296220589477,NA,NA,0.00572929284837982,NA
13,2.24709189229663,0,0.613279080767374,0.287394313635789,0.136104548041863,NA,NA,NA,NA,NA
14,1.37757758365463,0.497344782641218,0.263245067018786,0.239396317250775,0.355933440835615,0.00204480945027876,0.0238616435166219,0.0166641787016304,0.00266555619312834,NA
15,1.86148938908069,0,0.625146981351405,0.306746095697388,6.55251061061684,0.13996254377898,1.30022969561804,0.924525889196769,0.176752083252366,NA
16,2.16074420606204,0.518210417322871,0.237146788178512,0.248463557316166,0.0618173393595996,0.0023562166027732,0.0286278801950582,0.0208027678420664,0.0029332226222288,NA
17,2.38549719345993,0.803136759476573,0,0.260231944342438,0.422938041415418,0.00295672282767245,NA,NA,0.0101046358449308,NA
18,2.47322051766511,1.19217899441035e-05,0.56742709046363,0.310320897419944,0.758987706715338,0.0235455418641832,0.0497107561074177,0.0742202971233979,0.0142146909106531,NA
19,2.28824520602148,0.0560548212432774,0.564612595590294,0.293375099514203,0.0702358009396102,NA,NA,NA,NA,NA
20,1.32122777391954,0.502052745381521,0.248875534662211,0.249518421367206,0.012082434012758,5.96552116919887e-05,NA,0.000122816979970035,NA,NA
21,2.53589679536584,0.514517510420516,0.239691344489371,0.248897886335204,0.0326851527969168,0.000580244942073353,NA,NA,0.000695271715155515,NA
22,2.33919684309013,0,0.611097045059452,0.290385135922481,0.0885195189529153,NA,NA,NA,NA,NA
23,2.3995423844794,0.840773053856209,0,0.222629463670398,0.141945039521161,NA,NA,NA,NA,NA
24,1.94923478348322,0.505849463399796,0.243000034977622,0.254251933700223,0.195820246185697,0.00335749130587901,0.0234689112958411,0.0179231730235049,0.00308699389539164,NA
25,2.22740736022496,0.17296994595672,0.415342186092633,0.3301602086525,0.931886826026891,0.022848683195312,0.119735603616575,0.107585142796666,NA,NA
26,2.50976547152984,0,0.611920477584022,0.289383950613727,0.0754649569058393,NA,NA,NA,NA,NA
27,2.25701696786063,0.000446459141451963,0.629047977082785,0.270283427033957,0.315858930254133,NA,NA,NA,0.00685402488797533,NA
28,2.6113973296848,0,0.627382900009886,0.278305593168368,0.256496020191419,NA,NA,NA,0.00545773345302873,NA
29,1.82766662635241,0.849519454042852,0,0.21882715423171,0.202589147182964,NA,NA,NA,NA,NA
30,1.7785174597261,0.838291094763968,0.000172941491788535,0.227145784522438,0.685264235588709,0.0126558539853196,0.158493049414107,0.112090674778088,0.0201708911859662,NA
31,2.16401768230253,0.0460636727277377,0.603796240431807,0.256905898987439,0.424540656990501,NA,NA,NA,0.0104917240020962,NA
32,2.45754497300369,0.121559030510265,0.519510197153369,0.288570985596557,0.0616838527791752,NA,NA,NA,NA,NA
33,2.86853565425304,0.0417604203402499,0.57712392692593,0.293912560805366,0.0364293149063124,NA,NA,NA,NA,NA
34,1.9501901322312,0,0.585715507430503,0.304751244265095,0.595133773621567,0.0125657296348213,NA,0.0210190656286627,NA,NA
35,2.21117999809216,0.427115400692839,0.30247981378499,0.256382209822065,0.0177805487483784,NA,NA,NA,NA,NA
36,2.25588265960725,0.261074961048291,0.429465706834856,0.26159329110775,0.115758975292717,NA,NA,NA,0.00270546251084536,NA
37,2.01067641759901,0.423963941916897,0.339687839173674,0.23073431713058,0.116247397856029,NA,0.0288228321363227,0.0192762916582464,0.00188555175815623,NA
38,2.70936984179011,0.0929098298537602,0.543469855374182,0.290845747885563,0.102206687638467,NA,NA,NA,NA,NA
39,1.84180275955423,0.0237954390450919,0.59832657079558,0.283285644858967,0.703364465344917,0.00542951786048566,NA,NA,0.00942430039412247,NA
40,2.91386314837626,0.273785755133285,0.416740872824426,0.264867951768009,0.0244751719057283,NA,NA,NA,NA,NA
41,2.0906092145362,0.806481499153892,0,0.249199435445764,0.387688199940247,NA,0.0464993344015047,0.0250906369889309,0.01041120462482,NA
42,2.90427590819478,0,0.608924157008298,0.296171783729604,0.0532721818315684,NA,NA,NA,NA,NA
43,2.41033036177278,0,0.921259948045316,0,5.97416275228987,0.134389253357068,0.898429961876057,0.7367214066748,0.119015581873445,NA
44,2.62539324522691,0,0.614405413460101,0.292483744421827,0.136707683653623,NA,NA,NA,NA,NA
45,3.07041720181535,0.330833977213511,0.390591444382105,0.244979793824481,0.106765324641476,NA,NA,NA,0.00368847559746193,NA
46,2.3228023253543,0.472783495033226,0.27043904545829,0.251546335105426,0.00966914682214112,NA,NA,NA,0.000221819244269457,NA
47,2.88715040030971,0.792850058339114,0.00659008020882888,0.258470406998253,0.199427484137563,NA,NA,NA,0.00699983455237252,NA
48,2.77414335425426,0.215970586982855,0.454022559559441,0.275136848201218,0.0246608987764536,NA,NA,NA,NA,NA
49,2.71985384400957,0.975913626129338,0,0.146446334319586,0.767084421300084,0.0279417917969743,0.157410884888802,0.145667416665647,NA,NA
50,2.52455464340154,0,0.660857265243375,0.244355493297685,0.401666909622162,NA,NA,NA,0.00965559506921196,NA
51,2.32694911159158,0.811964930802734,0,0.251451816192166,0.260683543786167,NA,NA,NA,0.00691221854742554,NA
52,2.7888419841923,0,0.620043762365981,0.280702900715043,0.0693531085277689,NA,NA,NA,NA,NA
53,2.18054090992355,0.54068789573964,0.211293666741507,0.253561971170219,0.167829182688684,NA,0.0152965767422269,0.0104940615169449,0.0033452423107898,NA
54,2.16802073266145,0.430815167380448,0.298734618415357,0.257409695345174,0.0215810890722699,NA,NA,NA,NA,NA
55,3.08104917725813,0,0.630857941384851,0.269487169750207,0.0767729583204187,NA,NA,NA,0.00393308120908117,NA
56,2.83402099080191,0.220833570198907,0.464122801677848,0.259815585908988,0.0556675032065637,NA,NA,NA,0.00253803826638354,NA
57,3.25820037622379,0.454119302347515,0.28826412044736,0.248594964897435,0.0331460893091848,NA,NA,NA,0.0011985845082818,NA
58,3.28241962850859,0,0.648080013390068,0.252738376743487,0.157544918982866,NA,NA,NA,0.00743362678141925,NA
59,2.75228154052881,0.417322300410225,0.31031817943292,0.25653486156488,0.00925046927665751,NA,NA,NA,NA,NA
60,3.10001924859083,0.434403891149338,0.297352440065821,0.256844500269649,0.00282061284277748,NA,NA,NA,NA,NA
61,2.45540524850207,0.222668892130781,0.454998006256244,0.267380933302113,0.0933185373508099,NA,NA,NA,0.00271671656837509,NA
62,2.71936537202237,0.524173270121198,0.230924771286113,0.249815485981651,0.00920090261255647,NA,NA,NA,0.000356341548763968,NA
63,2.7731211795986,0.112357055349072,0.540189673871676,0.271050773015849,0.0721323607969657,NA,NA,NA,0.00127700946403431,NA
64,3.01301456934579,0,0.625898638614741,0.275914357914174,0.0817338888337704,NA,NA,NA,0.0016611293398481,NA
65,3.0406763848244,0,0.620459056888584,0.282011687001011,0.0691623546502062,NA,NA,NA,NA,NA
66,2.21567513303295,0.0173591356287803,0.834030176028696,0.0609195932506646,2.37256418831649,0.0482526941103969,0.491601780484807,0.348485541513781,0.0228129432033506,NA
67,2.80284768899227,0.303383943348479,0.406203285483106,0.251286646882796,0.0860472613915456,NA,NA,NA,0.00336071461570718,NA
68,3.06243084247757,0.739789617135728,0.0619935175520923,0.245279283464813,0.0776900966430426,NA,NA,NA,0.00302463452197965,NA
69,3.38911008061908,0.385175025739139,0.340713308900454,0.251479766775883,0.025080207564967,NA,NA,NA,0.0014771568146869,NA
70,3.38942432677146,0.00045917795855597,0.956621359341732,0,7.69390432678167,0.239544774852375,0.953657620685233,0.772335823502715,0.257776332530653,NA
71,2.90233337385436,0.495985298988876,0.253336992455877,0.249993059439284,0.00153258472942381,NA,NA,NA,8.48940765019858e-05,NA
72,3.11893287441934,0.241822862108798,0.433512315784991,0.271377976363506,0.0675002503139109,0.0050538841682034,NA,0.00718461520441407,NA,NA
73,3.43157708624648,0.0033521654820119,0.835737180094514,0.0726416738177186,1.15214595045927,NA,0.105717623223695,NA,NA,NA
74,2.62213336988642,0.39984709397039,0.0693574080523491,0.466367384659094,4.57077909848358,0.236335243522626,1.2168462918491,0.973598512375187,0.106488001330276,NA
75,3.18367903081089,0.496435038308844,0.252528149347922,0.250450783949997,0.00212790521350909,0.000179585676200687,0.00177527697853733,0.00140415938255249,7.25436285865564e-05,NA
76,3.13947778094353,0.541495743848726,0.219277126018631,0.24734967877779,0.0142516635991494,0.000230728662433397,NA,NA,0.000406602736000766,NA
77,2.65240538513212,0.804179510431474,0,0.256762828207146,0.221317133318373,NA,NA,NA,0.00659684173256145,NA
78,3.26180948802048,0.468224746962531,0.275225439163043,0.250571221573947,0.00734164632965989,NA,NA,NA,0.000358057363526501,NA
79,2.57777237230196,0.668570748040208,0.109425439062183,0.258798504869458,0.260097874871236,0.00355177505449165,NA,NA,0.00612944059489682,NA
80,2.49932224424527,0,0.596049571908962,0.29176531572526,0.0604235103448591,0.00489230727152863,NA,NA,0.00283892726326808,NA
81,2.34532041089354,0,0.996604210249067,0,3.17682123625344,NA,0.488923246696421,0.354517713066799,0.0451335096633319,NA
82,3.31764190632417,0.560623054849643,0.203196054971694,0.248315546624158,0.0126998753441002,NA,NA,NA,0.000644592770280002,NA
83,3.42313214708686,0.240552468655698,0.438957395275238,0.271896072157479,0.0186336803026692,NA,NA,NA,NA,NA
84,2.45292513729997,0.211430603953364,0.456628867200135,0.278538414595518,0.0700222202481749,NA,NA,NA,NA,NA
85,3.17080445589345,0.0831819094688307,0.558640344145751,0.278973121179021,0.0540967188794717,NA,NA,NA,NA,NA
86,3.5503775435519,0.444164759221248,0.293382224514412,0.251376777993541,0.00684659036344335,NA,NA,NA,0.000611345514290578,NA
87,3.68510893971483,0.0294350521755204,0.598925208691919,0.283096187079114,0.0475898101776092,NA,NA,NA,NA,NA
88,3.55149531466061,0.562906114435353,0.201087251515073,0.248561366242739,0.00898808076124027,NA,NA,NA,0.000745830753165259,NA
89,3.6706278001394,0.238095319480296,0.451305473258774,0.258191438670098,0.0267091728294718,NA,NA,NA,0.00231800974612812,NA
90,2.29458308366869,0,0.642216311322856,0.254865155719349,0.511404252465592,NA,NA,NA,0.0110757543871681,NA
91,2.80941738936541,0.526256355308665,0.229157282120608,0.250806184025464,0.0305709207380306,0.00102971612325727,NA,NA,0.000958791227896394,NA
92,3.71949413972586,0.260424664641571,0.420045032494592,0.274386213991512,0.00485286396586926,NA,NA,NA,NA,NA
93,3.02002761366825,0,0.619961923807015,0.280491659898122,0.046705129700421,NA,NA,NA,NA,NA
94,3.35773378795369,0.402019135896407,0.318200226439443,0.258117968417831,0.175211004166609,0.00498941291682845,NA,NA,0.00468418696263361,NA
95,3.32152290713446,0.302813470902242,0.400266715040949,0.259113213587367,0.0336018614066484,NA,NA,NA,0.00129874799960341,NA
96,2.56859361697205,0.163082066304218,0.922013823207163,0,3.55153949762934,0.0394525086181908,0.919400850297272,0.712419418541959,0.101323371287383,NA
97,3.82570002990365,0.0773656067558505,0.583789121730168,0.256113289597272,0.0583242369849485,NA,NA,NA,0.00512129781142247,NA
98,3.15313593031206,0.485516618979335,0.259313850147459,0.251595563838022,0.00284221589112166,0.000435536553116846,0.00489198059145539,0.00378019287057975,0.000307060278844984,NA
99,2.62022249173899,0.392284568858308,0.326345035120528,0.261214504707026,0.00977357323703468,NA,NA,NA,NA,NA
100,3.72385548419953,0.370599808244885,0.348126098613713,0.255724445257938,0.00987420098881187,NA,NA,NA,0.00053248683430639,NA
101,2.37482591255284,0.636250843224771,0.14373312086827,0.247805968209504,0.0855406188429633,NA,NA,NA,0.00240889756172582,NA
102,2.56918226309914,0.814320961907007,0,0.248482385258272,0.173092197513287,NA,NA,NA,0.00524191754195413,NA
103,2.64219323928604,0.596502525564287,0.175257873431165,0.247727305638835,0.0383214555726757,NA,NA,NA,0.00135406661765964,NA
104,2.91285126786608,0.80747863657377,0,0.253211668565862,0.14700881673135,NA,NA,NA,0.00552311950450479,NA
105,3.0417745313572,0.321773663348333,0.566983754694759,0.315445992175446,2.76055551254016,0.0858601616925165,1.22814475345102,0.880843624201826,0.170538224858137,NA
106,2.58433699780003,0.634856743720864,0.149918114477458,0.242132782599329,0.047561817045279,NA,NA,NA,0.000564665817301703,NA
107,4.0078199093655,0,0.63191221694901,0.271570896306245,0.0572130334565319,NA,NA,NA,0.00310435573924969,NA
108,2.99130208889974,0.743722384415186,0.0151154868341074,0.274526170914913,0.121831819901798,NA,0.0826640906733342,0.0548890994092419,0.00839495554532449,NA
109,2.63722090099616,0.371707645697237,0.346416851421648,0.256831300914493,0.0334637181334402,NA,NA,NA,0.000756690624746435,NA
110,3.01311713070927,0.078353134745267,0.563223261913193,0.275479394691554,0.0524278483172799,NA,NA,NA,NA,NA
111,3.46202503962047,0.00738289321723894,0.60982924888547,0.288786072759639,0.0317944821940252,NA,NA,NA,NA,NA
112,3.625061170074,0.298103262719462,0.401145694644364,0.261268932595779,0.0158721546964424,NA,NA,NA,NA,NA
113,3.65432024207079,0.406884182338596,0.316685172235621,0.258439133042895,0.00303729423180905,NA,NA,NA,NA,NA
114,3.84200680479568,0.374470980637157,0.346654075501408,0.253910280180127,0.00954991768995591,0.00373171271003394,0.0594833506975345,0.0422476963765411,0.00561803282704431,NA
115,4.00309340891156,0.175923694249749,0.509919790181806,0.252281669113327,0.0974899511437288,NA,NA,NA,0.00587711773829633,NA
116,2.88906187739124,1,0.10924396527888,0.107224787325584,5.91413569641862,NA,NA,NA,NA,NA
117,3.51660942934461,0.0335613104237229,0.600979000976765,0.273785941995083,0.0453279923964208,NA,NA,NA,NA,NA
118,3.96008258861251,0.327217785378676,0.378151133859412,0.261008688590935,0.0075393120562314,NA,NA,NA,NA,NA
119,3.99210017397544,0.386183000464581,0.339579358435275,0.254107919531883,0.00691782463698246,0.000606018323930206,0.0234646564838839,0.0146707229133979,0.00337274009706771,NA
120,3.79635413983365,0.0680033199467981,0.574606377302938,0.271585791661836,0.0259636839367168,NA,NA,NA,NA,NA
121,3.29968736085518,0.000494058058623809,0.622974580047695,0.270627526083288,0.187085378298243,0.0132703101353305,NA,0.0323979151173997,0.00946319717219906,NA
122,3.61404786943308,0.116416793757922,0.536665378960045,0.272128893831765,0.0302640017109157,NA,NA,NA,NA,NA
123,3.79178864387212,0.326598543380851,0.378420907814823,0.261653341032921,0.00986236833055437,NA,NA,NA,NA,NA
124,4.36870395224456,2.36226231925894e-06,0.659105028678645,0.243170636083426,0.139796546535575,NA,NA,NA,0.0105144377260147,NA
125,4.06679621878416,0.383498456769974,0.334136807401329,0.260671298548069,0.00145656944142492,NA,NA,NA,NA,NA
126,3.98259878079756,0.358106851766549,0.353254723655917,0.262340773640659,0.00422096161691469,NA,NA,NA,NA,NA
127,3.83924746344284,0.3856569155147,0.344307715803838,0.252089711356148,0.0318586942366235,NA,NA,NA,0.00204983207065791,NA
128,3.92078283823303,0.309893952341073,0.394207849079853,0.258345225755948,0.0133526446320614,NA,NA,NA,0.000786582647541375,NA
129,4.08457293159135,0,0.652900762925939,0.250355940092258,0.120712756434303,NA,NA,NA,0.00977425674070053,NA
130,3.89277645934483,0.225613979694996,0.459657166841395,0.260301766763254,0.0210851199655591,NA,NA,NA,0.00187754288316871,NA
131,4.32371414902117,0.342481860847897,0.37267320958614,0.253656822932877,0.014245595999334,NA,NA,NA,0.00167697175498954,NA
132,4.24463492095988,0.337421258287385,0.373044446687024,0.257683508508288,0.0102053218188941,NA,NA,NA,0.000427198335437764,NA
133,3.68740194430911,0.470473958229301,0.27220161824132,0.25132685190678,0.0147156173958071,0.00094025190320072,NA,NA,0.000765749104157619,NA
134,3.94694788984551,0.253492152317124,0.438766564444764,0.259055859809357,0.0216851797287698,NA,NA,NA,0.00173148924061064,NA
135,3.41563155027341,0.261341887189736,0.426602862507491,0.265639407788372,0.0169170356121073,NA,NA,NA,NA,NA
136,2.9284597496652,0,0.604682397775712,0.29982892723364,0.0295335022137438,NA,NA,NA,NA,NA
137,4.18219088295742,0.358551359413265,0.355707878227691,0.258063002211388,0.00453839524126299,NA,NA,NA,NA,NA
138,2.92490262692351,0,0.62121474899358,0.279839262759988,0.062812791728366,NA,NA,NA,NA,NA
139,4.54853434395099,0.367817305394466,0.345603217775738,0.261384940860495,0.00122197713413708,NA,NA,NA,NA,NA
140,4.18030316299554,0.358693118489229,0.354123414132892,0.259840660204396,0.00423273762654438,NA,NA,NA,NA,NA
141,4.46878541952973,0.499189314049588,0.250795150614325,0.250079679027864,0.00113346195867272,2.04977630778999e-05,0.000703528865515982,0.000571617017043496,9.271360857878e-05,NA
142,5.97890883200753,0.704088583107655,1,0,7.30328060426189,1.26566541830245,7.24431737696858,5.90616134156753,1.19230922465679,NA
143,4.51397131961485,0.368275192681982,0.345475445565616,0.261052415475618,0.00129766983005044,NA,NA,NA,NA,NA
144,4.32465783354463,0.441168488829336,0.293340228712958,0.2549000071333,0.00291268361037445,NA,NA,NA,NA,NA
145,3.57688695683323,0.251520585461938,0.434489164473814,0.26490905685513,0.0126449009767668,NA,NA,NA,NA,NA
146,4.47314830693829,0.354227062528653,0.356550354455452,0.261749477977115,0.00470827386395782,NA,NA,NA,NA,NA
147,4.38631540346922,0.485857647336073,0.260191095057509,0.25091391913367,0.00248487944695985,0.000514281762353121,0.00151793743169586,0.00167574041313265,0.000203261091893176,NA
148,4.25034532156574,0.379275012329179,0.337369218927656,0.259812113776267,0.00228139919603981,NA,NA,NA,NA,NA
149,3.05680937037914,0.189666058286294,0.474448328102586,0.276129887595657,0.0230226497084256,NA,NA,NA,NA,NA
150,4.10783765142373,0.254894580132268,0.434709946098647,0.263384589021236,0.0189256720286718,NA,NA,NA,NA,NA
151,3.88180259005371,0.0579079201022533,0.580340440512781,0.279240887308452,0.0426803425685651,NA,NA,NA,NA,NA
152,4.32450308302865,0.372239485124029,0.34282109334981,0.260246980662065,0.00212330757550262,NA,NA,NA,NA,NA
153,3.79654036712022,0.780129765209995,0,0.275374525288619,0.279821817770679,0.003788174729295,NA,NA,0.0101467318327507,NA
154,4.27632613942716,0.35865155872046,0.355059103169049,0.258384528521575,0.00382484789268569,NA,NA,NA,NA,NA
155,4.19167000782744,0.00264904091696956,0.655095656854111,0.244885132229753,0.144122970261704,NA,NA,NA,0.0104483903286371,NA
156,3.91138027348858,0.249337524336116,0.436128036749549,0.265430088583984,0.0117569929047158,NA,NA,NA,NA,NA
157,4.3385719779096,0.390523861552957,0.332009413472062,0.255935036449614,0.00476906207793207,NA,NA,NA,NA,NA
158,4.59435435429936,0.374485247742213,0.346806220161988,0.253962867107407,0.00927531765178681,NA,NA,NA,0.00109270237735727,NA
159,4.27942791304498,0.578173533968864,0.0466707423221203,0.453302561919104,5.75189734478033,0.399518152715456,1.00674796375904,0.805494321683784,0.220723601522363,NA
160,4.55060559106661,0.486841690509257,0.26057212004007,0.250146402958304,0.023121233539294,0.00366523228512651,0.0206183583911558,0.0166391780843247,0.00196168542757372,NA
161,4.80657331407631,0.369715994058376,0.345131823178217,0.259297732607,0.00155442862791431,NA,NA,NA,NA,NA
162,3.85366777301004,0.17963728734497,0.486813695165656,0.270772168124093,0.0140284033537113,NA,NA,NA,NA,NA
163,4.93715440977232,0.070113179096838,1,0,2.46246211373393,0.0446501568924336,0.584631926466401,0.444045235848278,0.12410522651842,NA
164,4.43754554378527,0.00485712157667554,0.633204252852495,0.265917260388339,0.0584108123642655,NA,NA,NA,0.00438457735360706,NA
165,4.83360811173034,0.439002662009445,0.298356783285416,0.250823393069692,0.00736533070251234,NA,NA,NA,0.000861251031379198,NA
166,3.97953319061868,0.379846586918312,0.338339894644873,0.25830290678257,0.00336585147551445,NA,NA,NA,NA,NA
167,4.06663260413759,0.251687589992202,0.442991551582392,0.258994333916074,0.0388279120138818,NA,NA,NA,0.00175103403507957,NA
168,3.99170800122052,0.256395279798567,0.435178613424952,0.266139266986647,0.0571267091863068,NA,NA,NA,0.0034027192904082,NA
169,4.0252953395096,0.438718877360601,0.300210825547475,0.248459704113257,0.00582781013633286,NA,NA,NA,0.000730006046042638,NA
170,4.41075129862253,0.352932078630316,0.358790484071715,0.259733228607715,0.00474179677453844,NA,NA,NA,NA,NA
171,4.5950587559045,0.368919035297753,0.345854183576957,0.260061332213248,0.00372945165415697,NA,NA,NA,NA,NA
172,4.58946812511083,0.436083393451295,0.301861755019871,0.249610408154886,0.0159038314547931,0.000836096458702093,NA,NA,0.00137869593419392,NA
173,5.03186401681029,0.368633694710558,0.344902696335553,0.261651378131387,0.000726579612979812,NA,NA,NA,NA,NA
174,3.68344976353238,0.755585168544451,0.0411186097523455,0.25278975401592,0.0657779324436116,NA,NA,NA,0.00375008253652189,NA
175,4.36118017448074,0.352455784114416,0.36646870648737,0.252281987492995,0.0165230135304559,NA,NA,NA,0.00191643451215229,NA
176,3.49388704679487,0.00198155394585974,0.613713520874118,0.293971881284453,0.0566600536616743,NA,NA,NA,NA,NA
177,4.02417763176462,0.203325048959559,0.472799712043352,0.266694252793779,0.0232614683344523,NA,NA,NA,NA,NA
178,4.35013931346333,0.373548393133435,0.343034195844206,0.258669381741147,0.00209030825562657,NA,NA,NA,NA,NA
179,4.82748811269461,0.368622666793558,0.346080519010347,0.260239574934372,0.00148743144590399,NA,NA,NA,NA,NA
180,5.11735512538958,0.368013618651824,0.345450545315013,0.261703869902682,0.000677181656766325,NA,NA,NA,NA,NA
181,4.77408005965276,0.369086352645953,0.345460053134992,0.2599382471302,0.00207755320755486,NA,NA,NA,NA,NA
182,4.05593841056532,0.324856114938584,0.379246520299808,0.262912283916707,0.00954084772482864,NA,NA,NA,NA,NA
183,4.74256693554366,0.369928555453069,0.345952200728377,0.25874632116736,0.00257726586998343,NA,NA,NA,NA,NA
184,5.18574168190856,0.305384067554275,0.389973714869324,0.2675774558057,0.00130787755809336,NA,NA,NA,NA,NA
185,4.54710069719244,0.375176231141018,0.346872114509287,0.253468738929876,0.00882951824574426,NA,NA,NA,0.00126114309120284,NA
186,4.70151029304571,0.158928992784257,0.530090215880728,0.248895565867818,0.122717548720982,NA,NA,NA,0.00900078034747689,NA
187,4.31776468962147,0.0563738098651109,0.62442966886651,0.242548933342564,0.0929890293396104,NA,NA,NA,0.00801231704270101,NA
188,3.84710605332232,0.345164535784349,0.364496194218199,0.259966452729312,0.00537436854948399,NA,NA,NA,NA,NA
189,4.89357793089805,0.441897541269083,0.293466347834339,0.253299497530654,0.00125121675486097,NA,NA,NA,NA,NA
190,4.07041542918531,0.383031169795738,0.335649122920108,0.258747255235378,0.00296381843655887,NA,NA,NA,NA,NA
191,4.25336888292255,0.360642520331746,0.347763393817492,0.264373924191558,0.00488055989678738,0.00140618290249157,NA,0.00315751306211791,NA,NA
192,5.16058575211947,0.387650741042561,0.332215692933322,0.25861896867194,0.00165725362682579,NA,NA,NA,NA,NA
193,4.5841351810212,0.367681264492906,0.34559064997246,0.261866608726348,0.00100897094260631,NA,NA,NA,NA,NA
194,5.31627829574,0.369635091591192,0.347248676418289,0.257162719102464,0.00232696685719526,NA,NA,NA,NA,NA
195,4.98289223317785,0.375428150904436,0.342656269340011,0.257192443297193,0.00291444531647878,NA,NA,NA,NA,NA
196,5.08007907380422,0.341550329403714,0.373873520440721,0.253770866812372,0.0122732914131821,NA,NA,NA,0.00180531906317519,NA
197,4.78183285044816,0.371831113888954,0.346061584687844,0.256506283224002,0.00377628705906331,NA,NA,NA,NA,NA
198,5.45804716875267,0.394234954734835,0.327774986360914,0.256940888922393,0.000709574336560543,NA,NA,NA,NA,NA
199,4.70798744224521,0.368340292986883,0.345497213724331,0.260433520141752,0.00138198572688447,NA,NA,NA,NA,NA
200,4.17428183233609,0.360711759463364,0.351358039524806,0.262271969186691,0.00507336341210516,NA,NA,NA,NA,NA
201,4.9605524729804,0.358148485174733,0.35559289518744,0.258238258938774,0.0044803145306527,NA,NA,NA,NA,NA
202,4.19167996407088,0.356085317913378,0.354878267487573,0.262312416365705,0.00626127995022375,NA,NA,NA,NA,NA
203,5.29310476655375,0.366500840534438,0.348392635320031,0.258278798103133,0.00113140989947726,NA,NA,NA,NA,NA
204,4.85487992221893,0.42578937319822,0.306372150624984,0.253061615137006,0.00259774529569954,NA,NA,NA,0.000414941238009758,NA
205,5.34331956034834,0.376316551341168,0.347161850774937,0.252736101669949,0.00934855345629678,NA,NA,NA,0.00151985631592788,NA
206,5.02759908170578,0.502319756672012,0.248281843770156,0.250060711397555,0.000149853076349604,6.65505052211009e-05,0.000532793508373546,0.00041194421751796,4.26248897323612e-05,NA
207,4.66846644426574,0.367922966166473,0.345959935954293,0.261107826700834,0.00196378030641835,NA,NA,NA,NA,NA
208,4.57597966027362,0.367374592698197,0.345305978784054,0.262027723438332,0.00133392280943453,NA,NA,NA,NA,NA
209,4.9321152653798,0.366093678028653,0.350977613031152,0.256377083898677,0.00483047800756642,NA,NA,NA,9.60119035479327e-05,NA
210,4.64852736692314,0.367822884317994,0.34564439315312,0.261439218624623,0.00121711553958485,NA,NA,NA,NA,NA
211,4.19922111726489,0.378990311080904,0.338077831035155,0.259810436028158,0.00183379948413771,NA,NA,NA,NA,NA
212,3.98838645474056,0.402987653306102,0.319870868861608,0.259179901299944,0.00299989514473241,NA,NA,NA,NA,NA
213,4.60397162065618,0.369445260892939,0.345920985544179,0.259132208023706,0.00262180148405964,NA,NA,NA,NA,NA
214,5.22175937457964,0.368885749000429,0.34446139093687,0.261586844076184,0.000488685832733782,NA,NA,NA,NA,NA
215,4.54569587102012,0.370118937926629,0.345874779115327,0.258552905584077,0.00309402833438786,NA,NA,NA,NA,NA
216,5.03183845273897,0,0.620081140737211,0.278973900858335,0.00783975786458461,NA,NA,NA,NA,NA
217,4.77612871691793,0.372347293600383,0.34634995148502,0.255883795189507,0.00416239870999881,NA,NA,NA,0.000273625006231677,NA
218,4.22684451368774,0.375701482178076,0.341635417990307,0.258127465389178,0.00283355150614256,NA,NA,NA,NA,NA
219,5.59202117060538,0,0.656139460517134,0.252028153559076,0.0771573397584956,NA,NA,NA,0.0094333337728291,NA
220,4.53396587753929,0.37496332683577,0.346770797380091,0.25373403123281,0.00867989994212809,NA,NA,NA,0.00122717363515467,NA
221,5.36985245324485,0.449279753165167,0.286857591982847,0.253842878197458,0.000458648718672851,NA,NA,NA,NA,NA
222,4.3985183291978,0.373462226728491,0.341264500950178,0.260315996996882,0.00164271359272349,NA,NA,NA,NA,NA
223,5.72478119213197,0.375504741883278,0.341811288956492,0.257837573253471,0.00130500236376087,NA,NA,NA,NA,NA
224,5.83458375156814,0.372685645023529,0.342804222052384,0.259237425592274,0.00115830694684366,NA,NA,NA,NA,NA
225,4.23939792575108,0.418613008572519,0.312866003358884,0.252578724576848,0.00554999483657068,NA,NA,NA,0.000741015881847447,NA
226,5.0651111012734,0.369015588211225,0.347111053409471,0.258054111132454,0.00273182415291516,NA,NA,NA,NA,NA
227,5.17003100317818,0.37227873960126,0.34247325174449,0.260862111457105,0.000909217564590776,NA,NA,NA,NA,NA
228,5.3774938007318,0.373538552163033,0.342357035236293,0.259248145061524,0.00179008085444629,NA,NA,NA,NA,NA
229,4.83654391130795,0,0.668820984458036,0.234067534892145,0.188298367977073,NA,NA,NA,0.0131388797863568,NA
230,5.59034221498149,0,0.621305548636498,0.278113717199904,0.00868055710537608,NA,NA,NA,NA,NA
231,5.24188008413711,0.465250319584946,0.276870532163755,0.251152516925707,0.0239338705637588,0.00695916591453642,0.0397653658634499,0.0316923964923262,0.00349695740963745,NA
232,5.52546169954282,0.435683633419466,0.294806992530659,0.258508149734707,0.000196083398063232,0.000499237233797386,0.013421466749462,0.00975903050966685,0.000238347220363575,NA
233,5.44050890891419,0.425390348631565,0.303884866759875,0.256786892497159,0.00036392843830952,NA,NA,NA,NA,NA
234,4.72367317253607,0.371600022256999,0.345485317398246,0.25822218872217,0.00467667064787221,NA,NA,NA,NA,NA
235,5.8019703500554,0.297892177660444,0.398513723912574,0.262954924018664,0.00120362006875017,NA,NA,NA,NA,NA
236,5.70059426271888,0.360138821422061,0.351267712393759,0.263116675546019,0.000431341519719722,NA,NA,NA,NA,NA
237,5.76998727043574,0.361852298405429,0.352126611496709,0.25850270197704,0.00155320521993838,NA,NA,NA,NA,NA
238,4.9433137292741,0.496108447131657,0.253077119190643,0.249950858936032,0.000339866078813919,9.08717958146339e-05,NA,NA,5.88656580258912e-05,NA
239,4.5721084137162,0.368108281892101,0.344336785873864,0.262603845974061,0.00164809468129843,NA,NA,NA,NA,NA
240,5.86724439073921,0.388971289011238,0.330215633968903,0.25967340812482,0.000345004749964081,NA,NA,NA,NA,NA
241,5.60087783204688,0.000972413458155456,0.637716284490967,0.262773665832171,0.0272523334221422,NA,NA,NA,0.0054191183147171,NA
242,5.39795485859201,0.376251560055086,0.341966610194714,0.256946098774935,0.00177769290734006,NA,NA,NA,NA,NA
243,5.67653791736396,0.319653714738159,0.380212373626604,0.265570546270893,0.000403236739011751,NA,NA,NA,NA,NA
244,6.04254390484098,0.464081424243668,0.276418990495273,0.252954982850588,0.000261078373402045,NA,NA,NA,NA,NA
245,5.05958854319736,0.49794458318404,0.250803320359506,0.250700002021902,0.00288686691178616,0.000360953542980497,0.000817315404409832,0.000813310858150421,8.11710705533572e-05,NA
246,4.92970266842947,0.368839701104173,0.345249220860427,0.259898887890457,0.001104571416199,NA,NA,NA,NA,NA
247,5.20236618447086,0.351626672883949,0.358223696921772,0.262719763135295,0.00330135924581446,NA,NA,NA,NA,NA
248,5.17798483241687,0.390224427696192,0.337197166816715,0.251185226703849,0.0102789982221387,NA,NA,NA,0.00153383042252594,NA
249,5.58893744386534,0.501126638230584,0.249841171612569,0.24947027933064,0.000786753065984509,0.000227159313223172,0.00128613089392245,0.00105857044777177,3.62564394354392e-05,NA
250,5.79281677463735,0.589996948468518,0.183922955248137,0.244597239111196,0.00399467728867629,0.00282446142337076,0.0187877285722263,0.0147434265247369,0.00154122391881884,NA
251,5.21189800435305,0.375953602692722,0.339744059586952,0.260720653758836,0.000987017688785771,NA,NA,NA,NA,NA
252,6.17832739597232,0.358117350231477,0.352106275228324,0.261869020368655,0.000725119506401936,NA,NA,NA,NA,NA
253,5.64373469388001,0.256885312122072,0.433647178433868,0.261030858764502,0.00466657620252532,NA,NA,NA,0.000740389996789654,NA
254,5.02418284869475,0.0770646974307805,0.573054675135516,0.265983329603785,0.0215111720750537,NA,NA,NA,0.00282991533632267,NA
255,5.15543183845045,0.376863124167396,0.342231585699298,0.256473709926091,0.00266617771888558,NA,NA,NA,NA,NA
256,5.89590193597518,0.41608743108578,0.311371128433038,0.256869809984527,0.000375831132201541,NA,0.00921709444103824,0.0052820230616298,0.00153144724575369,NA
257,6.14930592645848,0.435347673297027,0.296786152323565,0.255332458140744,0.000270758250617758,NA,NA,NA,NA,NA
258,6.32408209677261,0.0288934993518238,0.603334740751987,0.272298483406443,0.0095660671997956,NA,NA,NA,0.00170683491820659,NA
259,5.15169212925058,0.373557440269763,0.342906673497131,0.258700628319384,0.00188268524309738,NA,NA,NA,NA,NA
260,5.71410415115974,0.392660814180117,0.326820619044398,0.259930489341574,0.000545344700661629,NA,NA,NA,NA,NA
261,5.12437885489811,0.515222751000233,0.23822067162927,0.249671846553671,0.0106808990780003,0.0035306254641881,0.0227827615470603,0.0179197983052562,0.00187180073320992,NA
262,5.80631215271367,0.323090290051056,0.381871507292025,0.259614416972449,0.00226574825665706,NA,NA,NA,NA,NA
263,5.11170764426953,0.367535539394614,0.34577928116278,0.261553546130469,0.000686544316218927,NA,NA,NA,NA,NA
264,6.10412544342268,0,0.631604360535567,0.270590627641062,0.0112721257272661,NA,NA,NA,0.00326656609887201,NA
265,6.43409197481162,0.407991943606172,0.316170334988173,0.2572011211025,0.000100943568103316,NA,NA,NA,NA,NA
266,5.63889090034165,0.35968018892579,0.351326907537129,0.263069658539941,0.00029223728224276,NA,NA,NA,NA,NA
267,5.72411707400524,0,0.619238357589124,0.281075931129285,0.0082739735633847,NA,NA,NA,NA,NA
268,5.57285196120122,0.365969462243166,0.346851110966297,0.261941776649805,0.00158255126606771,NA,NA,NA,NA,NA
269,5.33363072150438,0.283084092263271,0.459448133102494,0.225593578520323,0.0716817698027349,NA,NA,NA,0.00482781497963019,NA
270,5.52140551771231,0.50031388770922,0.250331959693678,0.25055216321153,0.00259962003079061,0.00049843004360117,0.00389181534490628,0.00313200682734806,0.000355671650348774,NA
271,6.28064138558862,0.372518554635445,0.343168129225786,0.258609375669328,0.000633902027966586,NA,NA,NA,NA,NA
272,5.50735217926661,0.362636258683484,0.352689015196854,0.257196950834149,0.00226540312840296,NA,NA,NA,NA,NA
273,6.57546897312741,0.438126229604251,0.294839106251718,0.255275942753188,0.000154274309415196,NA,NA,NA,NA,NA
274,5.86666639877765,0.227830346764981,0.451083193950639,0.266994650693021,0.00403294405851175,NA,NA,NA,NA,NA
275,5.32152314572231,0.796154993698763,0,0.258199726899218,0.0693741741025309,NA,NA,NA,0.00610724352455196,NA
276,6.13531919442396,0.396043408915451,0.326436474137534,0.256925330368385,0.000464949422289805,NA,NA,NA,NA,NA
277,5.5454963438343,0.375849018406996,0.342152161602241,0.257058841395571,0.00161776312354224,NA,NA,NA,NA,NA
278,6.30792903917554,0.399987842724782,0.32755968016016,0.253028949123521,0.00411805024225035,NA,NA,NA,0.00100849289630158,NA
279,5.41464125855505,0,0.610444525873379,0.291843971280758,0.00372777225251848,NA,NA,NA,NA,NA
280,6.6180337467471,0.398151912495146,0.325438000550783,0.25573082324488,0.000492553283002354,NA,NA,NA,0.000124230631720359,NA
281,6.50749671442684,0.38908428509273,0.331498766940644,0.257178967290742,0.000837016769266059,NA,NA,NA,NA,NA
282,5.29120392785453,0.637438108953125,0.127785265090698,0.257466603310483,0.0555204561651194,NA,NA,NA,0.00397027515047983,NA
283,5.84554607090156,0.375524889076101,0.340699212453743,0.259759752876327,0.00100447155956082,NA,NA,NA,NA,NA
284,5.64095239192546,0.311731100003122,0.385665118249076,0.266696083867149,0.00124588590040446,NA,NA,NA,NA,NA
285,5.58481096895882,0.381631844155627,0.336426893469868,0.258766908118237,0.000959796530782116,NA,NA,NA,NA,NA
286,6.69226523226244,0.415919773979329,0.310180447615467,0.257526575671009,0.000128556366860661,NA,NA,NA,NA,NA
287,5.61593365750626,0.368294455082167,0.346672832090581,0.259299119462605,0.00159844020048708,NA,NA,NA,NA,NA
288,5.97642358559803,0.460370269723359,0.279223860980076,0.252691405314693,0.000545885853186625,NA,NA,NA,NA,NA
289,6.37362268541212,0.341176102500951,0.364700903354567,0.26472225710309,0.000163615336743252,NA,NA,NA,NA,NA
290,6.73987436759429,0.737360843943932,0.0681219379211069,0.240750159718593,0.00528576147145449,NA,NA,NA,0.00185208110033713,NA
291,6.67477825543966,0.473055029608592,0.270407898836357,0.251568742583356,0.000424337130652391,NA,NA,NA,NA,NA
292,5.352795537566,0,0.632994373921407,0.268005733121458,0.0211175139797793,NA,NA,NA,0.00389412773996684,NA
293,6.8527698715917,0.186795998936451,0.473929178717911,0.278324528217036,0.00056058924474849,NA,NA,NA,NA,NA
294,6.32438503482377,0.376775109502333,0.341078554780617,0.257469713721097,0.000872648280080191,NA,NA,NA,NA,NA
295,6.82924371478967,0.375599825037233,0.339326131258739,0.259369068577427,0.000677039237935188,0.000873284934132519,NA,NA,NA,NA
296,6.2734822319492,0.35379876014987,0.354622376139333,0.263556808239638,0.000226215224346075,NA,NA,NA,NA,NA
297,6.5821423689568,0.347092086219463,0.358794190777361,0.263870328699299,0.000178954134676529,NA,NA,NA,NA,NA
298,6.48448662503582,0.00131144053464191,0.610053312103319,0.288074430967442,0.00128490952134304,NA,NA,NA,NA,NA
299,6.13705430565334,0.504572496830034,0.246820758928262,0.249614643645687,4.92710154551659e-05,0.000181367141102626,0.00269883468179878,0.00196823918107638,0.000205613999039311,NA
300,5.72672030568871,0.217830149499593,0.467287552864887,0.260113990651858,0.0223563685994774,0.00475074067212271,NA,NA,0.00481901003167105,NA
301,6.89299093639354,0.532177707696097,0.225785027723084,0.248745654370368,0.00223215315066187,0.000898934430409667,NA,NA,0.000366239284842669,NA
302,6.93174312176216,0.504128173672488,0.246804576466907,0.24992933220438,0.000224783517046098,0.000136930038007723,NA,NA,6.8704736774914e-05,NA
303,6.54357556419627,0.374875593525684,0.346664943000912,0.253971737832451,0.00497907740490642,NA,NA,NA,0.00117219629504833,NA
304,6.44919909683505,0.541654340550992,0.218656628374461,0.248190346684831,0.0010399959475699,0.000133647532582388,NA,NA,0.000248149693175018,NA
305,5.65247289590985,0.787589555816337,0,0.265185072254603,0.0769156020207651,NA,NA,NA,0.00676099558174263,NA
306,5.40429602451155,0.374262973853757,0.342376487209828,0.25889007877349,0.00187123732402677,NA,NA,NA,NA,NA
307,6.57575488378746,0.408989549239379,0.315760659211008,0.258038486835189,0.000498977187165709,NA,NA,NA,NA,NA
308,6.40923498016937,0,0.612433976725995,0.287025739809861,0.00201503125875159,NA,NA,NA,NA,NA
309,6.9146887556321,0.382950550944828,0.334537098886524,0.25970658331486,0.000144332455422957,NA,NA,NA,NA,NA
310,6.9158464051921,0.360747295650512,0.352276938510588,0.258760277915264,0.000565669843368642,NA,NA,NA,NA,NA
311,6.59271118695884,0.481465503056816,0.265071958645229,0.250205791782356,0.00115942830442865,NA,NA,NA,0.000317778390274658,NA
312,6.35044583407734,0.375773256390037,0.340647601342281,0.259347623004522,0.000825038223663585,NA,NA,NA,NA,NA
313,6.37321676696815,0.457153254772988,0.281238395315104,0.253499867726664,0.00197981678122829,0.000959632088250593,NA,0.00193485683330373,NA,NA
314,6.39737089898752,0.725755747690928,0.103876119312968,0.223218439791922,0.192441247903754,0.0298559044336363,NA,NA,0.0115303419698302,NA
315,7.21078202829601,0.429476806630162,0.301454895232829,0.255540347607105,0.000147518279319846,NA,NA,NA,NA,NA
316,6.98577303462937,0,0.631271919394911,0.27002238168644,0.0106727473797652,NA,NA,NA,0.00358109848409941,NA
317,5.96243976224057,0.526212119837412,0.223912530890002,0.252241186065049,0.00813227993024022,NA,0.000794194419712183,NA,0.000744152839692022,NA
318,7.25307756043655,0.403404888132769,0.325374061741103,0.252750246615868,0.00359999712672239,NA,NA,NA,0.00109166946176947,NA
319,7.1340644100563,0,0.610592915298699,0.287182353722357,0.000686195542708825,NA,NA,NA,NA,NA
320,7.19756704636135,0.533430420288092,0.225830521460659,0.247476993952145,0.000209478754388832,NA,NA,NA,NA,NA
321,7.01052680421227,0.513827538729105,0.239650887215872,0.249545057223779,0.000235297404629933,0.000345117680567884,NA,NA,0.000162884260736586,NA
322,7.03489095226843,0.429346339315522,0.301112615702919,0.255630557770374,0.000281825443000485,NA,NA,NA,NA,NA
323,6.15238953404385,0.502906217238026,0.250639748472931,0.247704555769392,0.00231800792323009,0.000442696241299236,0.00155631712833153,0.00139540600747239,NA,NA
324,5.84352162061997,0.557712626089136,0.205551232617474,0.248477353184083,0.00630448640058685,0.00257400072025581,0.0120633859667041,0.0094738783214273,0.0014610681564353,NA
325,6.74434125731235,0,0.628120298416731,0.27305589897012,0.00653299376271569,NA,NA,NA,0.00177292038790348,NA
326,6.66459346762935,0.0163761830297453,0.614153792717288,0.273047318856785,0.00525901457507109,NA,NA,NA,0.000287684611759908,NA
327,5.69693304848238,0.0555396609516222,0.569302950577834,0.287564763868491,0.00115801666570864,NA,NA,NA,NA,NA
328,6.61634266161418,0.359657691577509,0.354032492033632,0.259716576992077,0.000789050764605326,NA,NA,NA,0.00122836170154614,NA
329,6.44515711208235,0.520464327907605,0.233636605914546,0.2497252439797,0.00124449167258483,NA,NA,NA,0.000329311988955127,NA
330,7.40792542399191,0.515380774378412,0.241265188645737,0.246965122954864,0.00109188293681652,0.00240648022798262,0.0193206481293451,0.0148043124690698,0.00101499218825429,NA
331,6.00173679695934,0.469198256694448,0.279453885732684,0.246394155816384,0.0092257544438579,NA,NA,NA,0.000448779378631541,NA
332,5.92854966307215,0.431815622021991,0.297651497717772,0.255712000035955,0.00859046334968154,0.00331449748563494,0.00172914438518113,0.00640563614111751,0.000780723822987524,NA
333,6.59986147211857,0.373638527670243,0.342311302811436,0.258814084740062,0.000521045523233271,NA,NA,NA,NA,NA
334,6.36550304918615,0.331628868228954,0.383931380596942,0.252038565272872,0.000553406423520303,0.00445621682111747,0.090794411622677,0.0631471288808949,0.00913501129521895,NA
335,6.66212741519481,0.434600263954545,0.297789653632021,0.255331317807462,0.000138417297347342,NA,0.00414855951920603,0.00202983362941917,0.000230962867608167,NA
336,6.33353330981909,0.396076878134425,0.311545390444502,0.272630155929253,0.0013199154374468,0.00604626858273439,0.097556749710097,0.070972284569189,0.00614912394954182,NA
337,7.55767775602099,0.326064540576158,0.373283741073162,0.282137759516445,0.000267127804904463,0.00445119033622802,0.132339082991817,0.093646743068451,0.0112143468569447,NA
338,6.70118684746493,0.0124547827055862,0.602522405506049,0.284806679121139,0.000708335763151038,NA,NA,NA,NA,NA
339,6.16500777886036,0.368843782483501,0.346495413396647,0.258478654732942,0.0011082565179618,NA,NA,NA,NA,NA
340,7.36988103024591,0.390843839280606,0.330601651872691,0.256688248286206,0.000404599178684778,NA,NA,NA,NA,NA
341,7.47743806495944,0.324549994646245,0.377347141469625,0.266641405802411,0.000103009063737306,NA,0.0234604592922278,0.015194032646348,0.00196015851695017,NA
342,6.283223186136,0.398248273382987,0.330179118139375,0.251987251534571,0.0061135153813083,NA,NA,NA,0.00125581124501184,NA
343,6.25857242528386,0.503668497689549,0.246441249129128,0.250679845256214,0.000994428884621207,0.000317015862389593,0.000494880011154257,7.84096975483153e-05,NA,NA
344,7.63119382602459,0.647912431818083,0.137506513523676,0.244065166709822,0.00215343659449032,NA,NA,NA,0.0011081918580846,NA
345,7.18338534439023,0.400397723621601,0.330166461378872,0.250885393231287,0.00509555403386468,NA,NA,NA,0.00154641503417156,NA
346,6.16979965408708,0.405468485832713,0.318477421569649,0.258105708271471,0.000734252774033125,NA,NA,NA,NA,NA
347,7.15552417208721,0.452292905364531,0.285192396074099,0.25345580862813,0.000154315553324503,NA,NA,NA,NA,NA
348,6.86831727059715,0.46286458751171,0.276923443910032,0.252901965173741,9.9182158899063e-05,NA,NA,NA,NA,NA
349,7.30199113450175,0.334735549860495,0.36897824575859,0.265068288880546,0.00010268960345221,NA,NA,NA,NA,NA
350,7.14619774595678,0.441048633213539,0.29553104980744,0.25230912346285,0.000804134103174485,NA,NA,NA,0.000463290058069201,NA
351,6.50438324841258,0.13383748985194,0.523181616083686,0.26918739775658,0.00302669634871812,NA,NA,NA,NA,NA
352,6.37856493006223,0.398899838513535,0.322775312032752,0.25874620035244,0.000261554042435716,NA,NA,NA,NA,NA
353,6.70339510787018,0,0.619964925970713,0.279113272282107,0.00500071157029988,NA,NA,NA,NA,NA
354,6.44573989325237,0,0.626123591317123,0.27415875286439,0.00704324885292961,NA,NA,NA,NA,NA
355,6.22338161235518,0.371884324368379,0.344560540324035,0.257683263943311,0.000787282414767216,NA,NA,NA,NA,NA
356,7.77614917678374,0.641906830358264,0.143621955921301,0.242958642586234,0.00131543264002782,NA,NA,NA,0.000265900192106618,NA
357,7.11108295270712,0.572876310237724,0.196096601289013,0.245852841145085,0.000905613516495959,NA,NA,NA,NA,NA
358,6.72632198321885,0.339305472934992,0.372260842892296,0.256709153013771,0.00366938433359294,NA,NA,NA,0.00101669390371179,NA
359,7.10072078871417,0.400816129102234,0.322811882986686,0.256709248520817,0.000446617670674354,NA,NA,NA,NA,NA
360,6.33391775424422,0.4544847989266,0.284913905397561,0.25226650951332,0.000246862486511186,0.00102474089400394,0.0230909930972815,0.0161133311885841,0.00226937777777096,NA
361,7.6929848969845,0.364172879217609,0.347955849823552,0.260737486550244,0.000247742170358861,NA,NA,NA,NA,NA
362,7.07506993165368,0.605839749153605,0.169813070003679,0.245507721459034,0.00212919885235099,NA,NA,NA,0.000667934379835969,NA
363,7.42047483592714,0.640835434256124,0.141506854821137,0.245636968675157,0.00322731933146916,NA,NA,NA,0.00144663132489935,NA
364,7.80241149106272,0.447249058780343,0.29103360197409,0.251675014850354,0.0011214960298033,NA,NA,NA,0.000550843805827349,NA
365,6.75691199855754,0.476554472089473,0.267576353627683,0.251838930800262,0.00180827452838342,0.00136228761383778,0.00726924194440969,0.00591767462941125,0.000602589336666645,NA
366,7.86084832728585,0.350727708136336,0.358853095567367,0.260384370755339,0.000353445424770051,NA,NA,NA,NA,NA
367,7.4866430094547,0.178922684369953,0.486739735070345,0.26942040828482,0.00170187796950579,NA,NA,NA,NA,NA
368,6.46247662717301,0.00763561362629462,0.614376451714334,0.284989360765299,0.364238949889178,0.0543977250403738,NA,NA,0.0278745000464322,NA
369,7.35244907043449,0.318351850943586,0.381705409341543,0.263162500197312,0.000364753880819082,NA,NA,NA,NA,NA
370,7.26563081519665,0.642373372790072,0.140213409800813,0.245417645100658,0.00341217877266025,NA,NA,NA,0.00138519049754012,NA
371,8.02694994390909,0.356692836686665,0.358404811940338,0.256885208745885,0.000940297410403424,NA,NA,NA,0.000354108422851299,NA
372,7.42903197663666,0.370812399043187,0.34415087657858,0.259054824669635,0.000359068441830113,NA,NA,NA,NA,NA
373,7.76711071894515,0.226114616814985,0.457098179628794,0.263052523479502,0.00339686746429851,NA,NA,NA,0.00112948244230445,NA
374,7.99312309885651,0.474083227260741,0.271962220359269,0.249825299015791,0.00181845110239305,NA,NA,NA,0.000541904862871828,NA
375,6.78239441328767,0.373303119314992,0.3412930645573,0.260822119151048,0.000461790245815082,NA,NA,NA,NA,NA
376,7.29113469561559,0.370821752026894,0.344116533675208,0.259298360582052,0.000191462777078101,NA,NA,NA,NA,NA
377,7.77558436716271,0.360186269798171,0.35185930282031,0.259503242732178,0.000192552602570161,NA,NA,NA,NA,NA
378,8.01563936019256,0.485351104840599,0.262957211556377,0.248709617363247,0.00149075793877264,0.00117391988747965,0.00245472671725846,0.00156006879288348,0.000308829707562966,NA
379,7.96125259379075,0.106445960695221,0.557708840319396,0.26277962451007,0.00655711563545569,NA,NA,NA,0.0041716325548582,NA
380,8.11796410705731,0.371944675521149,0.342795029036815,0.25866319401644,0.000127628330144395,NA,NA,NA,NA,NA
381,6.90102279941296,0.386027227866125,0.331771091337783,0.260000856032369,0.000179072388398106,NA,NA,NA,NA,NA
382,6.53008179488371,0.444374823666056,0.29184654311663,0.252817188380718,0.000277729055585371,NA,NA,NA,0.000469753477397819,NA
383,7.899687063963,0.764276180340463,0,0.273949390777878,0.0551647822620707,0.00623907534166575,NA,NA,0.00898522772534453,NA
384,7.91768512742872,0.472916490691789,0.270886590103816,0.251271792247769,0.000109423869486715,NA,0.00666283558056334,0.00452404342343845,0.00061562681690021,NA
385,8.13518934419949,0.510598310094246,0.242771047731788,0.248881052318939,0.000582240363160652,0.00088223893547436,0.00376903090918818,0.00314013885475361,0.000192142474355892,NA
386,7.38438640828186,0.398111866845507,0.324253696308339,0.257505370847803,0.000240681619969061,NA,NA,NA,NA,NA
387,7.30272315361709,0.411639372664852,0.314611112090585,0.258140410443951,7.49121805545235e-05,0.000288326760655435,0.0292961117378136,0.0203966304072699,0.00259097396507408,NA
388,8.13950498570351,0.345300812823252,0.361172385455557,0.263593854190276,0.000281182938497029,NA,NA,NA,NA,NA
389,7.23390886568137,0.505982044585565,0.24632848497796,0.249405360758109,0.00157038284056642,0.00106165166221971,0.0042883191254612,0.00354353340973343,0.00037429723309341,NA
390,6.69909537932209,0.622108644487672,0.0789948142403871,0.269614927347103,0.259923025552688,NA,0.0429862180170332,NA,0.017033660821252,NA
391,7.45406145929384,0.318591783883537,0.384782188243905,0.260322408178596,0.00138145667152709,NA,NA,NA,NA,NA
392,7.79990498620363,0.350895104839075,0.35718664478884,0.26330289799367,0.00019283676347054,NA,NA,NA,NA,NA
393,8.07727766949231,0.325746464279511,0.375656388292137,0.265727106116646,6.93745144235207e-05,0.000789913555139986,0.039291123245918,0.0271437000942917,0.00348214672550825,NA
394,7.84270130297824,0.623243176070564,0.152140984528607,0.247157958042868,0.0035710976962459,NA,NA,NA,0.00160586822934573,NA
395,8.07408418721376,0.34853966018632,0.359470899480303,0.261590260478494,0.000177181932619511,NA,NA,NA,NA,NA
396,8.0321105584251,0.356278052143587,0.356555109138051,0.258522099152415,0.000834154395213805,NA,NA,NA,NA,NA
397,7.10417325185147,0.339728685129597,0.364432572595401,0.264237785950603,0.00010734203510488,NA,NA,NA,NA,NA
398,7.84471956552338,0.438474514188948,0.294800796690448,0.254389222555867,0.000102659726437116,NA,NA,NA,NA,NA
399,7.65702475990489,0.382576265111881,0.334937162933668,0.259616389274495,0.000128291524707679,NA,NA,NA,NA,NA
400,7.40880012865889,0.500446224313331,0.251077111718736,0.249054748387672,0.000130700750682446,0.00052677012878601,0.00840470938191337,0.00613502809253774,0.000542927342350076,NA
401,6.93371022590556,0.0486238546266604,0.598195792821486,0.264011628544383,0.0065461143072292,NA,NA,NA,0.00499744740235384,NA
402,8.34785639841821,0.367284031885626,0.347963297066701,0.257981461244521,0.000377377768951954,NA,NA,NA,NA,NA
403,7.71505558362485,0.357932727232561,0.352091843793456,0.262568390885994,0.000166281210803501,NA,NA,NA,NA,NA
404,8.30470587712337,0.499652331118809,0.250499417311401,0.249962267546998,0.00044861021825803,NA,0.000170828049394571,0.000116247177968546,6.21832670268287e-05,NA
405,7.44565912851637,0.502219488833974,0.248328247546111,0.250298688366091,0.0001656919225542,0.000217622594361634,0.00166295857454199,0.00127220728635976,0.000104966306676325,NA
406,8.23124990376704,0.359374035051733,0.357094022321738,0.256492240152874,0.00152861184865321,NA,NA,NA,0.000711066502412383,NA
407,8.43112721630734,0.299349082120982,0.392051702714021,0.274808270841945,7.30078476794538e-05,0.00305152091682267,0.0861008712756759,0.0611431003667804,0.00631472871220363,NA
408,7.44152244409805,0.823542937366377,0,0.23901660445201,0.00602653975406037,NA,NA,NA,0.00309908601946478,NA
409,8.37443512521366,0.253412356179429,0.439984726218303,0.259776647746918,0.00265152723580487,NA,NA,NA,0.00190852597651394,NA
410,7.16084638985852,0.43266820050339,0.299941976430225,0.254127113487661,0.000320357358143764,NA,NA,NA,NA,NA
411,8.51059550067319,0.347412253476125,0.360082432327353,0.26224385041427,9.47123961353529e-05,NA,NA,NA,NA,NA
412,8.1826741080321,0.355072153161764,0.351764027177481,0.264074558746719,0.000420221041725423,0.0019116246044753,0.0161730918591108,0.0135357420544907,NA,NA
413,7.20140358891161,0.362685959150661,0.350904655757851,0.258853555861062,0.000399096818291943,NA,NA,NA,NA,NA
414,8.45015458661929,0.369443738386231,0.348878263744392,0.256368188091165,0.000819576710601535,NA,NA,NA,0.000280246427979742,NA
415,8.27244515040268,0.332878179331979,0.370663930689629,0.263234218261566,7.63141084485377e-05,NA,0.0198807366710349,0.0130994486507484,0.00183453539216692,NA
416,8.29787239509804,0.330658907057294,0.373154689789858,0.262621799164183,6.61525432919058e-05,0.00171175933101022,0.0425932818286927,0.0292886031676814,0.00417329009735648,NA
417,8.75844182503736,0.379272908472961,0.341364560814106,0.255713220246103,0.000478607200044487,NA,NA,NA,0.000298257575512018,NA
418,8.10243229115784,0.334561903392841,0.368879966766394,0.263871445199695,8.60213363853917e-05,NA,NA,NA,NA,NA
419,8.33839724357115,0.217785261019075,0.459966322324226,0.265647907114121,0.00109118136474968,NA,NA,NA,NA,NA
420,8.55448881409198,0.356566854573343,0.352965828002584,0.261489207717254,0.000122544310986788,NA,NA,NA,NA,NA
421,8.36774629822409,0.294250873072388,0.36814585522206,0.303226967166253,0.000193496679607819,0.0144247313881604,0.289725880287431,0.206522562282633,0.0220961824637214,NA
422,7.74769104261877,0.337165932723688,0.368960901600652,0.26189503204,8.28248771491786e-05,0.00118830550318643,0.0274789790465022,0.0180060065567192,0.00345800584720704,NA
423,8.25379429725873,0.355071437400161,0.35476029910663,0.259756772359427,9.62049978302939e-05,NA,NA,NA,NA,NA
424,8.30014522247297,0.296439083159942,0.366209319503062,0.308207700057391,0.000181131979090099,0.0139769310886528,0.28880610937434,0.205389092601876,0.0225048610310114,NA
425,8.21026570008297,0.363448357160651,0.357397398573685,0.254086200644072,0.00244247717691808,NA,NA,NA,0.00153875591005683,NA
426,8.16166381020689,0.226086617927711,0.466529977094352,0.258226159551951,0.00637774721888908,NA,NA,NA,0.00326829667286592,NA
427,8.85940722892568,0.400078215234729,0.323317956398458,0.256366643384547,0.000166670831413485,NA,NA,NA,NA,NA
428,8.78054300199245,0.378258139435568,0.339758603867013,0.257772512101828,0.000165912557930233,NA,NA,NA,NA,NA
429,7.98023762504438,0.281840264422488,0.422174948360306,0.256472368209056,0.00481270206158119,NA,NA,NA,0.00256549203447995,NA
430,8.31173173267988,0.371333647575242,0.344760979064625,0.258290560152602,0.000367763224247417,NA,NA,NA,NA,NA
431,8.35459568735106,0.224239265442324,0.452958008811757,0.266789427329594,0.000538758043273719,NA,NA,NA,NA,NA
432,8.92259799408938,0.364609191582055,0.346538551171983,0.260286836464595,6.31914816711976e-05,0.000577296988300797,NA,NA,NA,NA
433,8.26423144159014,0.316540618225809,0.382990955879696,0.263867649926713,0.000408009084600138,NA,NA,NA,NA,NA
434,8.25825766563767,0.376529539012437,0.341860443463468,0.257090973372314,0.000327158160430586,NA,NA,NA,NA,NA
435,7.72892140371646,0.538694194167112,0.219817467937179,0.249030942376826,0.00145017130067754,0.000442375747140188,NA,NA,0.000495045444532424,NA
436,8.73728880666159,0.345270119998167,0.360532652843608,0.263926110406482,8.72748432826356e-05,NA,NA,NA,NA,NA
437,8.17495610236308,0.359713554464637,0.352451035158963,0.258785297419724,0.000187125965213829,NA,NA,NA,NA,NA
438,7.85061211452459,0.299123936965725,0.384680680003631,0.27801360297328,0.000122935124765595,0.00458222603488017,0.0813292850744754,0.0589720491853838,0.00502365938126837,NA
439,8.18850795968405,0.372091299176001,0.34406322923417,0.258272166630707,0.000449670089878522,NA,NA,NA,NA,NA
440,8.70158910986709,0.38845917619705,0.331836552542776,0.257542663083747,0.000140753708675145,NA,NA,NA,NA,NA
441,8.88350612867476,0.429663577863693,0.308551758397418,0.249890266443235,0.00268363641694177,NA,NA,NA,0.00128983382926458,NA
442,8.7898936340386,0.315997611456735,0.38281471883384,0.265950917360493,6.22325007591227e-05,0.00292744584446024,0.0798170513613727,0.0561901051157452,0.00647278736014653,NA
443,9.02970644483062,0.517436928150459,0.235594910240236,0.249937509022445,0.000767414047112324,NA,NA,NA,0.000287339887895386,NA
444,7.67591269825408,0.390380846822577,0.329894587492595,0.257491200791011,0.000143492752663285,NA,NA,NA,NA,NA
445,8.73733113590872,0.510932472727012,0.241230065713126,0.249692628424149,0.00455791729636465,0.00611257493923002,0.021653291742911,0.0175078721599702,0.001979520657406,NA
446,8.99127516220744,0.380016238651385,0.341336420196825,0.255542326671937,0.000458712572855742,NA,NA,NA,0.000498161805032866,NA
447,8.60961054949453,0.375187125377632,0.343466722103083,0.256624852301365,0.000612652545874339,NA,NA,NA,NA,NA
448,7.80309115480622,0.364947877836534,0.347748533102813,0.260525694427852,0.00016291224784412,NA,NA,NA,NA,NA
449,8.62065199274994,0.377613458827346,0.343129021467519,0.255739361364241,0.00098119715982683,NA,NA,NA,0.000535242447711228,NA
450,8.27412817090568,0.357573166603724,0.35502805782258,0.25889759041726,0.000574374306033015,NA,NA,NA,NA,NA
451,7.90090520096194,0.357030500712683,0.352371737002126,0.261106626500061,0.000107094215043772,NA,NA,NA,NA,NA
452,8.34208152450153,0.35498799469826,0.357669785503154,0.258080611077416,0.000615621711716786,NA,NA,NA,NA,NA
453,8.41218299974908,0.369527278746173,0.345152095321239,0.258770643468942,0.000189615039328373,NA,NA,NA,NA,NA
454,8.25963873596817,0.343302505292425,0.363828586388795,0.260829342613038,0.000134301794306362,NA,NA,NA,NA,NA
455,8.08206250654058,0.545193628254262,0.215964792184764,0.247987093053714,0.000448049332496501,0.000339858388378708,NA,NA,0.000282997670695223,NA
456,7.99761420331442,0.296151498328845,0.372919192579076,0.294158315969455,0.000283745310432582,0.010691653307773,0.209356857685776,0.149887107200088,0.015318601819988,NA
457,9.29839334535299,0.381251485158002,0.340247927539012,0.255752619741102,0.000677875838948852,NA,NA,NA,0.000460091354399843,NA
458,8.47263027836122,0.373272982303229,0.34233308935856,0.259125954215501,0.000305317403537302,NA,NA,NA,NA,NA
459,8.23596310411225,0.299803644508804,0.403226849648711,0.258223558011253,0.00287169559708752,NA,NA,NA,0.00165783781673707,NA
460,9.28921244978553,0,0.609352811643878,0.286577220442042,0.000355127349959419,NA,NA,NA,NA,NA
461,7.92228425662602,0.502112295646321,0.248227280931062,0.250080250503683,0.000259961721520296,0.000242677702795768,0.000496405834557809,0.000402686820376307,8.47127818104319e-05,NA
462,9.31939101551315,0.297299056937386,0.365631632423661,0.30946931622624,0.000130067200571998,0.0146260295374683,0.285282248289315,0.202517155155817,0.0230941406604688,NA
463,8.93780811580309,0.359652286321443,0.351529011036488,0.259479254194062,9.05391687268202e-05,NA,NA,NA,NA,NA
464,8.70064122327009,0.37751982153289,0.339015450930958,0.258753780805575,0.000158541829049212,NA,NA,NA,NA,NA
465,9.20645838048257,0.35158287827451,0.358676073755421,0.259818736786894,0.000129811098119651,NA,NA,NA,NA,NA
466,8.44937630263964,0.365217341520637,0.347006623543087,0.260130359942324,0.000124022631093786,NA,NA,NA,NA,NA
467,7.95482522823354,0.286562981595131,0.412801054063297,0.25941896359554,0.00205676096750078,NA,NA,NA,0.00114245717067634,NA
468,8.88644127963553,0.333108103339721,0.369167681300771,0.264496860329895,6.98707655912416e-05,0.000701592027464143,0.00355476135596168,NA,NA,NA
469,9.15315993580663,0.44514144505592,0.293856873693422,0.251067600307175,0.00104052192059544,NA,NA,NA,0.000764996521360018,NA
470,8.66885592509467,0.361614465110833,0.350860133247903,0.259746134265032,0.000106636879539889,NA,NA,NA,NA,NA
471,8.38662558396653,0.358206297061099,0.352405490761358,0.26076101559231,0.000110142783480971,NA,NA,NA,NA,NA
472,9.50121456803643,0.362382412570061,0.352387353781113,0.257945552634929,0.000484878812307406,NA,NA,NA,NA,NA
473,9.19560872443813,0,0.610757256311563,0.286184424320084,0.000241614238117028,NA,NA,NA,NA,NA
474,9.37975692491388,0.382056266076313,0.340033527286673,0.255404596696182,0.000546551902353071,NA,NA,NA,0.000502744674304179,NA
475,9.1422796373516,0.496145361877404,0.253162392148808,0.25037468730864,0.000245132676604077,NA,0.00129604814240242,0.00104955885164047,0.000119146701805805,NA
476,9.28356269139233,0.319265511926935,0.400495316523869,0.250140511650807,0.00582792853167986,NA,NA,NA,0.0032491387681278,NA
477,8.46543508373765,0.495722943401534,0.253455509494052,0.250163121417399,0.00028760573535302,0.000427026058040127,0.00250322306958963,0.00191900308251164,0.000211060243225945,NA
478,8.78842105575021,0.374150341853164,0.345888009575651,0.255930256605127,0.000818409426040478,NA,NA,NA,0.000463221480679956,NA
479,8.98233726687439,0.310327675816409,0.388660564907003,0.262788179115125,0.000463627362655868,NA,NA,NA,NA,NA
480,8.72642916913161,0.348343152367828,0.35982849163931,0.261556701907799,8.44559161527033e-05,NA,0.00830079008207308,0.00390467226224521,0.000364546873585194,NA
481,9.09006358066361,0.37660179670451,0.342181738056186,0.256748076422374,0.000592731261366835,NA,NA,NA,NA,NA
482,8.17994810626104,0.28984912438436,0.434074262380349,0.239304436051201,0.000262493787765999,0.0118184629699303,0.226332211139171,0.158273080218943,0.0220738782341611,NA
483,9.53066124235507,0.379201086052371,0.33984633058899,0.257105107682222,0.00017468826464183,NA,NA,NA,NA,NA
484,9.12206581112105,0.369136980350898,0.345221619568022,0.259030577073514,0.000135396711283335,NA,NA,NA,NA,NA
485,9.6310949660659,0.300802627016505,0.35927686598281,0.311657359288774,0.000173665700562443,0.0179988298233566,0.419595820428752,0.297905782306027,0.0299121684239063,NA
486,8.90903745747915,0.360964724280673,0.349670560655478,0.262559290211256,0.000121352151670668,NA,NA,NA,NA,NA
487,9.73215906671881,0.395169443506047,0.331123480344279,0.254145639720973,0.000662631448082881,NA,NA,NA,0.000829252250133299,NA
488,9.2313664053608,0.458035709587412,0.283649804324762,0.251035143975245,0.000722662657888292,NA,NA,NA,0.000569373994781613,NA
489,9.90041405425819,0,0.845209723108663,0.427327346056679,0.00354843740357568,NA,2.09538566305711,1.50078067413729,0.183651707459897,NA
490,8.55816442337804,0.496977836880389,0.251895845212357,0.250585172462432,7.72534672481129e-05,0.000195595251590931,0.00092655082924358,0.000767263665586654,NA,NA
491,9.31649548654178,0,0.606695500546025,0.290798601882681,0.000223784605844908,NA,NA,NA,NA,NA
492,8.88364496412537,0.376967090152852,0.343813601551791,0.255578679439705,0.000977071909423712,NA,NA,NA,0.00071458325157521,NA
493,9.71921921845011,0.622260583393282,0.146802040915463,0.250045255460098,0.00556487008725027,NA,NA,NA,0.00221655915684393,NA
494,9.31942414052564,0.504433356232071,0.246230245521575,0.250181679358598,0.000778169996582037,0.00142327483769273,0.00489241476513607,0.00390762020620242,0.000445432208721126,NA
495,9.01509002947563,0.464531836376331,0.276572171514123,0.252219905179977,0.000145294885021256,NA,NA,NA,NA,NA
496,8.83353362037884,0.207356294120016,0.466214078413018,0.267160810757786,0.00107570695751083,NA,NA,NA,NA,NA
497,8.56056655276555,0.3386903058179,0.365898955308494,0.263438483588954,8.19876089252419e-05,NA,NA,NA,NA,NA
498,9.00344728888964,0.358376092252566,0.351684694445817,0.260544506421548,8.51931682458777e-05,0.000278739512264532,NA,NA,NA,NA
499,8.68127211388816,0.335114505588678,0.365386477027108,0.267202951833823,8.64485217313124e-05,0.0012480982368504,0.027247724668055,0.0201871929537396,NA,NA
500,9.90041405425819,0.429474722790548,0.298516298574803,0.255519841954642,0.00102762345951137,0.00457818673918074,0.0136765438740676,0.0120715196401848,0.000953898821813548,NA
