chl,adg.440,bbp550,chl.sd,adg440.sd,bbp550.sd
29.8781317327783,1.47890754993038,0.0627861891100525,0.0191710313261262,0.000194996452153673,1.1682146081876e-05
24.0728153139766,0.940801002403075,0.0289476957501115,0.0230638543338655,0.000309243510084595,7.78413706042775e-06
0.01,1.74352897849245,0.0182672920010628,NA,0.000370865034244899,2.80261100714309e-06
0.01,1.80427491395185,0.0558937128690418,NA,0.000112482279163742,2.43400319062001e-06
50,0.785836461838835,0.042476936359551,0.0334513393849083,0.000311414256294928,1.1412060714811e-05
50,1.55375676262859,0.0316748486293068,0.0660298541862825,0.000630928562036371,1.49002735882981e-05
33.3114373257371,0.854913088427355,0.0309222361407137,0.0301901802378559,0.000341587689424739,9.44396314644132e-06
9.52654085365297,0.892562549259304,0.033748787600214,0.0182399607508113,0.000325207511665061,8.93666713428729e-06
0.142117690903138,0.0161853299931382,0.00252148658551242,4.43595042547144e-05,1.874792353144e-06,2.22765181988141e-07
1.08336632657923,0.0338371468055624,0.00224231458830005,0.000625405757734482,1.18139949520284e-05,4.7250900352885e-07
3.12237693492224,0.0403697910446421,0.00252674366632901,0.00251466210803473,2.61005718389939e-05,8.9097876278472e-07
1.30311716787118,0.040578113041799,0.00342747663222302,0.000620784075625017,1.13317462276487e-05,5.31167461389106e-07
0.87839333330246,0.0332609099577679,0.00365417013710439,0.000321001036961668,7.05826048025647e-06,4.13620088316206e-07
0.326790686967769,0.0314285752487838,0.00217855849732958,0.000167790550073584,6.1826908727716e-06,3.09616286355004e-07
0.274128757417784,0.0284313619156529,0.00190273088210307,0.000145142514845764,5.56384759324894e-06,2.92504133789266e-07
1.67267190146326,0.174410306076504,0.00622230455845433,0.00177431078241366,5.4857893258896e-05,1.0646263474982e-06
0.625398422823461,0.256989273561675,0.00274221989151353,0.00362211219206947,0.000189902812664382,1.03368224723247e-06
0.457300666243552,0.28451036671515,0.00285576820696834,0.00371424186062942,0.000224639699765197,1.04267940969994e-06
0.01,0.327599962659419,0.00297257946612003,NA,NA,7.57906471713589e-07
0.01,0.209733616469274,0.00216500143040947,NA,NA,5.90455903078559e-07
0.716380707074953,0.158883301712081,0.00101259042839913,0.00340650174245553,0.000142179739700553,7.74620286081992e-07
1.73500697754316,0.156998916239185,0.00660138219877266,0.0014200276902723,4.17764760721512e-05,9.72672401663623e-07
0.01,0.0800549875847312,0.0017904215490037,0.000126059180642863,2.90586171417343e-05,3.42706621918022e-07
0.13937370624157,0.0160454211957991,0.00180305253102192,5.57041881737483e-05,2.25295899745164e-06,2.29906839593712e-07
0.0282182066109027,0.768520764094901,0.00189411669686164,0.00160211439411391,0.000768690486834465,1.81808925601343e-06
0.01,0.119508756244124,0.00181293010869337,NA,NA,4.2230055654435e-07
0.0350030002933546,0.01,0.00150080412735562,1.31959680092349e-05,NA,7.19789014724787e-08
0.01,0.01,0.00139301569728066,4.89365564723367e-06,NA,8.2722415504143e-08
0.01,0.01,0.00169124172341581,8.66154565209145e-06,NA,3.31973692248084e-08
0.0461956882983969,0.01,0.001,1.42718125597814e-05,6.41753292017644e-07,1.01475731933246e-07
0.0385806660494283,0.0107463270884987,0.00123311936156007,1.14932230719967e-05,6.55266088481638e-07,1.023614221027e-07
0.01,0.01,0.00112501518112151,6.72700421981748e-06,NA,6.59750298404e-08
0.0985246730955152,0.0181260621873987,0.00113008708391623,6.1048199854751e-05,2.95106423400094e-06,2.31839971316246e-07
0.0388065160659297,0.0114824098086589,0.001,2.44556994289951e-05,1.39157100665808e-06,1.90839625163337e-07
0.01,0.01,0.00104796225958612,4.69792871293447e-05,1.26914321035474e-06,6.4753154434584e-07
0.0342246494500493,0.01,0.00183022327217973,1.20096631857055e-05,NA,1.16588058392187e-07
0.0724889110261155,0.01,0.00128833205750165,4.40465318809656e-05,4.59421687493186e-06,2.70147060440591e-07
21.2793853152862,0.343594492322228,0.0212433722679594,0.0110096733955552,0.000144505722930299,4.1879677468004e-06
33.4992954835317,0.482152118853043,0.0401008080069671,0.0128785095650638,0.000144167629551973,6.18228587239766e-06
0.275991079618081,0.542840366358322,0.402567442866086,5.24452422898696e-05,6.72502409634083e-06,3.22393316752921e-06
0.01,1.08166835507097,0.0256029165914187,NA,0.000110449759005249,1.87816004779116e-06
0.01,1.27898524431644,0.0195639322568671,NA,0.000205122891639438,2.24771922687712e-06
0.01,1.06868683285666,0.0418458510972629,NA,7.3846214654832e-05,2.00768505161428e-06
46.3631250121488,0.370129690036617,0.0488638403800482,0.0151320247779139,9.23743057734822e-05,8.36047704664533e-06
18.509156800298,0.542303686993726,0.0238401794326537,0.0138198466636501,0.000183863389038553,6.0367113648355e-06
3.62074590995421,0.619549781706896,0.0170862441636909,0.00610395673040695,0.000193889123019641,2.81706029233243e-06
0.01,0.565933738154673,0.0157369659989878,0.000268769996562242,0.000105887516791227,1.74071693432086e-06
41.8522277112049,1.70200566756851,0.0223491031556238,0.0738917198864981,0.000725640228708624,1.4055963918589e-05
1.44363976494424,0.526828437262316,0.0100005887128195,0.00903643591688627,0.000369660933050367,2.5682740735298e-06
0.537090184336855,0.48580681431523,0.00294229126069211,0.00505333407321282,0.000382176636980408,1.45870421712196e-06
6.98207445862939,1.53509635574582,0.00785191940476337,0.0403030478522642,0.000909415534327968,6.1346037156624e-06
0.0237774739411728,1.02739854238194,0.00928682540208146,0.000704040884756805,0.000330231135925625,2.12630620586552e-06
4.93503278100746,0.873155194847897,0.0107686328861365,0.0201362130832195,0.000537959768457715,4.43343638949342e-06
0.01,1.46684244549899,0.0385617336130789,NA,0.00011869247598373,2.19115659989557e-06
0.552696350841429,1.19518235019225,0.0176197650529127,0.00458458365166589,0.000263089748237617,2.80535417416759e-06
2.62632510567236,1.01627525880828,0.0139017450779936,0.00968625425041457,0.000332766806352254,3.49333991648879e-06
0.01,0.602559336841588,0.0101333292029055,0.00027283572721893,0.000157887513290601,1.76237403576039e-06
0.01,0.01,0.0409751453470622,NA,NA,1.62817426469962e-07
5.02213968430492,2.6735559413062,0.0265525514277287,0.0167167476732241,0.000539009414353295,9.34601070480733e-06
38.9272590610717,0.695075437530833,0.0349046845432825,0.0218981877307682,0.00021398748965952,8.16759692151289e-06
21.1058547616277,0.94518128196409,0.0315465365846,0.0175739025730152,0.000246274597022874,7.05153570142864e-06
3.4721775695722,1.02984962706969,0.0160197815695932,0.0119804194356687,0.000322645131995656,4.45600180754828e-06
0.01,1.00399052415957,0.0222596033513568,NA,0.000123267250959564,1.92633438993299e-06
50,0.194021326993568,0.0764170226558363,0.00806046840068228,3.73901779312222e-05,7.06063765144837e-06
0.01,1.03308796634397,0.0290570740151947,NA,0.000106176893900907,2.0662702823873e-06
17.6333862632843,0.821723687816789,0.038134336444323,0.013186879810131,0.000210504847229858,6.577237729509e-06
16.8987240253878,0.659852020076644,0.0241677199867812,0.0139165659968895,0.000228887068901598,5.36519608800819e-06
0.0198450255856717,1.62570077236139,0.0257155541116276,0.000442286492876941,0.000201460461199824,2.22245693896552e-06
0.01,1.44577944555419,0.0396414769749636,NA,0.000108216484289491,2.08344758999609e-06
0.01,0.986341798027948,0.0271229830993751,NA,0.000108953321267439,2.07940681552836e-06
0.0503583513666143,1.04826381073683,1,1.02298524905511e-06,4.94513993035161e-06,2.62485165647117e-06
0.0511373307639451,1.06698989269524,1,1.13392864629343e-06,5.00503373792738e-06,2.63701568598035e-06
0.0497802577590728,1.07142499073006,1,NA,4.99581927599507e-06,2.61907316671963e-06
1.27876291326411,0.0276921656055021,0.00199093368829074,0.000734495737190455,1.21897385758119e-05,4.72900461700301e-07
0.948214351960907,0.020742553571033,0.00180385645124996,0.000482119901718879,8.41943197303922e-06,3.99282022406578e-07
0.533253642085987,0.0172583937387083,0.00245043383854783,0.000177479956239714,3.92450483541028e-06,3.10311845009085e-07
0.870364488079325,0.0200593703763129,0.00244343809324786,0.000340670972652164,6.22684886984989e-06,3.77120907718074e-07
1.68073388528398,0.0415218126214238,0.00296724257123694,0.000939078397455315,1.57127166494621e-05,5.82732287414806e-07
0.393261800024785,0.01,0.00199458644069509,0.000115253550814917,2.54025649571337e-06,2.65301752532726e-07
0.320041509251335,0.01,0.00143229490520136,0.000113845561556175,2.66787468800346e-06,2.54014905567962e-07
2.10553100219288,0.0426445334126558,0.00594847587274882,0.000685062542983771,1.03226726505051e-05,6.37522573339792e-07
0.01,0.0376673888635033,1,4.17962383781572e-06,6.69989257521807e-07,2.10659535138528e-06
0.01,0.0412444917832934,1,3.98226053596753e-06,6.71556943074389e-07,2.1180877902262e-06
0.01,0.0395977444902791,1,4.32325453956225e-06,6.86108304396682e-07,2.12705717423448e-06
0.01,0.0400249593045843,1,4.71597875445706e-06,7.11303348134279e-07,2.14349654190219e-06
0.01,0.049526549856587,1,3.91092561317413e-06,6.94445795240652e-07,2.14564092212361e-06
0.01,0.0426371279474785,1,4.27464884929389e-06,6.90410519358725e-07,2.13070261099314e-06
0.01,0.0567599289547606,1,3.67710067337173e-06,7.07420306922425e-07,2.15562397527151e-06
0.01,0.0513903394078825,1,4.16996382054731e-06,7.18223580431635e-07,2.15815716507224e-06
0.01,0.0457220415498113,1,4.4634378583553e-06,7.14089825672103e-07,2.15272293269435e-06
0.01,0.0503917567728953,1,4.01063039863363e-06,7.02222189276146e-07,2.14967319416626e-06
0.01,0.0423824060062219,1,3.89134040797268e-06,6.65856352520458e-07,2.10613217633898e-06
0.01,0.0524858685467813,1,4.20658202511915e-06,7.21433029551024e-07,2.1581326190335e-06
0.01,0.047043810537699,1,4.22832565958607e-06,7.01545207416615e-07,2.14414906874727e-06
0.01,0.0528727789010303,1,3.95656838842599e-06,7.0899576665458e-07,2.15535316789859e-06
0.01,0.0411409191239691,1,4.00918003111287e-06,6.69831517903772e-07,2.11036650301154e-06
0.01,0.0515468747131468,1,3.99412778843556e-06,7.05885958389576e-07,2.15285259042561e-06
0.01,0.0418708064518527,1,4.44094106543843e-06,6.98632216678507e-07,2.13625095349914e-06
0.01,0.0448134170175375,1,4.06098240720914e-06,6.84822087125167e-07,2.12934820168403e-06
1.12225263934498,0.122101693824031,0.00917809645808303,0.000618939808054226,2.07879246193459e-05,7.3972043980081e-07
0.01,0.19205897550975,0.00881898533998258,NA,NA,4.75729086239857e-07
0.867589464896826,0.132761631077407,0.00807598881490213,0.000685449904225202,2.65364532736287e-05,7.26803091534418e-07
1.76824180587043,0.102804121341576,0.014158137615151,0.000513854330357253,1.19144019587417e-05,8.57288835087574e-07
2.79008718262083,0.164630035371672,0.0221609075586449,0.000837921377919124,1.76629596216457e-05,1.42311678312177e-06
1.72765386631357,0.150595239529527,0.00571205903994068,0.00184729078814999,5.06230077201259e-05,1.07527678670839e-06
0.01,0.256803195398525,0.0269275132587321,NA,8.42264805472396e-06,7.15364282979918e-07
0.01,0.136387946639996,0.012837163948867,9.58902112891379e-05,2.66960010050375e-05,7.62894156951051e-07
0.01,0.0820290192107905,0.00507421157822299,4.76293039525764e-05,1.23592788778946e-05,3.31548291745471e-07
0.0941543295271976,0.0486202866923067,0.00326828037034758,7.84840319366105e-05,6.87806435062499e-06,2.76213840552102e-07
0.106844568527758,0.0345229605201769,0.00198751886982715,8.07785974141171e-05,5.62659984948612e-06,2.59705403971981e-07
0.163525268579624,0.0226416798788252,0.00205576829750488,7.33903541716009e-05,3.31601905372522e-06,2.50260076351257e-07
0.164798240879412,0.0267951646752817,0.00208843735461442,8.39664252604478e-05,4.10536318702335e-06,2.61304469468233e-07
0.01,0.29152045201213,0.0238772864464374,NA,6.73199379584392e-06,6.99812248789312e-07
0.722164024677678,0.256252935825558,0.0236831331476918,0.000569262775410342,2.88044021919203e-05,9.90714905233705e-07
0.398237566011594,0.242678442332555,0.0267281132977579,0.000390299801687072,2.4951513831782e-05,8.42059042778851e-07
0.329283475848574,0.187435922970107,0.0210887596562594,0.000291604550188835,1.9379940959586e-05,6.72480528353148e-07
1.04324750692801,0.196949274384124,0.0175296708535592,0.000571858323939227,2.3322557126511e-05,9.18412456467822e-07
0.888120016924003,0.218988233701804,0.022142380708758,0.000490059243197944,2.20242311083038e-05,9.35146562185933e-07
5.01525486066761,0.245460920384717,0.0640623856718626,0.00067910247695286,1.30526999728017e-05,2.18002724084822e-06
0.022532111198625,0.244573339516599,0.0215637509469434,0.000117451651705513,2.90700473742436e-05,1.00623552635402e-06
0.01,0.143988679973877,0.0130131080453216,NA,NA,3.83880844769525e-07
0.0221343369359032,0.0585161212298391,0.00533028079466133,3.22679739547518e-05,5.84487524307924e-06,2.65126377988347e-07
0.0339659965401993,0.0332461154932246,0.00314090253664152,2.76544198799601e-05,3.37272559321116e-06,2.20156482169788e-07
0.0629307195110207,0.0234051172828565,0.00202295778144948,3.70210604278055e-05,2.80638684184779e-06,2.16667384881493e-07
0.0386218051879344,0.0226310108901413,0.00175106463012699,2.89379558609093e-05,2.69451932946504e-06,2.05901214926412e-07
0.0763298624144759,0.0186858519141225,0.00141830177395684,4.40274162175244e-05,2.60127302429497e-06,2.15549246317838e-07
0.0731249676155442,0.0171519997685561,0.00113396426712787,4.59852221296716e-05,2.56017779674912e-06,2.15194658634226e-07
0.139695745174608,0.0163500624435387,0.00168359777823207,5.89274291819491e-05,2.39554873362391e-06,2.31046103522111e-07
0.121714267336557,0.0159295079515109,0.00152065318476225,5.51791028241478e-05,2.34388944670699e-06,2.26312903455439e-07
0.154084416353354,0.0164173360634639,0.00151004951862854,6.92498123574669e-05,2.65527366810916e-06,2.37141951046604e-07
0.121657507602067,0.016142481389309,0.00146812660399488,5.6568026659082e-05,2.42675980309184e-06,2.26122505808664e-07
0.117454935061936,0.0168472085574647,0.00171937169042475,5.10472259162087e-05,2.31048320539371e-06,2.24998936893614e-07
0.118561138367459,0.0152631512450666,0.00146763154341011,5.3582897704138e-05,2.25607427730106e-06,2.23223209171793e-07
0.107936680160789,0.0170401058020739,0.00154352096837766,5.13689278196438e-05,2.42549979078216e-06,2.23078876490183e-07
0.0377347444014675,0.0240622282703914,0.00203250265638523,2.77591792383166e-05,2.70467017405763e-06,2.08474755469859e-07
0.0702434393238282,0.0238382109044399,0.00169787235857961,4.58428458506952e-05,3.2610340303549e-06,2.23837752273399e-07
0.11961007042027,0.019440608889825,0.00169287996988137,5.75446418230979e-05,2.79586812336373e-06,2.31255750478791e-07
0.106163001879411,0.0195158700090877,0.001769138011658,5.09678420414475e-05,2.65064342518662e-06,2.26306918300565e-07
0.14513396945487,0.0186385258597213,0.00171256664926888,6.53730271407296e-05,2.80016807154736e-06,2.37715783498241e-07
0.01,0.12289846742485,0.0107790004294028,NA,NA,3.71937201131416e-07
0.174843408116571,0.0184586034828638,0.00193611794387998,7.05586042354536e-05,2.75320529743443e-06,2.44269637807976e-07
0.135562914178287,0.0173829305396125,0.0015812463906911,6.19958886500832e-05,2.63721321516903e-06,2.32546729931095e-07
0.01,0.104426116798025,0.00976530768816263,NA,NA,3.34005244714872e-07
0.142186053016691,0.0147486326296854,0.001436142674462,6.24619437286455e-05,2.35401328229536e-06,2.29609871335874e-07
0.01,0.0916301451659421,0.0102143686889234,NA,NA,2.97371403465319e-07
2.03900774585717,0.244255704220404,0.051499270617685,0.000447168977767804,1.3218963117737e-05,1.55271603272157e-06
0.145214189774053,0.0864497996514464,0.00947842618048576,9.46600573066084e-05,8.10025819572385e-06,3.57496324856784e-07
0.0805256247761319,0.0410589248787279,0.00262698032505592,6.83528586635159e-05,5.92514000167783e-06,2.62588599313225e-07
0.150563249382423,0.0323304340954695,0.00316956531566747,6.77169791818519e-05,3.95318511917319e-06,2.60128209789945e-07
0.184682961001363,0.0248241770017982,0.0017996543918576,9.56160025899623e-05,4.23216387178772e-06,2.61804132020204e-07
0.145570479496553,0.0242624042691967,0.00205005540918237,7.04594593960313e-05,3.51780383672359e-06,2.48429289864514e-07
0.17275143327885,0.0253967132227469,0.00231184396783321,7.73779543595587e-05,3.63633729619088e-06,2.57192084548545e-07
0.136791202257974,0.0320234558744393,0.00290392108248046,6.72449937679671e-05,4.05635325567464e-06,2.58830643959565e-07
0.0639506051596294,0.0403102709697727,0.00228677212412752,6.49025455651822e-05,6.1546283934561e-06,2.5799880569935e-07
0.0213050636712071,0.0579495861763282,0.00463106224379118,3.53461534384431e-05,6.44868834361557e-06,2.66409040876668e-07
0.341999167034705,0.11021553668295,0.0172704505476443,0.000128895917726375,7.73297439880057e-06,4.7703577803521e-07
0.948140301070688,0.158652602952687,0.0342811834189327,0.000216242480897784,8.48077485533089e-06,8.50040160203786e-07
1.28178060343049,0.147860765128343,0.0420971568243577,0.000210668869199819,6.77850672278238e-06,9.76065535129555e-07
3.34880500818846,0.24924998208407,0.0496293295709981,0.000599130324703939,1.48129345384338e-05,1.71600795854356e-06
0.177266215271518,0.0264736792574238,0.0028276707496805,7.00479350522446e-05,3.37132933955613e-06,2.56940561094738e-07
0.154639097583878,0.0224172339118457,0.0017072413926605,7.95195443664075e-05,3.59263093638721e-06,2.52179739633293e-07
0.107242899324387,0.0155623694365033,0.00127045781859871,5.47794304536019e-05,2.39416270800301e-06,2.23925991604053e-07
0.197668215875889,0.0227650260909026,0.00208450490595773,8.63768029016373e-05,3.51722307540927e-06,2.60955506374294e-07
0.222283954685852,0.021462404354092,0.00198061601347471,9.54899504286223e-05,3.54277824345154e-06,2.64074919023184e-07
0.187400608134108,0.0236612015279573,0.00266171840122358,7.04181802348945e-05,3.09051172000337e-06,2.54490645691993e-07
0.0967587037873543,0.0154070913160924,0.00102730443158154,5.61848454928393e-05,2.53529995853628e-06,2.21161013274728e-07
1.56090711938171,0.155277916602801,0.0216203607700154,0.00040992288847673,1.28405676789512e-05,8.93602709749009e-07
0.178080178999238,0.10849852850621,0.0089204064501444,0.000158181703760168,1.3071643756005e-05,4.14711926409613e-07
0.01,0.0944011132894554,0.00451285557257516,5.15126058445941e-05,1.52469562080147e-05,3.69778814819526e-07
0.276388766084994,0.0474312606227585,0.00286961708598678,0.000175643432244347,8.71723572234516e-06,3.29875886094636e-07
0.107018605676083,0.023212118480856,0.00217993920142907,5.12043101500836e-05,2.94685795148882e-06,2.33159185439358e-07
0.054330572534782,0.01,0.00112436468093711,1.69735222132369e-05,1.7002918404444e-06,1.15809205109909e-07
0.0938322946010486,0.01,0.00136278995350866,3.72868682980539e-05,1.45546794566966e-06,2.03925613984165e-07
0.066931684173053,0.0128122046275873,0.00167497136022437,1.42180333913457e-05,7.4029862301039e-07,9.97726217180692e-08
0.0551351364696487,0.0115527247991994,0.00134694261896155,2.58323740880264e-05,1.3561577262501e-06,1.88355123838207e-07
0.0778502644522249,0.0105060089404561,0.001,2.17234262828916e-05,8.83756042662783e-07,1.13112799493062e-07
0.0457799362966309,0.01,0.00118636724382064,1.30491537187251e-05,7.53245039478728e-07,1.06371245356224e-07
0.0479982156661947,0.01,0.00117247972743239,1.45048332295862e-05,1.20471355078331e-06,1.13308188980415e-07
3.37648239897648,0.188913588019585,0.0342133579562373,0.000612397218992976,1.37153018062688e-05,1.40773624038015e-06
3.74960318607565,0.139999540676302,0.0145274507007909,0.00113630538090879,2.12686535879546e-05,1.22265160953412e-06
0.272007266629625,0.0530744168692512,0.0040535584715489,0.000148065663529984,7.92480308126432e-06,3.32056731646076e-07
0.192231354192963,0.0378695666545669,0.00285612656415896,0.000103838192834081,5.73764297593678e-06,2.83576843111728e-07
0.225022992636165,0.0225192303360196,0.00187488283404018,0.000103000538454833,3.91202094425742e-06,2.66116182775371e-07
0.144566184006873,0.0146624940073246,0.00162135702353747,5.78341888356841e-05,2.20874317418261e-06,2.25763444755274e-07
0.107415497881672,0.0130411454014135,0.00132609879268517,4.77996250440239e-05,1.93195540032239e-06,2.14286337311784e-07
0.0735711326494433,0.0117666173190683,0.00105200505919804,1.96360286793974e-05,8.83850966197019e-07,1.04466135036245e-07
0.0961698416741563,0.0216451543468456,0.00124312018579465,3.19185599125099e-05,1.75475002088227e-06,1.16540502504964e-07
0.56231144008264,0.0812091028676109,0.00556680515238237,0.00032731954157859,1.37828019196308e-05,4.70492585184728e-07
0.241137785276453,0.0536125968459368,0.00524258736169823,0.000111140175839906,6.33847927849636e-06,3.23169219724312e-07
0.176905495093324,0.0181232939796024,0.00255758652686188,5.73541967125752e-05,2.27399477107597e-06,2.38120595792124e-07
0.136620657827661,0.0150694924790934,0.00148626526017236,5.94233478856066e-05,2.32999531322666e-06,2.27226024493395e-07
0.125773210666695,0.0129801083322432,0.0013066487605546,2.92469775612308e-05,1.08683603750044e-06,1.16785042326361e-07
0.0783343397743297,0.01,0.00105564335236878,2.15443952892423e-05,9.11495878766512e-07,1.16728555320914e-07
0.0892957991822353,0.0131581574883263,0.00143951280648822,2.10546504436008e-05,9.24575621042038e-07,1.11641493407908e-07
0.143150431385256,0.0201679116629085,0.00266416113592519,4.96957637498177e-05,2.34256136350797e-06,2.32431031852462e-07
1.46938586114072,0.196572004681708,0.0246661910514657,0.000465779860774826,1.64398281674523e-05,9.98799489718931e-07
0.116263771698973,0.0126495587211035,0.00112427864325614,5.56687929092433e-05,2.09434052715149e-06,2.18797825253065e-07
0.105714102833502,0.01,0.00112958638580154,4.70301847446222e-05,1.69680256570896e-06,2.08394311776811e-07
0.171592624645389,0.0243305667525601,0.00204080200529624,8.11236821885992e-05,3.72198787586134e-06,2.55596262309107e-07
0.460284264002852,0.0410110034126759,0.00324963686677529,0.000212404133772477,7.41141772728221e-06,3.56498380036895e-07
0.0805354552093635,0.0124183904426186,0.00123109114887642,3.80347385664489e-05,1.72239175191001e-06,2.02193026940928e-07
0.0803475439806741,0.0129568143609978,0.00120627457915204,3.93682508739234e-05,1.82160492418615e-06,2.03951396940787e-07
0.143438848022113,0.0129346407315955,0.00137638853876599,6.07272635506483e-05,2.11068894775763e-06,2.27228888998892e-07
0.103963392111675,0.01,0.00111196303435812,4.6468855729262e-05,1.87683994555405e-06,2.09120391011097e-07
3.54345147412306,0.228507932738019,0.0209186771229527,0.00125955385095941,2.9865414230983e-05,1.58045383226523e-06
0.728771592630294,0.199667385550351,0.00855443441214899,0.000945875899701377,4.62359235295704e-05,8.32648174087082e-07
0.0838210625421155,0.117361086418468,0.00518501397336342,0.000214285340908678,2.47961705943849e-05,4.26439044708326e-07
0.170108223440007,0.0326950997974733,0.00249237960176592,9.0585616696988e-05,4.93468231622761e-06,2.69315716920038e-07
0.0763566752778749,0.0198472891615775,0.00113040209940195,5.29186311633651e-05,3.16467080983708e-06,2.21107700215945e-07
0.0863518314138883,0.015963550228102,0.001,5.27415953365537e-05,2.60309665978637e-06,2.16932755110891e-07
0.116902861570521,0.0112568953927154,0.001,5.9622925771548e-05,1.97892138841322e-06,2.36289944985439e-07
3.42275870540646,0.305000800287253,0.015510191579923,0.00221285127275255,6.28977946046025e-05,1.73170734340585e-06
0.896711487402195,0.161584978802528,0.00828115372930104,0.000764570016069711,3.23222594834202e-05,7.62400497376246e-07
0.507193752791738,0.0871426326741409,0.00452080073012619,0.000397093584678136,1.81308040907366e-05,4.76510371171017e-07
0.481324982223227,0.0501109257536603,0.00301707066484427,0.000284659731741798,1.04967332975337e-05,3.88390328863973e-07
0.468157840025989,0.0400419885894048,0.00292757041999499,0.000231278520162845,7.77603423014907e-06,3.61526602308191e-07
0.192363887545715,0.0219256053450417,0.00187910821313369,8.77835103725964e-05,3.56800541343218e-06,2.56730713371654e-07
0.109431368115052,0.0133825663505996,0.0014097125454771,2.5388421754211e-05,1.038588989551e-06,1.15084496967422e-07
0.117866236808517,0.0122152564373225,0.0011473769090475,2.75311791219675e-05,1.01478176301324e-06,1.09639527722486e-07
0.120935894190653,0.0129616474202599,0.00138070951978436,5.19166150932284e-05,1.96731761209782e-06,2.19644931468403e-07
0.109192058337074,0.0134202902145411,0.00128121538383912,5.04739340761987e-05,2.03830464214098e-06,2.17166402292137e-07
2.14351466670447,0.180922380835918,0.0190470008524702,0.000688941357713156,1.97336999708646e-05,1.08124284912693e-06
1.9873487420172,0.205189640865814,0.0180510493246433,0.00078587248544144,2.49524005482938e-05,1.10518425306623e-06
3.11489501973912,0.18982294124122,0.0155606999119984,0.00119947426038464,2.88241836001412e-05,1.30900552552852e-06
0.405928640812241,0.0421822403848972,0.00268147101106486,0.000228008500012014,8.52360141879032e-06,3.5374055637464e-07
2.45028423546686,0.181040839861972,0.011205473961269,0.00128725301353633,3.50195321022623e-05,1.14777914509554e-06
0.363055320776726,0.048396745225165,0.00250509080786252,0.000249698842761769,1.05857929023632e-05,3.59361691338307e-07
0.496522311324896,0.096552251648722,0.00572053594037664,0.000362672449739335,1.75403874868881e-05,4.8717951546378e-07
1.379362248344,0.181143917180926,0.0142980197754618,0.000654117320862964,2.3883681113794e-05,8.94748838551776e-07
0.0965936732407002,0.0129585408521063,0.00129385136339633,4.42113736470905e-05,1.87019628847573e-06,2.1059654970725e-07
0.0864957765382871,0.0118936734643581,0.00126041223574047,2.09416409719516e-05,8.76104185631792e-07,1.09637131748005e-07
0.139886378662048,0.0133802378556191,0.00141502449960187,5.90292661429894e-05,2.12915069325026e-06,2.25688563402583e-07
5.61142770953978,0.320894662120194,0.0190945282165832,0.00272858526578806,6.32789621833888e-05,2.13763645286773e-06
2.07713280450931,0.0809577522753631,0.00524200989521714,0.00114229813894042,2.13607931372449e-05,8.15495636628384e-07
0.176728798867804,0.0143586331667807,0.00217239929834314,5.69393599872093e-05,1.97677672173269e-06,2.32390805949065e-07
0.0980836262710354,0.01,0.00191895193546967,3.11408010090073e-05,1.31864123287761e-06,2.00688153544824e-07
0.113638590368385,0.01,0.00149092144619232,2.13950084065638e-05,8.23846717313859e-07,1.06694339763328e-07
5.4749614870814,0.526706939196738,0.0506908467384207,0.00222013300747498,5.59251743817851e-05,3.01739488299503e-06
2.44096203955419,0.295508640737828,0.0115726934491853,0.00244207458662662,7.83681769554337e-05,1.59321351947071e-06
2.93679326340911,0.156740417400469,0.00379133205680996,0.00377470099782621,7.94519776913604e-05,1.294251434635e-06
4.48185974904174,0.0951101641455176,0.0033265296672013,0.00454779014190627,5.58923768755096e-05,1.32641941756552e-06
0.777828054796148,0.0566264805851395,0.00341139781505281,0.000439252314339165,1.34099241096769e-05,4.5512196673926e-07
0.198868528296986,0.0382144461833419,0.00127105081225646,0.000190806024126547,9.80122808087908e-06,3.01754747968609e-07
0.0950271213693612,0.0159273147443521,0.00106827938761231,5.47979648154892e-05,2.59244222553352e-06,2.18383798206596e-07
0.181979915412106,0.0198399691251193,0.00136047068888364,9.60479303918523e-05,3.73764502907041e-06,2.52635138497774e-07
0.17318291361116,0.0285857631378626,0.00203468808982722,9.44918217357337e-05,4.64046743147169e-06,2.68176215188787e-07
0.246259063649156,0.0368215471819738,0.00345888494991863,0.000105709831757221,5.04380541294179e-06,2.94075918483439e-07
0.323873688089213,0.0465405784842932,0.00358452537149368,0.000162777894415875,7.38858947160076e-06,3.35963862979898e-07
0.26722855204316,0.0580316883269606,0.00323997913434553,0.000196654176852374,1.08407545131082e-05,3.49351371231709e-07
0.398492332852697,0.409224752060794,0.00716428699046575,0.00183606118421476,0.00014675270638594,1.23679194724581e-06
0.0725443907767982,0.0126759802021847,0.00118923518744646,3.63315791660697e-05,1.72672391040617e-06,2.01795432504195e-07
0.0715668351359479,0.0130274463425766,0.00104607379741526,3.92824497269321e-05,1.88077707462955e-06,2.03883971735497e-07
0.120601240592045,0.0142463405016961,0.00128845911823173,5.6495120908892e-05,2.25229160731592e-06,2.2251511047596e-07
7.21320716862759,0.620799657690011,0.0180460620082317,0.0095087039052742,0.000231359904483173,3.70704013717326e-06
7.28750260300469,0.706983747246799,0.00951540115340508,0.0227292173115283,0.000556259381473407,4.28649650816182e-06
7.52510426216052,0.565240452621742,0.0114596426600155,0.0136046263905705,0.00032101196700661,3.69603816555269e-06
2.43146248038427,0.905889386688633,0.0116629486424077,0.00967799553011292,0.000382483558656212,2.94151950121499e-06
2.24535068586111,0.869968831501363,0.0186226471892288,0.00566141804660862,0.000219874979339231,2.81330774572885e-06
0.01,0.419851138208285,0.0497669263009122,NA,1.55004771644043e-05,1.24059983751356e-06
0.0485047852833765,0.24892217484475,0.0103214471297423,0.000672404699414816,0.000107151013412315,1.15640934878541e-06
0.0635697302149964,0.16760573609123,0.00578015468935734,0.000357533217687212,4.94159152949195e-05,5.75958889346634e-07
1.95804065749903,0.278353830197301,0.0376350093732175,0.000621342873337024,2.09251371232344e-05,1.4294876900303e-06
0.01,0.327461747712065,0.0251583013956829,NA,7.01184840198177e-06,7.51162060420735e-07
0.01,0.291726006654899,0.0150707586760587,0.000371664577136847,0.000122640487608008,2.66126586442526e-06
1.89337557527237,0.306653202065492,0.0378325813889507,0.000720693102869804,2.51325574501554e-05,1.52047934938115e-06
0.01,0.253388876809897,0.0161071595434888,0.000146566933552512,4.96781807167532e-05,1.33955520150496e-06
0.101147875807696,0.123712349782896,0.00678449349858288,0.000209310208449171,2.24723001246137e-05,4.38853652465111e-07
0.496372113784013,0.102537846423913,0.00821137950610765,0.000282713979195584,1.39413215745447e-05,4.94768323178866e-07
2.99949006467096,0.43343784457955,0.0424820732850473,0.00167860286502675,4.93151993796725e-05,2.4700339297077e-06
0.483268966964974,0.22561186117868,0.0106968905735733,0.000786870176814596,4.82747549620594e-05,8.03308684863906e-07
1.01366012355712,0.135386406667185,0.0108087462927714,0.000510345705746271,1.90055908815656e-05,7.14253702112425e-07
0.645215356634301,0.0726671443698142,0.00556954997358518,0.000320815993688563,1.19257867080724e-05,4.69761240816446e-07
0.0702965454257053,0.0112077566823185,0.001981045607651,2.44331511496025e-05,1.14378408828303e-06,1.94673138381897e-07
0.0678969096078635,0.01,0.00181068963007957,2.40145129728742e-05,1.05863928759711e-06,1.91441092411472e-07
0.0697897348159885,0.0118208071824747,0.00177868502752941,2.68566358586019e-05,1.27716966152847e-06,1.97804586482411e-07
0.10112341627987,0.0117040947314742,0.00246275764398434,2.86861733592983e-05,1.19264486936235e-06,2.03326001345088e-07
0.158830318598112,0.0143460044839645,0.00190832350864213,5.57507277200044e-05,2.02317876475057e-06,2.27931713157175e-07
0.126790604756839,0.0415425839360663,0.00218337179184493,0.000104165368119865,7.21288134443087e-06,2.81808702741431e-07
0.136495341314818,0.037036950077457,0.00237360408080464,8.97045840551583e-05,5.73228563033103e-06,2.73122377440749e-07
0.115979106373478,0.0186046618531734,0.0014664905208094,5.97899394575969e-05,2.80164173479639e-06,2.32812058432892e-07
0.0838283709149721,0.0237434690637295,0.00137449822931182,5.91258429268201e-05,3.71135307608463e-06,2.35317677017791e-07
0.01,0.259625776469811,0.00574986363455426,NA,3.92655486441004e-05,7.351468226132e-07
0.01,0.23515535088034,0.00640533377435687,NA,2.92655606944611e-05,6.73771854601071e-07
0.446654105694206,0.0637880763673913,0.0030882203539439,0.000341164716375219,1.47058455035235e-05,4.11238795998098e-07
0.460182620254442,0.0628422478905723,0.00316460547670927,0.000337287223444938,1.41758368452292e-05,4.13061599209683e-07
0.529900050958412,0.069149548175393,0.00357003697011696,0.000385284537452717,1.55488844207105e-05,4.45978094626032e-07
0.534204706322429,0.0597186591579576,0.0032660780000064,0.000349268072885691,1.32664315606981e-05,4.2085317689276e-07
0.379496525498053,0.0627691769672275,0.00315456186822544,0.000289105359288025,1.35288319047616e-05,3.92119764511185e-07
0.409382988511972,0.0578139911737671,0.00326915470245347,0.000269354057512035,1.17416455995008e-05,3.85740456413085e-07
2.0838602656649,0.305819548943159,0.0170368885502729,0.00232316042222697,7.11131041486105e-05,1.9566968162521e-06
0.01,0.451623874727881,0.0152980964186261,NA,5.49593126919495e-05,1.24792925375482e-06
2.73163193687019,0.279678704455066,0.0189395178801392,0.00186699592680268,5.08025301040762e-05,1.89307187864496e-06
3.59320455446348,0.260295023647051,0.0183460143745812,0.00202078214749398,4.78356522937785e-05,1.97026442234254e-06
1.97505597689043,0.0526089455236761,0.0024807270501545,0.00152282455468137,2.50041570374837e-05,6.86350658527771e-07
0.938176822145473,0.0458766468783538,0.00234664148220269,0.000596408866935403,1.51104627060712e-05,4.52729661090692e-07
0.859520836872133,0.0330975110091996,0.00208097245905915,0.000468524442357729,1.08085629883258e-05,4.02383101511312e-07
0.820086149636774,0.0198302393309038,0.00212597816537859,0.000336502279911354,6.49558518858183e-06,3.59352448620677e-07
0.991621394565162,0.0359038542169636,0.00216142893983431,0.000569223419605569,1.24269387610792e-05,4.36479684345055e-07
0.422280956001222,0.01,0.00248084304567933,9.9628789990328e-05,2.36414669532514e-06,2.59162498558595e-07
0.399937569695136,0.01,0.00241380896304917,9.52738852566017e-05,2.31422557333615e-06,2.54703299227403e-07
0.353906007001601,0.01,0.00237539270724964,8.22597043694592e-05,2.22841000689765e-06,2.49390373609175e-07
0.256237443572205,0.01,0.0019917871807733,6.3655059387947e-05,2.26996023280201e-06,2.42426093265108e-07
0.254154328691462,0.01,0.00232382443492246,5.60885685328366e-05,2.28397196538391e-06,2.5072909862035e-07
0.106714712133717,0.01,0.00214178808458651,3.06343429375453e-05,1.37904453667306e-06,2.07656633475684e-07
0.247372483986997,0.01,0.0019164054872165,6.25749281175418e-05,2.46377432209832e-06,2.50419247234261e-07
0.249008457860765,0.0213620783711542,0.00209008843515537,0.00010059063805206,3.52505278096033e-06,2.68339060585509e-07
0.224243672287204,0.0178480772873858,0.00222446761904319,7.80131532316826e-05,2.65711809203764e-06,2.52638022537921e-07
0.200306561865144,0.0167707793738299,0.002239260770785,6.71406357558084e-05,2.36262292643058e-06,2.4320415760888e-07
0.747814675430511,0.01,0.00364569903075382,0.000155274126324891,2.75752050048529e-06,3.13524203307573e-07
0.4721354698642,0.01,0.00309875842897268,9.50012378691803e-05,2.27501316573514e-06,2.69061586323929e-07
0.757827748590453,0.01,0.00211174240778505,0.00025150251020109,4.1286974271787e-06,3.25365133792262e-07
0.233389192406669,0.017456349806913,0.00278191505254496,6.77274043229817e-05,2.2811402367013e-06,2.49876817369267e-07
0.391575033628837,0.01,0.00188113793656867,0.0001099298634028,2.75493278719249e-06,2.62303134716039e-07
0.167266186299883,0.012861856389777,0.00225955234073398,4.94417492402593e-05,1.6744677863432e-06,2.25537840628561e-07
0.242028420290364,0.01,0.00200375641336497,5.91944218154265e-05,2.39609839466134e-06,2.49378887282101e-07
0.127444245136034,0.01,0.00260339986923301,3.12296698776461e-05,1.23433293163887e-06,2.09436269440595e-07
0.305920654732615,0.01,0.00239065346395267,6.78015914281081e-05,2.35233545864431e-06,2.55500828688007e-07
0.58214962443083,0.01,0.00214767476711038,0.00017103280091571,3.25121725773076e-06,2.91213402150768e-07
0.587681170408547,0.01,0.0022279351440729,0.000170576794916919,3.19505136099865e-06,2.90052496841843e-07
0.55113727848814,0.01,0.00199020403349619,0.000170269487595592,3.2700823791027e-06,2.84768378655489e-07
0.109633765001666,0.01,0.0032467379810284,2.35995056924371e-05,1.2721170651873e-06,2.08280414538661e-07
0.187012866705497,0.01,0.00249783062168913,3.81990284844544e-05,2.92287529889743e-06,3.03529230225667e-07
0.11723770462674,0.01,0.00214279099599823,3.32493983598702e-05,1.40280940728762e-06,2.11509167497912e-07
0.104525854310148,0.01,0.00183519020478644,3.3495327352991e-05,1.49446801741635e-06,2.09768170436625e-07
0.195742531669512,0.0115272154328951,0.00264179666986207,4.9486631339268e-05,1.48817335552504e-06,2.29417526727635e-07
0.137719716984087,0.01,0.00209569388718993,3.9407956179909e-05,1.28887087259183e-06,2.12334994223473e-07
0.243775207530526,0.01,0.00260251738819344,4.92796138792265e-05,2.09766007696431e-06,2.46269336041878e-07
0.275135273868338,0.01,0.00238418629570418,6.02215210474131e-05,2.25006690403356e-06,2.50150356855184e-07
0.15422116214488,0.0121258551281527,0.00196390072898778,4.93209463491558e-05,1.66177270278206e-06,2.22558482178001e-07
1.17656791587076,0.0264304457372993,0.00447152080049301,0.000333335652425595,5.9181553321916e-06,4.28655858152306e-07
0.905333296478026,0.0699702602811705,0.0100169287020698,0.000253964669889943,7.52242889223707e-06,5.26982730599229e-07
1.61718994550141,0.0484923864256963,0.0125073722978504,0.000269473411133245,5.16025862758507e-06,5.62620429796019e-07
1.06990007131263,0.0887230468609077,0.0223486838471857,0.000189005957890697,5.47373010036209e-06,6.67256972801372e-07
1.50405426427116,0.0588572938619166,0.00272500408665822,0.00110012797264582,2.29348098040644e-05,6.09881309442036e-07
2.40364422126131,0.0730236898093002,0.00290345004618401,0.0023749170767129,3.50361941947529e-05,9.62984022942803e-07
2.5773729582665,0.0801126657065186,0.00270979828863678,0.00288724925750316,4.24354327091845e-05,1.03265504645191e-06
0.364436498193101,0.038237406105881,0.00197725451318685,0.000236718032271625,8.83842648180136e-06,3.40178277112482e-07
1.34257878522823,0.034058441696784,0.00291361212719631,0.000646268595079798,1.14037659395897e-05,4.97560595991336e-07
0.866953637477743,0.0221845305284895,0.00632844203405258,0.000152489939857424,3.1682758469807e-06,3.48724543639153e-07
0.704819810499284,0.01,0.00448363621424867,0.000123539214966127,2.22871622597521e-06,2.97756268011832e-07
0.647646264133343,0.01,0.00457362231606353,0.000107369399513874,2.0609514715762e-06,2.87381276877092e-07
1.0213644403177,0.024980847408269,0.00742074783089707,0.000171875005185074,3.38706078630698e-06,3.82430051499666e-07
1.1334795493319,0.0314614704095757,0.00625285839606562,0.000254124307382365,5.05269071816821e-06,4.23859598484869e-07
1.12838880160247,0.038550399722893,0.00649664391048906,0.000274274762518398,5.95680525616391e-06,4.42848620226898e-07
1.29167969696404,0.0328734456549954,0.00721704854306879,0.00027027355403136,5.03786330973032e-06,4.5578342933482e-07
1.48049532096213,0.029823480224711,0.00717612505305878,0.00031130086745385,5.09307177759151e-06,4.83114414329412e-07
0.99859061463368,0.0230533502024506,0.00320250549255302,0.000336677447361482,6.20146840953215e-06,3.94033361007507e-07
1.12624127936005,0.0299889520663374,0.00327347933386138,0.000435896394620608,8.25229725376098e-06,4.37580291330496e-07
1.11122284737951,0.0338114902836935,0.00325761276610145,0.000456727858339941,9.1908894701266e-06,4.44613148769078e-07
1.02070660258513,0.017097238742872,0.00375215031951869,0.000272940558016205,4.5265767319991e-06,3.7848590715798e-07
1.34047110600952,0.0308493060085471,0.00293992445044109,0.000609621095480766,1.03525628826896e-05,4.86928206238178e-07
1.13604545411003,0.0241016920364707,0.00297856213768651,0.000432621972398486,7.44769765262098e-06,4.25849210056899e-07
0.296140878012354,0.0303690950074632,0.00254644773417543,0.000131738657588785,5.07623369579253e-06,2.97275233521965e-07
1.0930104425981,0.0217849744005512,0.0032540634842943,0.000367392888476296,6.26960593192418e-06,4.09053227457965e-07
0.333593616072676,0.01,0.00217838010590021,8.09781793892396e-05,2.38995726288821e-06,2.53058089355493e-07
0.236084956893596,0.01,0.00225332434386865,5.28263245258813e-05,2.363471641837e-06,2.53957562909383e-07
0.258134898327202,0.01,0.00176893593107518,6.98225686817873e-05,2.38839158920201e-06,2.42747328122654e-07
0.408861701651809,0.01,0.00228766656547305,0.000100712296586309,2.50168178094764e-06,2.61597400722771e-07
0.324131390438321,0.01,0.00230055956968251,7.51431414069167e-05,2.29058596808533e-06,2.50675610109958e-07
0.322587964286314,0.01,0.0024371183497934,7.13458733207098e-05,2.27123040374932e-06,2.52511293786221e-07
0.290946636637892,0.01,0.00262998326023574,5.96249144014278e-05,2.15524028481365e-06,2.49888499839176e-07
0.182082220854304,0.01,0.00225132259601464,4.00564040378136e-05,3.02519093372036e-06,3.0214320133406e-07
0.194266076870928,0.01,0.00241134182311714,4.07431366275325e-05,2.83697098116575e-06,2.92665736283009e-07
0.182237169757002,0.01,0.00264803432662056,3.57128337778853e-05,3.12455147771617e-06,3.25881120510127e-07
0.114874645929617,0.01,0.00298669986282892,2.0309707967214e-05,NA,NA
0.140649015636798,0.01,0.00256843308340439,2.73328767081102e-05,NA,NA
0.110859855317137,0.01,0.00274708200762256,2.09468644517579e-05,NA,NA
0.134645287531296,0.01,0.00332324724820981,2.16096617486482e-05,NA,NA
0.123892231445711,0.01,0.00326351234215396,2.03277587560321e-05,NA,NA
0.0503244110956885,0.01,0.00237033763746951,1.30496561453314e-05,NA,1.3454607107088e-08
0.139623872716636,0.01,0.00273236476156776,2.59156102617096e-05,NA,NA
0.162132004180803,0.01,0.00304918482617418,2.58908073703321e-05,NA,NA
0.062880826516198,0.01,0.00253264327636416,4.79342604432327e-05,9.80344348299719e-06,8.49570107805427e-07
0.0802629049701363,0.01,0.00245431005328477,2.30049556511778e-05,1.84430667118271e-06,2.23554557158256e-07
0.171738219315529,0.01,0.00266295007406869,3.35870122497206e-05,3.3453986300679e-06,3.47342251624683e-07
0.20105200978441,0.01,0.00293558669169544,3.65532660974357e-05,2.55990075900553e-06,2.88469767711107e-07
0.0951627858967267,0.01,0.00249271897683081,2.50853385104261e-05,1.34820117753139e-06,2.0498430793397e-07
0.100186066712013,0.01,0.0024391310366339,2.64953244721894e-05,1.30472702309602e-06,2.04565754271746e-07
0.369740011299474,0.01,0.00121693998792041,0.000136600941701564,3.33186588371338e-06,2.62526702437311e-07
0.463582175606263,0.01,0.00234429175387363,0.000116296498170144,2.64272074583473e-06,2.70455189201907e-07
0.440050795864057,0.01,0.00211022435417447,0.000117075470186336,2.76573933699788e-06,2.69757993558309e-07
0.203160104007002,0.0137961676549436,0.0022943560901773,6.10928123023573e-05,1.93219288849412e-06,2.38065894495618e-07
0.19721236330941,0.0127891487716942,0.00225341640955938,5.8286313574704e-05,1.79944099293976e-06,2.34925901787772e-07
0.192758521575084,0.0135443523576206,0.00232910480946073,5.68456690759112e-05,1.83713413661956e-06,2.34130819433056e-07
0.234416955835696,0.014938924122002,0.00222090524874706,7.50446382392477e-05,2.27326878464098e-06,2.5007173229902e-07
0.33589216685689,0.0146472925564712,0.00427042661922616,6.61608797514258e-05,1.74298043950695e-06,2.63992047812717e-07
0.412291682972817,0.01,0.00169446615225672,0.00012604201067806,3.02016636572975e-06,2.67801264541374e-07
0.235386995696412,0.0155771069756213,0.00223664510306867,7.63700646146819e-05,2.359223072197e-06,2.51380722792968e-07
0.196265025383853,0.0139573399150517,0.00250119423963524,5.55766543138599e-05,1.82115806565076e-06,2.34536630946503e-07
0.25691429695467,0.0186327690856064,0.00247374197254323,8.47423247504316e-05,2.75518177238782e-06,2.61582013731453e-07
0.52176720794286,0.01,0.00194751176077361,0.00015613723422351,3.21324090497646e-06,2.83923989730279e-07
0.391679244050046,0.0261536666289864,0.00395426910251342,0.000110951664846522,3.44841709894531e-06,3.0341748021048e-07
0.185788672067933,0.0124990869588103,0.00236319501180981,5.25113434836094e-05,1.66441410707256e-06,2.30029575999567e-07
0.18368033676863,0.0138453565118511,0.00232361722613313,5.47809062530371e-05,1.83714266095298e-06,2.31948544329294e-07
0.212499403349136,0.0174802526212132,0.00247055410800245,6.75934845519351e-05,2.37416392608917e-06,2.46356725401302e-07
0.737556009123926,0.01,0.00278542347689124,0.000194427459359746,3.30232460869759e-06,3.15748824513243e-07
0.169834463838221,0.012297268813243,0.00239549224708021,4.72257613011063e-05,1.56237462268657e-06,2.24321505645449e-07
0.369363025019092,0.01,0.00295192950507052,7.27735840210548e-05,2.05823098756735e-06,2.5207463854002e-07
0.408813120946338,0.01,0.0024646211141353,9.54507339460735e-05,2.36713246515938e-06,2.59108551969931e-07
0.547650279739159,0.01,0.0028265072307614,0.000126752648559795,2.57535573654529e-06,2.79580423893911e-07
0.703698065857827,0.01,0.00288349490348935,0.000178676500363788,3.09586708404505e-06,3.07332013265988e-07
0.649491119720303,0.01,0.00341744406087618,0.000137077847727667,2.56055639403851e-06,2.94711023439766e-07
0.511241979920988,0.01,0.00299254628217214,0.000109513224500394,2.38315245935759e-06,2.73179430582913e-07
0.519295901875463,0.01,0.00287878199370266,0.000115185956265584,2.47800418287416e-06,2.76051653931593e-07
0.20620990410758,0.0162520705519081,0.00270493463943318,5.90073847511248e-05,2.05001509553739e-06,2.4030467228946e-07
0.545585054244639,0.01,0.00322468219349642,0.000113122969205429,2.34749131863479e-06,2.76589635488591e-07
1.5104887663785,0.0620929120203678,0.00781189585039175,0.000457583979997671,1.00899003156268e-05,5.91959309499023e-07
0.580301556732009,0.0710073546284124,0.00575965911228233,0.000290297136749418,1.1208444466912e-05,4.590692486229e-07
1.53898765497777,0.0629641931912965,0.00626305218134384,0.000580128570708729,1.26414655027791e-05,6.07315921788264e-07
1.38217471631262,0.0690580397687292,0.00721523005029485,0.00049149424063627,1.20202541183201e-05,5.92121296149211e-07
0.0857385720456786,0.0110997850957204,0.00148683962593463,1.78588637291204e-05,7.39204199990337e-07,1.05354493579866e-07
0.155344874900916,0.0167142492516853,0.00148468328225743,7.0394774621003e-05,2.75500576557985e-06,2.35161180694437e-07
0.102810908823081,0.0165411293473868,0.00169733656766936,4.52400326666837e-05,2.18839631243426e-06,2.1754080188841e-07
0.0959963227917704,0.0174531069816282,0.0018379575201972,4.26304500769154e-05,2.17912857840794e-06,2.19663214126509e-07
0.0515622123961937,1.01344832089147,1,1.17221367285118e-06,4.76614391407839e-06,2.63829447375533e-06
0.056741979727486,0.96205227892361,1,4.74872150013795e-06,4.54900032959441e-06,2.61705749178583e-06
0.050581748189357,1.06967682781822,1,1.00041551064753e-06,5.02325251311311e-06,2.63131265066147e-06
23.2996055733432,0.119303996861579,0.011750509716045,0.0175856957349298,8.68035111911451e-05,4.62911445259865e-06
0.0552605742425483,0.952612222179799,1,4.68075616839953e-06,4.54499477146566e-06,2.62449219312208e-06
0.0554109192474717,0.953495859300073,1,4.68484876028653e-06,4.54448612415791e-06,2.62348222455536e-06
0.0551192878036273,0.959177747294444,1,4.67214210142709e-06,4.56732064572742e-06,2.62485967423179e-06
0.0504671542785657,1.0424239219237,1,9.24717538119416e-07,4.92937635258273e-06,2.62454120834558e-06
0.0591057452809598,0.930972508067941,1,4.88420643560063e-06,4.44180414439003e-06,2.61212399294957e-06
0.0524449453783487,0.947642744783239,1,6.69425208802753e-06,4.61791145221715e-06,2.63243988315807e-06
0.0616973928511853,0.897930492356896,1,5.01799410777972e-06,4.31475978973488e-06,2.60339032849455e-06
0.057954826821389,0.942406141580662,1,4.81491714402738e-06,4.47609362670279e-06,2.6132937500684e-06
0.0516035719977902,1.03409785526409,1,1.26765464416406e-06,4.88633329885656e-06,2.63746913921121e-06
0.0517786963968271,0.990966266496116,1,1.81450114657434e-06,4.72647192895711e-06,2.63589698397783e-06
0.0588188308398405,0.879892793243696,1,4.88899457525551e-06,4.29936676237828e-06,2.61805806208755e-06
0.0523695634066212,0.942106216960186,1,1.03971044471788e-05,4.75110846688589e-06,2.63288099966087e-06
0.0585279127755608,0.947642286872164,1,4.83594230256624e-06,4.48251909339271e-06,2.60934535027254e-06
0.0532618107059956,0.96070677836392,1,4.4749522056811e-06,4.58324224550157e-06,2.62914105075642e-06
0.0567982481784708,0.944816748309315,1,4.75937254715432e-06,4.50225321871449e-06,2.61902875009385e-06
0.0537584781185058,0.994209145583816,1,4.57750069677408e-06,4.70176342382761e-06,2.6314107689136e-06
0.0554222337383974,0.949097277496409,1,4.68582675044406e-06,4.52919178889678e-06,2.62331443412041e-06
0.0544000139573068,0.968997493659211,1,4.63024983650208e-06,4.59919858599963e-06,2.62596596278569e-06
0.0548922146125452,0.951005057748801,1,4.66379541340438e-06,4.5487219676907e-06,2.62636136344017e-06
0.0560226467954509,0.939290532470384,1,4.7273439716436e-06,4.50339941182994e-06,2.62370089282473e-06
0.0560759168826139,0.944282737935751,1,4.72450816535749e-06,4.5118449830064e-06,2.62220402595044e-06
0.0526063859440208,0.984802293091714,1,4.50842317616543e-06,4.71507016570628e-06,2.63680278940121e-06
0.0593553096314644,0.910217088005779,1,4.90534242255355e-06,4.38144273224081e-06,2.6136975533876e-06
0.0585092058799985,0.932787709734805,1,4.85774215862013e-06,4.45790238092296e-06,2.615450861204e-06
38.0573211741273,0.43603708424269,0.0224644032725648,0.0272133771387101,0.000246168423018113,7.4155869248527e-06
30.8835441392116,1.25567239213866,0.0474572192928801,0.0414341843712663,0.000424393328540708,1.644432118869e-05
0.01,1.16513271117539,0.0164922458353955,NA,0.000217020748480848,2.2112576231849e-06
0.0275913098124589,1.44182700676655,0.0285438133055975,0.000601818962700428,0.00015820501634827,2.05843697033018e-06
0.01,0.90020487335592,0.0174240948533362,NA,0.000152172494904886,2.07712965873411e-06
0.0167321587554885,1.19093350112167,0.0160997822208359,NA,0.000212478920847549,2.11222174726302e-06
0.01,1.51137819074625,0.0178307728040506,NA,0.000278195037727397,2.37280570965357e-06
6.61871317396136,0.235422894754172,0.015475223432261,0.0031932209455799,5.45900745795106e-05,2.25022565241313e-06
0.350642929483228,0.0786563614911057,0.00231562235447281,0.000465142004654516,2.37948763871338e-05,4.39910841953441e-07
0.0358969890292162,0.01,0.00145207336329907,9.84735347946333e-06,6.33099446179481e-07,1.05236069532576e-07
0.158398931765534,0.0601200118571056,0.0015310974956966,0.000253406321502942,1.73503087565137e-05,3.45577382105881e-07
0.318755331371739,0.0481918286909332,0.00242396172628929,0.0002294877745272,1.02076576691271e-05,3.55575789828374e-07
4.59587852307991,0.302555564699658,0.00922471500709962,0.00420232942266534,0.000110197535880801,1.8390920711243e-06
27.8147940295477,0.390885494028362,0.0660549134178753,0.0054053349085304,4.95654470627751e-05,5.77708596771107e-06
0.183815812978243,0.0319857971152993,0.00171792064061822,0.000123774466759987,6.06204714288339e-06,2.8582436665196e-07
0.127588164303591,0.049622111733012,0.00187749900801534,0.000148330759121041,1.06753209497828e-05,3.0881525984789e-07
0.280337055176627,0.0490703809097988,0.00208134948356599,0.000234768118805603,1.13327725471604e-05,3.47245905361276e-07
0.384699801258391,0.0661063503229272,0.00226216536628658,0.000412545763879674,1.84742041955069e-05,4.24596798435617e-07
9.66216433593227,0.387670867153772,0.0388713198787912,0.00294485229498301,5.22930165547661e-05,3.31546255602462e-06
11.599705859302,0.36320253875838,0.0160214902771481,0.00751474745390324,0.000125927716031454,3.31712955362107e-06
6.01018388104003,0.266628058133244,0.00973280069589579,0.00506376478332119,0.000100284746434795,2.23358962867328e-06
1.72016919847916,0.145337906563745,0.00346297073814369,0.00235724150018719,6.5636318513326e-05,9.77958395194253e-07
0.767927024300966,0.236590362191141,0.00348822586000478,0.00299314818430026,0.000144151443119206,1.02456425300864e-06
0.138394625258266,0.18393532689204,0.00344207042715809,0.0010833552207302,0.000103762780120992,6.31778244119876e-07
0.321443806075564,0.0655153519586857,0.00249002713682054,0.000324304815734647,1.6481239241776e-05,3.93761972340874e-07
0.179750391274155,0.0755781713225187,0.00195539359607122,0.000322653338727445,2.28004697943615e-05,3.81732584319862e-07
0.193481952866465,0.0479877830700052,0.00187142517314961,0.000187912192124958,1.08891396615109e-05,3.22497566265699e-07
0.275790653749031,0.0539976891060279,0.00226814897243848,0.000244847752036429,1.2444480446384e-05,3.56410769870621e-07
0.148888009831326,0.150215142785684,0.0034010829169264,0.000577166786167093,5.50424101682635e-05,5.34654829045914e-07
0.454272762696982,0.520446062547202,0.0102283889095512,0.00191798618853198,0.000153199846042109,1.45515009887211e-06
30.6026518649913,0.274668912623289,0.0364446822278652,0.00935266277316219,6.89248975194673e-05,5.48474991360664e-06
42.0868300797225,0.40377094525016,0.0675299486043762,0.00963118400995535,6.68930902174793e-05,7.76243583328995e-06
10.2383490674913,0.593277534368004,0.0302892076334344,0.00704958190184898,0.000137838722914704,4.31091272353318e-06
1.2412948409447,0.0546127241951014,0.00355913926808799,0.000758267558517787,1.55496299155434e-05,6.04264685971384e-07
0.464149668429943,0.0267249296142678,0.00337475459352151,0.000158409389789866,4.33513587248482e-06,3.33284802643744e-07
0.713218313744579,0.0403779229970303,0.00274282383079426,0.000394334550842665,1.00176301564275e-05,4.31656202869227e-07
0.465904886523832,0.0542164021547037,0.00388529818098546,0.00024005109542392,9.49643788900664e-06,3.86838402572205e-07
0.0845336715692978,0.101521962938237,0.00287171238757734,0.000268319160312596,2.92432963002736e-05,4.05183965556209e-07
0.341665007210627,0.209416027674301,0.0058444510096943,0.00106284270524567,7.26253556820817e-05,7.4463382115564e-07
1.72859792550247,0.16310167352702,0.00499998530077594,0.00196313365476626,5.81574467823496e-05,1.02069281220886e-06
0.0526799505744728,0.0831974358298473,0.00183386299448178,0.000207925404663769,2.61794349551053e-05,3.58132373793352e-07
0.0911009128116444,0.0335990558738075,0.001,0.000111910956151624,7.52570410763251e-06,2.82987546017906e-07
0.0179499071865344,0.0475855779082374,0.00129005546786297,6.20394079302353e-05,1.05064610802425e-05,2.64256535713241e-07
0.01,0.120085628613785,0.00224188565064865,NA,NA,4.09996358289808e-07
0.01,0.267528016994123,0.00981424210047342,0.000155095871219339,5.68052233525648e-05,1.03714518736852e-06
2.35037560084778,0.0452176015203267,0.00375240035679951,0.00125158244983614,1.76970391825336e-05,7.14788188250917e-07
2.54263871825698,0.0471884021026769,0.00406219340979556,0.00132472802509065,1.81521399386062e-05,7.55711389254083e-07
2.14425145211667,0.0454183468292285,0.00402405758735623,0.00103543294548329,1.5720512925375e-05,6.68924790270385e-07
0.931675945492592,0.0709557330309768,0.00285150983600866,0.000769275890379981,2.38073765258379e-05,5.23783076672065e-07
0.893387846126859,0.0567139900317773,0.00243634631473874,0.00066478110653719,1.90635459864838e-05,4.75848568471397e-07
0.841851416766166,0.0578260736726658,0.0022526362937627,0.000678490600922183,2.02316199437823e-05,4.70555621295249e-07
3.865706249619,0.108063571838704,0.0166096022738479,0.00104036454425131,1.48382065784913e-05,1.34063714713346e-06
2.60660584086244,0.0859019942839716,0.00694831560559197,0.00121191567243851,2.21932888023276e-05,8.95281817167752e-07
2.2310201782379,0.090565919529246,0.00724125188885751,0.00101578912782097,2.13627601342424e-05,8.26936529941151e-07
2.09723014293658,0.0765311908556121,0.0062619572866961,0.000953116607503314,1.88946902667378e-05,7.61822495705289e-07
3.20253362681109,0.0592763902989061,0.00605736578005488,0.00140099248224531,1.86651345519615e-05,9.04736584053421e-07
2.51560582797447,0.0653114268404592,0.00652664274918842,0.00100622860706877,1.66179183345954e-05,7.90875697868477e-07
6.01898942762762,0.0894896394864788,0.00549166403802901,0.00454678623699013,4.7083993456105e-05,1.61892021742026e-06
5.52309475701069,0.0420719183131233,0.00601324028463886,0.00279831700482864,2.19537455915563e-05,1.29098801481618e-06
1.78001752272009,0.0252629122142808,0.00352226500635439,0.000713300760221128,9.53411507779496e-06,5.46587122893608e-07
1.18771177077991,0.0243134926650206,0.00329864343257512,0.000425610358447728,7.14815247071723e-06,4.35387834049095e-07
3.90553520986576,0.0449305236443265,0.00452993765005459,0.00221034784545058,2.19081474383425e-05,1.02265694950314e-06
1.63369947490071,0.0228252927017617,0.00313496159334485,0.000662401544702229,9.22614451792357e-06,5.05218802021398e-07
4.42109406177964,0.0556768006961011,0.00486595385406244,0.00291014944946338,2.63032322992912e-05,1.2744765917922e-06
11.2868926981265,0.0674340936585184,0.00731751126596769,0.00860090453361275,4.62541291526851e-05,2.66783191022224e-06
3.92782610182867,0.0296706600965744,0.00493149696650487,0.00182400459481467,1.5798284065063e-05,9.55544796881605e-07
2.61167953767731,0.0281780402366574,0.00450605786926076,0.00104266964475418,1.14273804414798e-05,7.04424004733528e-07
1.16781712833616,0.0638865877545058,0.00616622196489002,0.000461879652792633,1.12917800423684e-05,5.69496133165684e-07
2.89575111108873,0.0558947311947761,0.00427478125084671,0.00164921851877993,2.22955274948298e-05,8.5863196133544e-07
3.09005152377621,0.0516123379959652,0.00443224909184357,0.00167996512908768,2.1008247906645e-05,8.77948505928854e-07
2.55304506637915,0.0453965866318786,0.00408869988656058,0.00130002201477085,1.74846909950541e-05,7.50280466583019e-07
1.90615280507705,0.0490595299382283,0.00431821845224203,0.000879064696869439,1.4801223158106e-05,6.39701774638223e-07
2.77256513811962,0.0288134194808329,0.00389938606814256,0.00127792010019317,1.40630585873691e-05,7.22688120279038e-07
2.25776500535123,0.0468660064513381,0.00529966001781131,0.000887740583963506,1.31282635203406e-05,6.92706875045402e-07
1.39739051939058,0.0455133566402535,0.00402902999159949,0.000604369972853916,1.20925121863817e-05,5.28707137424759e-07
1.44060754310762,0.0333895310872384,0.00341380234509107,0.000608833595246421,1.03789819474566e-05,5.04396139956561e-07
1.51396012481688,0.0283335489680865,0.00226798155242764,0.000839083936211047,1.28418824199726e-05,5.13088555797653e-07
2.54369434362027,0.0411332571524329,0.0032907742872122,0.0015041918467377,1.91664068351959e-05,7.46871953105387e-07
2.11903670612545,0.0309152600106034,0.00291576389726561,0.00113809081890955,1.47244442867131e-05,6.28232111876768e-07
2.17743399875505,0.0368636547262419,0.00327551463638067,0.00115554477972213,1.56553715660226e-05,6.58725193682096e-07
2.15272937892689,0.0329318445589268,0.0032993961240998,0.00108276416032956,1.41086824060083e-05,6.42238488670669e-07
1.88090490155518,0.0744381628668243,0.00445296698694469,0.00113654440080615,2.33506941245033e-05,7.30651347715392e-07
4.31452127336565,0.0678984802272454,0.00522204726571313,0.00266249586084725,2.94895417829022e-05,1.20360885460413e-06
2.3523204228428,0.0575944052010239,0.00383492618795374,0.00141434605702818,2.19616074928644e-05,7.70017849075025e-07
1.6796381746572,0.0568688755162467,0.00341044595754952,0.00101826052211584,1.97253316262903e-05,6.31970286940176e-07
1.75345723257546,0.0546435695860649,0.00355596993029698,0.0010064534283671,1.86222311281197e-05,6.37821020463142e-07
1.91200765518456,0.0603983747769562,0.00378681681913978,0.00120747524299282,2.03232319884829e-05,7.43877543630095e-07
2.77253630770336,0.0849617895486284,0.00656234864358726,0.00135911105023013,2.40784616875796e-05,9.18838880942099e-07
2.39736983289238,0.0664616486232443,0.00511838157180881,0.00119819362142889,2.05432727063201e-05,7.79787504831984e-07
2.65029371308898,0.0574878817653815,0.00506162121131704,0.00126027220937437,1.87591310244232e-05,7.97298579703525e-07
4.22314775875387,0.0679901580979946,0.00723815743549735,0.00185249481271933,2.19342781774633e-05,1.12875683247263e-06
3.68471080351478,0.0510367216715308,0.00518134425959984,0.00183149242910348,2.07833140716289e-05,9.66037978832705e-07
2.37976286940187,0.0735161979992218,0.00726349126912947,0.000917837070609751,1.68147622274963e-05,7.87012329611907e-07
1.3637234481202,0.0585928976150663,0.00419174552862982,0.000680634347538826,1.57767790893421e-05,5.57401256585592e-07
1.42679874686651,0.0315782084789489,0.00284384932720179,0.000676398354105976,1.14818783528351e-05,4.94700275781829e-07
1.73821775464526,0.0335929728142063,0.00306245640672379,0.000852562032377005,1.30655733873701e-05,5.58521544103048e-07
1.26805436338096,0.0494398221927696,0.00414136495819843,0.000555673611300041,1.2399409129385e-05,5.12211143106113e-07
3.38564205770351,0.0396234198783797,0.00342993808028929,0.00233706099132518,2.26068536593116e-05,9.75207739777656e-07
7.30731466407219,0.043540560418825,0.00512885523616632,0.00555979874994912,3.41922914873785e-05,1.79523404018678e-06
6.31628735641269,0.0531344720780631,0.00625038381767705,0.00377654359691925,2.76950001540907e-05,1.59307717840668e-06
3.91243884062315,0.044264256267835,0.00472951618507684,0.00224550282011329,2.09140393079788e-05,1.08011034705833e-06
0.01,0.307039722744505,0.00523297305804256,NA,7.41848484619184e-05,9.23899636803036e-07
0.01,0.327679674989528,0.00535423380919125,NA,8.23221887069418e-05,9.81202065026133e-07
0.01,0.458460575585856,0.00642168319625769,NA,0.000118860187629903,1.25483082925286e-06
0.01,0.453991830206833,0.00621427195411211,NA,0.00013532085976536,1.33634650966812e-06
0.00999999999999994,0.553618211884219,0.00682376810263977,NA,0.000172265100189296,1.54053822471895e-06
0.01,0.256693052656965,0.00558895659904982,NA,4.35924669792319e-05,7.26133277211789e-07
15.9545929682416,0.0800441889875273,0.00688973742433554,0.0176573811348043,7.57538316699121e-05,3.92214336193514e-06
7.82850330359725,0.0558301023158643,0.0066578027645492,0.0047506930662617,3.26711928345427e-05,1.79702820736084e-06
10.6029434952412,0.0633066017719077,0.00640728722560599,0.00875278920510407,4.77966477001669e-05,2.53184352217832e-06
12.7689286472198,0.11838388769451,0.0098016984319394,0.00868569317822722,6.10524008224509e-05,3.04159204904137e-06
13.0272969965457,0.0920354013353757,0.0083975619689643,0.00962386898776033,5.81979328251686e-05,2.95149988302161e-06
1.8079524459473,0.0699375703382335,0.0043842029520385,0.00109163022827771,2.09076302370138e-05,7.42409614106302e-07
5.22014682757791,0.0674291215440146,0.00626997476795247,0.00308656373696435,2.83831733154961e-05,1.44965947556651e-06
4.12875092626511,0.0705448040795202,0.0051376144937011,0.00274493290830359,3.00843111324943e-05,1.25543852320654e-06
3.37034609648962,0.0605014410009977,0.0050074222917963,0.00195961178726445,2.29409292977785e-05,1.04167890448453e-06
4.55706836471417,0.0691094347171687,0.00754799788301861,0.00201448456920218,2.23670929281935e-05,1.21241764865828e-06
8.50078510995497,0.082806211181564,0.00687621770052056,0.00645649259612253,4.50328924255437e-05,2.27960279939391e-06
2.82185089448503,0.0501504457815808,0.00415916475388755,0.00154121086913895,2.01827166294176e-05,8.21291024175051e-07
1.67936770355257,0.0305862211086462,0.00310931130661986,0.000775093687209151,1.15707991433917e-05,5.4229587087375e-07
2.20699894881954,0.0348567583722393,0.00369955106298364,0.00102872476127986,1.36530416007365e-05,6.48600844229429e-07
8.26274642285929,0.105264883722261,0.00780156233310424,0.00587678676001867,4.87044979433238e-05,2.29868237103608e-06
5.03282436784955,0.0710749502957118,0.0051134338449978,0.00338541457382138,3.55252106917916e-05,1.33373326874263e-06
6.48704741029727,0.0776223551056572,0.00752415370413706,0.00360702163365855,3.19368920947059e-05,1.68152424407853e-06
3.06085217246275,0.0491744569348511,0.00433266523335696,0.00164746910947421,2.02885323682972e-05,8.61524918438682e-07
2.08178366454556,0.0520558917507321,0.00421342543003634,0.00102727760416371,1.69915498391837e-05,6.76580410923007e-07
1.65248813242093,0.0477364934674656,0.00349971662389334,0.000858255204149458,1.57509986412667e-05,5.86506370326848e-07
2.05141798257827,0.0446587851044344,0.00401240703777525,0.000968139514957406,1.50125890791291e-05,6.48220531287308e-07
1.57726892571216,0.0397132066970383,0.00339611240001795,0.000748252053165779,1.29577253142418e-05,5.49162885963598e-07
2.48377164872739,0.0446411154261577,0.00545587037330261,0.000958105827190907,1.3012371243214e-05,7.26196282704191e-07
2.78844750348709,0.0712767307976832,0.00822548123122496,0.000967706739189453,1.57414339451116e-05,8.53168118009414e-07
2.65618576057018,0.0415714678906613,0.00506725997315375,0.001075431309554,1.39111527002883e-05,7.36085495922201e-07
2.63263207860157,0.121237988666195,0.0139189769842338,0.000841133271018945,1.83249201882667e-05,1.01441516438489e-06
1.95628570643718,0.0383049889714519,0.00353342082050017,0.000938467915636261,1.41158148745626e-05,6.09738698318053e-07
1.46588093098697,0.0403107100579188,0.00378963558976798,0.000624395584740764,1.15412941081895e-05,5.23868348123289e-07
2.04837431748426,0.0373128324342743,0.00474154506557163,0.0007657565322341,1.10987881014311e-05,6.16406937061634e-07
1.03250614636058,0.0244394724229382,0.00255290940634094,0.000432901670878583,7.930263235e-06,4.09081120883305e-07
0.991724841536486,0.0235716316985157,0.00240773210277872,0.000424753834031902,7.80501449730085e-06,4.01906267528363e-07
1.01787496505769,0.0350011823528787,0.00339554852391727,0.000402721486255518,8.81565120016864e-06,4.25349555309893e-07
2.77877115671963,0.073605389017734,0.00552133455164985,0.00145931036635968,2.35965779936533e-05,8.91844372382038e-07
4.02907655708579,0.0555695519198026,0.00476373621519088,0.00238136992671208,2.56730749313647e-05,1.07977414633397e-06
2.44343852140679,0.061249976812442,0.00512121168806106,0.00117481776425076,1.89337044288155e-05,7.7631296380197e-07
2.49745745673778,0.0559099240795446,0.00531118559308218,0.00110643644652169,1.6814029226096e-05,7.65343164918636e-07
4.61360474967107,0.0536002391589467,0.00553212089893509,0.00248183789405448,2.41593550397807e-05,1.17271608731589e-06
3.62504038822055,0.046979306538579,0.00461457560879423,0.00197646912763995,2.11954076761104e-05,9.70190699967224e-07
50,0.551871687120971,0.0357940143860804,0.0227028960257571,0.000269605879478359,7.53917833360364e-06
50,0.74627075854611,0.0420606298434583,0.0264418223971275,0.000399053741468548,8.0807859411954e-06
50,0.611762819143715,0.0504961240858273,0.0177234956869643,0.000182491789611795,8.28851396920671e-06
50,1.05937464630479,0.0444183981446911,0.038508859596099,0.000386297491915213,1.24743266323588e-05
50,1.52489982864977,0.084943003779457,0.060638919648201,0.000526451657908882,2.95541158570275e-05
50,0.192644007949912,0.0180082607438569,0.0287826308024989,0.000217056613011467,5.98159425781814e-06
7.32544921283953,0.273505457424426,0.0353038896617412,0.00196125715592481,3.09923254045761e-05,2.81964423993823e-06
32.4164685500957,0.643412918807412,0.030657839658996,0.0215995176663067,0.000234267256298797,7.91074225841661e-06
32.1515505069765,0.481862326129176,0.0297430043413872,0.0173276416146816,0.000168085278771466,7.02342098629178e-06
50,1.80904289973279,0.0278696337325559,0.11056424602835,0.000879968627658302,2.06308157817196e-05
50,1.28846654286027,0.0308665443473986,0.0881428562916498,0.000746198380867206,1.82449797728758e-05
50,1.32899186430871,0.0499178327505714,0.0376743114377035,0.000379745409071997,1.30696884841521e-05
7.25343412537421,0.779029994392759,0.0199917215751568,0.0148320283930727,0.000333189110316055,5.18559844539427e-06
26.0765189374449,0.53498540254911,0.0331996440792024,0.0123915412368935,0.000149602767515439,5.9606895594031e-06
19.6576758946161,0.479547863402187,0.0181235827592433,0.0164361535613525,0.000205948491180257,5.59486918936097e-06
37.8833252154699,0.261178610721787,0.0247814752890838,0.0225289466715685,0.000115174441231372,7.88864594671014e-06
0.01,0.379133130301469,0.017816679529926,NA,3.55484532337988e-05,1.11719448416451e-06
50,0.967358265460089,0.111522313891511,0.0140909681207458,0.000116467580292294,1.25860215653336e-05
21.2363736257595,0.45701260665781,0.0369598634145485,0.00815720725941274,9.46027365693772e-05,5.51458200285462e-06
41.1746582868187,0.396925305132696,0.0721052689522211,0.00879727378041297,5.92401070724301e-05,7.75555277972589e-06
31.7622533622867,0.544185075730597,0.0269278448025596,0.0215720897331057,0.000210424143974772,7.84140286505202e-06
37.8770065271776,0.664667853602006,0.0378288121790033,0.0216480208789321,0.000205235286694934,9.06879576107772e-06
50,0.299021135709288,0.20738540771106,0.00292363638165155,2.29361264371878e-05,6.7093473920719e-06
50,0.0731844447993787,0.0854218644523325,0.00484081694318571,2.14462373976178e-05,5.02192979954565e-06
50,0.563213625055787,0.0574170203934626,0.0140955903935701,0.000148274919748178,7.62539323265851e-06
50,0.352862880927117,0.0909804504778611,0.00736909986169034,4.97821001132102e-05,7.28201860217532e-06
29.1933414611194,0.476845521146897,0.0558484318356321,0.00735647061864564,8.30469402379608e-05,5.72425001654487e-06
50,0.726248614774631,0.139373549681368,0.00876675806951878,0.000163562100094211,7.50457306541656e-06
50,0.472434867132225,0.0664536108230705,0.0125849507272281,0.000110697223515425,7.95891539541246e-06
16.5114770718962,0.680229343666828,0.0364348138038694,0.0106110523800619,0.00018044663113976,5.53698340236134e-06
18.8650871026062,0.626643163938766,0.0392919971847054,0.00907626837796832,0.00014339610406297,5.29519604216784e-06
12.1762191973599,0.642974552315102,0.03469231693231,0.00851184382507633,0.000164219292626396,4.84450051607557e-06
14.006464302067,0.63695604711104,0.0330609416918684,0.00937167239315839,0.000174754719766401,4.84102334652402e-06
0.01,1.02739048075939,0.0283179100802571,0.000141174699922551,0.00010120611343179,1.91010137935554e-06
17.3195485660592,0.490849912472516,0.0325739828368335,0.0076059570831762,0.000124984231315026,4.23408435231685e-06
26.4234026768403,0.231327322680511,0.0762214856786057,0.00412561334236527,2.35081324587557e-05,5.91975152406867e-06
50,0.646002052730971,0.0872037399461227,0.0115399500841993,9.3648547835993e-05,9.51588604592145e-06
18.6451782701166,0.668549346035447,0.0204886065126465,0.019275891368973,0.000283370804736346,6.15501527564771e-06
50,0.0266707924334927,0.021888012424002,0.0213798424240209,7.06674503025844e-05,5.74042954877518e-06
50,1.7233615517962,0.102348187122997,0.0199013758583507,0.000174404842999238,1.48862418230124e-05
50,1.04237937117139,0.0694123029889405,0.0189037570400124,0.000203111027519296,9.84686420286769e-06
6.82648545019417,1.07974196184092,0.0220451732322015,0.00952588522622219,0.000222617442738896,4.3249217381242e-06
10.0533159191273,0.780482803918588,0.0639438024119056,0.005383768693673,0.000100376911284193,5.61787432545679e-06
23.1256208712629,0.315140414084432,0.0715426793117545,0.00368274000233497,3.12893252968302e-05,5.16780225070619e-06
27.0087265208896,0.776935158663855,0.0332903302043541,0.0176754343624063,0.000226296840732196,7.02457657493468e-06
50,0.202781676779233,0.0488141048400719,0.0115496592302112,6.87023012231417e-05,6.18724025361015e-06
20.1049287472104,1.30547993290782,0.0101062731620476,0.0793085635699832,0.0010378101251429,9.83386804169025e-06
50,0.368416745274964,0.0313246955436428,0.0225217948924819,0.000186173682586791,7.17198254252378e-06
8.03465934041979,0.692608853852568,0.0163122500747574,0.0125253899382523,0.000272619584510818,4.29599378715778e-06
0.01,1.11144818665518,0.0186063905450873,NA,0.000177600369112678,2.14006327202662e-06
25.661249610658,0.746288937110414,0.0354457384921096,0.0172866644115573,0.000235925203516335,7.06772126430176e-06
32.755433875344,0.604075958931421,0.0461958613333901,0.0130768073566271,0.000145403342793475,7.14698727407845e-06
10.87005352221,0.827776005970308,0.035450775377284,0.00901203331163629,0.000181948712605533,4.97206394393302e-06
0.01,1.00424281647261,0.0209043135098184,NA,0.000133823929006485,1.98565757728946e-06
7.20234926798367,0.762802620282552,0.0262459731446991,0.0114704006877835,0.000264608340796931,5.0535939872215e-06
32.1671623832228,0.423195427962494,0.0298643311772516,0.0150246886008539,0.000158822177545529,5.99512516765546e-06
11.5332909734072,0.493427436766069,0.0191230742147581,0.00942653715269693,0.000181916897416604,3.87739121524406e-06
9.16251975558546,0.683043754932617,0.0243223144362156,0.00933005317535347,0.000204290014578095,4.20397551453565e-06
16.4792723252991,0.647922163140166,0.0191307594546924,0.0189243585650901,0.000318406731026516,5.60291822118836e-06
0.01,1.06803743256921,0.0145924103336956,NA,0.000225645813557275,2.23085483213353e-06
21.6038755060118,0.549169892568399,0.0358699082153542,0.00994857207691004,0.000143399496269967,5.36563290754046e-06
25.0441129272738,0.426722715313894,0.0333000261058262,0.0101220111707297,0.000116240789903262,5.45482189350678e-06
12.2752692592294,0.350282035353672,0.0259332050911276,0.00502542606446762,7.71976354734277e-05,3.51572010551446e-06
12.192888260333,0.416478537412834,0.0218332704851134,0.00716380194911339,0.000120944480626965,3.84110570559005e-06
0.01,1.10825275748581,0.0369354350999735,NA,8.4109901916827e-05,1.962830193787e-06
0.455127714630826,0.926299436922221,0.0361772577467456,0.00176196195575695,0.000106562895218111,2.19241922131936e-06
22.2040233659284,0.418372798170583,0.0103535928515053,0.0301931908935504,0.000347580848444185,5.71734703815946e-06
0.147058069192881,1.21770934523583,0.0206191539279323,0.00123958665504992,0.000184570261151404,2.0604473405444e-06
0.408855185489077,1.1832440702315,0.0230513795003013,0.00257924934403061,0.000189254240309783,2.34370878037218e-06
0.01,0.799143311604742,0.0162159516931679,NA,0.00013016079701502,1.8674849093708e-06
13.8378044205134,0.82095163784974,0.0180505497769076,0.0215813861321522,0.000355309517408044,6.20721734220909e-06
9.56526517332109,0.816369898396664,0.0192474964591163,0.0161551557487879,0.000299442911442874,5.62948232336308e-06
4.29212685923157,0.693190656637303,0.0211314877608473,0.00954501596591619,0.000245266398474571,4.3820565782819e-06
0.01,1.1985394970303,0.0305315370851938,NA,0.000118606267931473,2.11798444639471e-06
3.51475287975579,0.456687430741903,0.0157882666467062,0.00493102923319432,0.000138655944719229,2.68734201193082e-06
11.9099030358394,0.906452092636307,0.0204618574898782,0.0174440916750832,0.000298182845281616,5.99805680539725e-06
0.01,1.13913920630207,0.0292643661759735,NA,0.000115675577391007,2.08418879625156e-06
12.1364110830247,1.274012780307,0.0321998924189329,0.0149638676821056,0.000235313277207669,7.20217392593824e-06
30.7809221098325,0.357424287582903,0.0214684705632159,0.0181649278090151,0.00015953734210704,5.95131150756403e-06
14.3860710031192,0.199581325976865,0.0333538419467563,0.00376769786543817,3.1092293829697e-05,3.78840440067151e-06
50,0.39777534895921,0.0722235646454803,0.00995210744958265,7.30629457816101e-05,7.6149565190606e-06
7.99296346794378,0.639103106043725,0.0366915105650491,0.00506637826332217,0.000114692709974879,3.76509056557916e-06
7.45244360224226,0.515596313159801,0.0240656578628865,0.00566570851050536,0.000132143095278518,3.2883928223358e-06
17.7799645261025,0.254674956065937,0.0270518703158471,0.00609629933015648,6.20990436503639e-05,3.95146205236276e-06
1.67339069884951,0.521799582378919,0.0185997565729053,0.00402463471309987,0.00016180865299092,2.23888801079284e-06
0.01,0.59217785979473,0.0233965685063159,NA,4.27373630062579e-05,1.31537709691451e-06
11.1582658058661,0.596303149204992,0.024346709330206,0.00967846518260933,0.000183553829225847,4.57763128242926e-06
9.16995187502888,0.516282933741,0.0184760522390883,0.00880225473231095,0.000187524653082113,3.70986662359292e-06
0.01,1.57757133567134,0.0203922768015545,NA,0.000264418037317477,2.46931719337244e-06
19.7088580345609,0.609727437295031,0.0205259261433466,0.0193441473525,0.000274351390508793,6.20506667960215e-06
0.01,0.9258083998063,0.0242085524622967,NA,0.000116737807287937,2.1175808570194e-06
0.01,1.56562217260922,0.0415738265993785,NA,0.000129926666410609,2.42955336587744e-06
0.00999999999999942,1.17498328148156,0.0347220015235494,NA,0.0001081552111684,2.23340659473426e-06
50,1.00447112737023,0.0877353110704727,0.0170074410219743,0.00017157924212842,1.12735216474966e-05
50,0.86194812543319,0.0414877607199078,0.033523793719447,0.000457869314737087,9.82331691739886e-06
50,0.773646489553162,0.0470461483921336,0.0241698713924912,0.00022912150225356,9.97098791731549e-06
50,1.34188039988482,0.0545277294379309,0.0509211997761126,0.000556013331882108,1.65313660077375e-05
50,0.710100307527113,0.0582354829237789,0.0202282299397176,0.000159200642500957,1.08594623304777e-05
34.6927629163498,0.248825523544202,0.0291885275984923,0.0151421507644589,8.32147926992676e-05,6.72096749999911e-06
31.2264607713857,0.486493613538453,0.0567239755116577,0.00847971040302009,7.87578059962731e-05,6.80471127300754e-06
29.5850915676774,0.6678180692945,0.0941505233686901,0.00621363931266355,6.69906455635177e-05,7.42822917138786e-06
25.8145426508522,0.558900562716621,0.056926067653114,0.00751478066318387,8.4098526572557e-05,6.44140277143343e-06
0.01,1.33134207976318,0.0382188786003207,NA,0.000112230862302122,2.25667387698179e-06
0.00999999999999942,1.32964322276195,0.0296905379123371,NA,0.000144874040752444,2.28146397294526e-06
0.01,1.25573865932164,0.0298253488317087,NA,0.000130560983220041,2.17889653824155e-06
9.60514580142939,0.387666663706843,0.0250635718070976,0.00474363226962517,8.57586994520296e-05,3.39607328200986e-06
28.0802778940477,0.61044002148407,0.0572264185666778,0.00893503831049282,0.000105119415220081,6.70091457609293e-06
0.0165015976044387,0.01,0.00156725404868573,8.80428074822321e-06,NA,7.40433604834793e-08
0.01,0.01,0.00139341593091767,7.22716788957555e-06,NA,7.38325119734571e-08
1.67267190146326,0.174410306076504,0.00622230455845433,0.00177431078241366,5.4857893258896e-05,1.0646263474982e-06
0.625398422823461,0.256989273561675,0.00274221989151353,0.00362211219206947,0.000189902812664382,1.03368224723247e-06
0.457300666243552,0.28451036671515,0.00285576820696834,0.00371424186062942,0.000224639699765197,1.04267940969994e-06
0.01,0.327599962659419,0.00297257946612003,NA,NA,7.57906471713589e-07
0.01,0.209733616469274,0.00216500143040947,NA,NA,5.90455903078559e-07
0.716380707074953,0.158883301712081,0.00101259042839913,0.00340650174245553,0.000142179739700553,7.74620286081992e-07
1.73500697754316,0.156998916239185,0.00660138219877266,0.0014200276902723,4.17764760721512e-05,9.72672401663623e-07
0.01,0.0800549875847312,0.0017904215490037,0.000126059180642863,2.90586171417343e-05,3.42706621918022e-07
0.13937370624157,0.0160454211957991,0.00180305253102192,5.57041881737483e-05,2.25295899745164e-06,2.29906839593712e-07
0.0282182066109027,0.768520764094901,0.00189411669686164,0.00160211439411391,0.000768690486834465,1.81808925601343e-06
0.01,0.119508756244124,0.00181293010869337,NA,NA,4.2230055654435e-07
0.01,0.224098827160621,0.0104993020818811,5.63558882590606e-05,2.56422112064805e-05,6.9540101940034e-07
0.805692560034014,0.220622628622327,0.0147153759431637,0.000607663905912607,3.06296035936081e-05,8.49447169535209e-07
0.553744154911648,0.178276050139689,0.00851644045571101,0.000596945692103804,3.44574143933003e-05,6.76489908173824e-07
0.534446903738157,0.0702605205597119,0.00392774950269572,0.00035328555938147,1.4495808413825e-05,4.41041676981538e-07
0.0812633197215332,0.0105655815610623,0.001,4.11635078662213e-05,1.59977530802571e-06,2.0997376670486e-07
0.28523234781003,0.0362823568786825,0.00283331570416889,0.000137666528559374,5.96678723128295e-06,3.05721694796321e-07
0.413395666544439,0.0480006796893981,0.00316994938401886,0.00022574564377832,9.11963481748422e-06,3.59671512624281e-07
0.111050333829144,0.0108218734445528,0.0011028091908173,2.74661284341821e-05,9.72080872379968e-07,1.16423929234386e-07
1.84309511365677,0.398367778035836,0.022239828830931,0.00159183401880308,6.37784861330689e-05,1.61253829860183e-06
2.07710394840233,0.157171512606162,0.00523247206379656,0.00198944488642876,5.42951095124637e-05,1.03027508773266e-06
0.284666058685508,0.726023099198034,0.021330649065777,0.00164827297832208,0.000136245217895181,1.69678326249701e-06
0.01,0.625496763548148,0.0258321858005052,NA,4.26201074840734e-05,1.35584788962153e-06
0.221177933785005,0.173518377416265,0.0168952272868942,0.000232197633502518,1.86306598067583e-05,5.81200141830813e-07
0.119561768059706,0.146337037081438,0.0132881788905149,0.000155273245891402,1.61241097637369e-05,4.87790264270808e-07
2.96722929135005,0.585428951852171,0.0295829063469639,0.00233177999970714,8.48453733055995e-05,2.13805827237453e-06
0.01,1.26616791592397,0.0214745656935895,NA,0.000167970493694461,2.0589976523112e-06
2.68139509244738,0.296822918563522,0.0154770218396798,0.00195218614468351,5.98130568640365e-05,1.63866123066401e-06
1.26845956424048,0.179655025475893,0.00483531543543826,0.00188907346443285,6.72343067948538e-05,9.74212711468602e-07
0.01,0.251439848928873,0.00357891951298424,NA,NA,NA
0.136788666018752,0.0220298025762969,0.00174583020192241,6.90086760285054e-05,3.36545054145596e-06,2.41558989307557e-07
0.431702263286626,0.574484244766303,0.00843941478107333,0.0025982525748533,0.000215694367983095,1.5985798911584e-06
0.242448049522764,1.02418169731245,1,1.70793661146688e-05,5.44138381258619e-06,3.17968808919934e-06
0.01,0.278271162724828,0.00423085802163193,0.000197182080924673,9.69268837937832e-05,9.42147671775265e-07
0.510346899441655,0.221312365738213,0.00411533162674237,0.00219905823400972,0.00013070341877182,8.41794683519205e-07
0.01,0.332724610357426,0.00424688182948968,0.000234631122097778,0.000127971489842921,1.09372972167541e-06
0.498347259825959,0.251322051281542,0.00491724952002238,0.00248539912903605,0.000152716008843522,9.20648867968195e-07
1.59610614795694,0.315475780388409,0.00733734305596382,0.0047525960138309,0.000182213564883752,1.65606004270043e-06
0.01,0.298574278618234,0.00360844052579638,0.000202969749391076,0.000113275192397022,9.56259227403531e-07
3.1812073441211,0.12609882521895,0.00381186277728888,0.00335465218286596,6.06786240931879e-05,1.21395069755431e-06
0.504803408803587,0.168456041415441,0.00396670531011551,0.0011462892488885,6.39247899042366e-05,6.97249022422603e-07
1.24797663619111,0.1762250224267,0.00569837250910862,0.00146094209694853,5.51193647272799e-05,8.97561848462638e-07
1.17851229441268,0.123597835719172,0.00552142745714128,0.000950576310549336,3.15361019576783e-05,7.3958982789271e-07
36.4264814616299,0.416698790807553,0.0180587980522144,0.0309110822022229,0.000270722553590913,7.29150807472235e-06
50,0.222775925602916,0.0270330255977588,0.0195182378395435,0.000139534540905102,6.0509470436214e-06
35.9310865828733,0.129617162754467,0.0165521088049073,0.0268735417456297,9.11749753575045e-05,6.99053700223445e-06
3.98053654519356,0.114363350469879,0.00445401475208964,0.00384772040746566,5.27336969112158e-05,1.4536924682916e-06
9.02775035207621,0.202336277984854,0.00811419945211287,0.00808820821426665,9.88255809846232e-05,2.74563227037074e-06
30.4496847498722,0.119638006501704,0.0163199730077121,0.0218109821036878,7.51302322512744e-05,6.4506841778143e-06
50,1.23638630721901,0.0538119691140027,NA,NA,NA
0.01,0.477021757527681,0.031985674762511,NA,7.11459101667668e-06,9.37537209576627e-07
0.01,0.301519857187234,0.0208695725656403,7.09678799845486e-05,2.87315833448321e-05,1.03756485673697e-06
0.01,0.24740199108484,0.0138841883302168,7.59322435913094e-05,3.02032806274051e-05,8.65755658551551e-07
0.01,0.336720842750309,0.0302549538247182,NA,1.21420528045711e-05,8.73685741662128e-07
0.01,0.315713339964427,0.0244600720206875,NA,NA,5.67403665196063e-07
2.53743372741528,0.401366334101158,0.0603897445502711,0.000914537085925486,2.82393338226357e-05,2.21186520113912e-06
2.23256700419874,0.292378979830403,0.0598344343521804,0.00049115839999292,1.53924321406316e-05,1.685324698142e-06
0.684921271916596,0.299249126382898,0.0445781090337384,0.000394559722324607,2.072898881333e-05,1.16612986180887e-06
1.51575983951138,0.144514309750677,0.017018724930095,0.000463986923737777,1.43462390700608e-05,8.44276145897839e-07
5.49535943475097,0.205379478849946,0.0296820637411081,0.00108349531863104,2.02699738479092e-05,1.66838268266066e-06
2.75619553681659,0.191648891951089,0.0230765991907545,0.000744512364090597,1.89455669423312e-05,1.24676684739507e-06
1.81325396939119,0.20409942944964,0.038037782406283,0.000377887750224762,1.20203325542784e-05,1.15451561924416e-06
2.76918350357573,0.354216829228568,0.0214558897495792,0.0019781580126254,6.29674396679021e-05,1.876884075164e-06
4.58701524853476,0.557176979110776,0.0140440790191861,0.00738415750466276,0.000229411400318622,2.70627314266486e-06
0.01,1.06036515623748,0.035438960241774,NA,7.95508488691501e-05,1.85658784260495e-06
5.03103036731326,0.27379100644803,0.0450630085343959,0.000958982822782643,2.07333083310518e-05,2.02137629384431e-06
0.147464929453249,0.436497441654365,0.0255908690685722,0.000420967894706644,4.97681851092199e-05,1.17004598965102e-06
28.1855651797634,0.561294980885578,0.194918225210019,0.0026509392006337,2.64557336445855e-05,7.39296332701283e-06
4.88428337048327,0.148656522688213,0.0773552997492633,0.000451721967144034,6.24357605799272e-06,2.15539105431835e-06
26.603585674414,0.731010432084906,0.226808281920973,0.00278541910971104,3.01515004025301e-05,8.5574069995592e-06
13.5199007669839,0.321841129858051,0.167075039681024,0.0010097421923584,1.21680405753855e-05,4.45927835416482e-06
3.70065002660732,0.333715197058977,0.0677091454345062,0.00070758838640077,1.78557097564332e-05,2.19875911350193e-06
3.62031286194472,0.23335621719904,0.0283765009361526,0.000947682270211637,2.28518465275745e-05,1.56558553222395e-06
2.13323100413979,0.249729029664422,0.0160672685656207,0.00134223481646486,4.21038311995893e-05,1.40220857942859e-06
19.0612407524531,0.41377124378827,0.0279610915152517,0.00849715338063534,0.000112046184894531,4.67826190575755e-06
3.51432943562946,0.182781804253592,0.0124614225273684,0.00179864794527392,3.72283804810708e-05,1.53260788436867e-06
3.63351801618264,0.146747242296503,0.00715739373255513,0.00271671793020189,4.62194731556508e-05,1.51013844418068e-06
6.49907682833017,0.201875274016173,0.00960024529000592,0.00457148028143954,6.94845299604201e-05,2.20155504160038e-06
0.01,0.388640278948068,0.0364074792090581,NA,1.55223087688626e-05,1.04407219598333e-06
0.01,0.344829011503846,0.0278744021760081,NA,1.41513527551254e-05,8.92723540874353e-07
0.01,0.319072688815619,0.0227475304102603,NA,1.18653506548034e-05,7.83966877557788e-07
1.57112193499257,0.327088819024601,0.0232798124416998,0.0012627757150988,4.91832149188905e-05,1.49506668214922e-06
3.50292402751258,0.283713897627278,0.0365593739154964,0.000991771156324897,2.55077453920555e-05,1.85659540411024e-06
10.8636960370769,0.335480707751601,0.0965068149335677,0.00126100041385907,1.80427120147398e-05,3.65816802956979e-06
0.01,0.311505654176683,0.0381847644648358,NA,1.0364840744022e-05,9.15247646764194e-07
1.06234105065133,0.142888099651509,0.0063439653452853,0.00100535672224707,3.59387296228299e-05,8.09076137358651e-07
8.15254430164115,0.145549644893156,0.0171502504924852,0.00285358264191694,3.01010300106495e-05,2.2832048254467e-06
0.01,0.771351240423981,0.0118265034493497,NA,0.000162356771019368,1.81984113511308e-06
0.810143506983939,1.10072008522868,0.0114917626791623,0.0046246997769567,0.000337923413229214,2.35189637073781e-06
1.59072227477931,0.695190796366409,0.0148282350725266,0.00411516027341295,0.000197522975684097,2.1207025541309e-06
1.80868517601453,0.307753640450976,0.0128727036822018,0.001719038276127,6.68025803455415e-05,1.34626069080724e-06
3.14117268168336,0.355578872406556,0.0162537405306276,0.00230734518860614,7.45727432858905e-05,1.72999695042247e-06
0.01,0.980926090439501,0.0430663836811701,NA,5.80129920283921e-05,1.77497328537554e-06
2.45839749016862,0.269917376292503,0.0705085565627924,0.000429147418667065,1.20229764853161e-05,1.81933937393217e-06
0.835271446115863,0.329118418319254,0.0256903221712807,0.00101909197414779,4.95710409261232e-05,1.28862042781014e-06
0.0792994359672966,0.25692433760258,0.00933656431251684,0.000421749235412814,5.99738066656472e-05,8.1198364288424e-07
1.17836894115866,0.263679355717489,0.00779435687675826,0.0018543077417867,8.18495517994505e-05,1.12332607090019e-06
0.01,0.555439991730535,0.0175284336362548,NA,5.75727064177312e-05,1.34098108992152e-06
4.59598434778719,0.224937914769631,0.0103897128541251,0.00307663917542927,6.52275916892886e-05,1.76888496172651e-06
2.22006296176755,0.36416182813058,0.00838895321999432,0.00428804302968747,0.000152644495146851,1.7891719379376e-06
3.46197424428152,0.305878104550647,0.00398132212277472,0.00884865866865184,0.000236627328404551,1.99033398964045e-06
0.954989420377907,0.557168704646036,0.00726981781823566,0.00485238379496601,0.000284069794417411,1.80008754476812e-06
