,H_actual,H_predicted,H_sd,H_CI
1,1.45848816987829,1.47030176817899,0.342891287959372,0.0115771135985971
2,2.23662292541053,2.27963051586594,0.0421466641772206,0.0421466641772206
3,2.33714305420761,2.4800840385684,0.595978599020514,0.14007959063092
4,2.41717029707383,2.40169974103752,0.925811838150724,0.0151608663259929
5,2.3045708320036,2.47403407726836,0.166070928711103,0.166070928711103
6,1.20507158571519,1.20507158571519,0.256294514155238,0
7,1.66750206412735,1.65467585391262,0.426202762960212,0.0125694550395051
8,1.85980843168108,1.8896402230555,0.533925886003689,0.0292346183440881
9,1.75248539692764,1.80252781728424,0.549451375031786,0.0490406707990775
10,2.31129096125655,2.31118136213877,3.06725362790725,0.000107405161787828
11,2.05290920627402,2.14537162071753,0.800318131592155,0.0906115011164417
12,1.65455735792317,1.68293568051645,0.536285383914871,0.0278102451122391
13,2.21773667360324,2.24709189229663,0.0287675856986718,0.0287675856986718
14,1.37246421789374,1.37757758365463,0.277545671794254,0.00501100636556227
15,1.78563887051028,1.86148938908069,0.405525209567702,0.0743321423033487
16,2.16153577307528,2.16074420606204,1.22616928096553,0.000775721418651379
17,2.42890443633258,2.38549719345993,0.876356735567352,0.0425383163492891
18,2.47820041169578,2.47322051766511,0.747053622655307,0.00488020647346787
19,2.26585657521578,2.28824520602148,0.257439031239456,0.021940455021174
20,1.32123436824893,1.32122777391954,6.46232405687383e-06,6.46232405687383e-06
21,2.53737794645642,2.53589679536584,0.548603993247998,0.00145150139660267
22,2.3117609336281,2.33919684309013,1.32983469915715,0.0268866972143413
23,2.43059796282927,2.3995423844794,1.14184028787175,0.0304339075424079
24,1.94773733681181,1.94923478348322,0.406253485773673,0.00146747077236774
25,2.25414220260045,2.22740736022496,0.561880774873314,0.0261996640941566
26,2.48122587271948,2.50976547152984,1.32951530085252,0.0279682929007602
27,2.21145044451427,2.25701696786063,0.617676168907481,0.0446543723297924
28,2.55591402005242,2.6113973296848,0.74167647676501,0.0543726443112788
29,1.84961948421957,1.82766662635241,0.628175765388917,0.0215134053886843
30,1.80145294317051,1.7785174597261,0.52021773745434,0.02247636075953
31,2.12110496610463,2.16401768230253,0.634561452741171,0.042053689113341
32,2.43400884285418,2.45754497300369,0.023064983714249,0.023064983714249
33,2.84191351377063,2.86853565425304,1.91109599598112,0.0260892182684458
34,1.93413616468036,1.9501901322312,0.44875633838442,0.0157325991043155
35,2.20672645074174,2.21117999809216,0.00436439620512949,0.00436439620512949
36,2.23644507073836,2.25588265960725,0.957960213070836,0.0190484870646658
37,1.98334337030752,2.01067641759901,0.653509189456826,0.0267858941395338
38,2.67443202708414,2.70936984179011,0.117617214570984,0.0342384292611219
39,1.80205686889174,1.84180275955423,0.370115727315216,0.0389502571159685
40,2.89939426621783,2.91386314837626,0.014179243963533,0.014179243963533
41,2.13074718489765,2.0906092145362,0.773233196105191,0.0393344881604838
42,2.87107513411427,2.90427590819478,0.560847477737043,0.0325361607283164
43,2.19411312616041,2.41033036177278,0.563236085002126,0.211888997318523
44,2.58315896035312,2.62539324522691,1.82313617589739,0.0413888386327179
45,3.04292699853386,3.07041720181535,0.203186141298814,0.0269399041796983
46,2.32051623759054,2.3228023253543,0.813573677976758,0.00224032484124023
47,2.93120978951666,2.88715040030971,0.780283731991573,0.043177408013227
48,2.75817860657891,2.77414335425426,0.0156451652329768,0.0156451652329768
49,2.68150277646634,2.71985384400957,1.36626353292531,0.0375833555766914
50,2.44948934345739,2.52455464340154,0.676029728165877,0.0735626421896186
51,2.36232276935551,2.32694911159158,0.0346655476093793,0.0346655476093793
52,2.75591137259613,2.7888419841923,0.0322714063586852,0.0322714063586852
53,2.19295637557481,2.18054090992355,0.784108533439812,0.0121669327638841
54,2.16362020889227,2.16802073266145,0.967880972235655,0.00431243405034956
55,3.04057006721535,3.08104917725813,0.0396687989050422,0.0396687989050422
56,2.80929783623504,2.83402099080191,1.72867105483496,0.0242282462676496
57,3.25034236548827,3.25820037622379,1.18355892601144,0.00770070901587736
58,3.22392249637768,3.28241962850859,0.288028618404152,0.0573261360877311
59,2.74679694210264,2.75228154052881,0.397091788337917,0.00537480769248478
60,3.09531199547636,3.10001924859083,7.04925139159005,0.00461302328523636
61,2.43653309743818,2.45540524850207,0.976447752291683,0.0184943681980108
62,2.72186875265099,2.71936537202237,0.933594392728733,0.00245326793584706
63,2.7440881769142,2.7731211795986,1.70646562558614,0.0284518198122375
64,2.97272965842496,3.01301456934579,4.7622792331437,0.0394784872626126
65,3.00197788383538,3.0406763848244,0.0379238340970866,0.0379238340970866
66,2.07454222907054,2.21567513303295,0.487545667508026,0.138307704399934
67,2.78132830067272,2.80284768899227,1.51515802948664,0.0210886130378253
68,3.09022342543887,3.06243084247757,1.41034048136818,0.0272362308207482
69,3.37611540338373,3.38911008061908,0.012734549685996,0.012734549685996
70,3.03006017924698,3.38942432677146,0.893677187083805,0.352170393241457
71,2.90169575265162,2.90233337385436,0.00062485729657924,0.00062485729657924
72,3.10377354776916,3.11893287441934,0.321690030687104,0.0148558671321233
73,3.19926636730838,3.43157708624648,1.04305332516712,0.227660321170638
74,2.82614018732224,2.62213336988642,0.199923007387427,0.199923007387427
75,3.18324525001746,3.18367903081089,1.37193985201587,0.000425097366154477
76,3.14421329454138,3.13947778094353,2.16386082714409,0.00464071805004302
77,2.6944426393973,2.65240538513212,0.0293086232532374,0.0411957521843507
78,3.25770223682876,3.26180948802048,3.23325015523002,0.00402503220561233
79,2.60435344022775,2.57777237230196,0.73932133697368,0.0260489679025794
80,2.49105096462921,2.49932224424527,0.00810570507677395,0.00810570507677395
81,2.03518902692634,2.34532041089354,0.555252087197336,0.303923171525636
82,3.32324156283136,3.31764190632417,0.00548756253994482,0.00548756253994482
83,3.40351892657791,3.42313214708686,1.08660288403832,0.0192206029091899
84,2.43208076303526,2.45292513729997,1.31693063364586,0.020427111419548
85,3.13609122019884,3.17080445589345,1.44392489828749,0.0340183458741447
86,3.54505541068793,3.5503775435519,0.00521559436715485,0.00521559436715485
87,3.64246939718515,3.68510893971483,0.0417859838377189,0.0417859838377189
88,3.5574938553223,3.55149531466061,0.00587846182835446,0.00587846182835446
89,3.64748808767744,3.6706278001394,1.04283815864118,0.0226765015190251
90,2.23660254787602,2.29458308366869,1.77059263695505,0.056819880978986
91,2.8108068277809,2.80941738936541,0.0013616246265521,0.0013616246265521
92,3.70619063409948,3.71949413972586,0.0405358875723071,0.0130371959479205
93,2.9878920477086,3.02002761366825,1.29028732239994,0.0314922759518575
94,3.34729360087201,3.35773378795369,0.95330445395274,0.0102311953359691
95,3.30171986340639,3.32152290713446,0.0194066262456385,0.0194066262456385
96,2.21075808577986,2.56859361697205,0.501392650021106,0.350672376762726
97,3.77844893467458,3.82570002990365,4.29722965429155,0.0463052224395284
98,3.15334919545115,3.15313593031206,0.724308019762367,0.000208995995880016
99,2.61424262956618,2.62022249173899,0.56675903470329,0.00586015724561094
100,3.71317214612047,3.72385548419953,3.38193052040212,0.0104694789348176
101,2.38818429979205,2.37482591255284,1.97403147247736,0.0130909789402031
102,2.60648296469101,2.56918226309914,0.0365540158590684,0.0365540158590684
103,2.65150983334505,2.64219323928604,1.4403109589441,0.00913009440711806
104,2.95270817729257,2.91285126786608,0.436743429408227,0.0390590535055042
105,2.66802627198753,3.0417745313572,1.14906183530805,0.366266563824551
106,2.59535664915758,2.58433699780003,1.74282532617005,0.0107990598914875
107,3.95479880247019,4.0078199093655,1.83624768644628,0.051959729967629
108,3.05643707663461,2.99130208889974,2.34228572628402,0.0638311150469033
109,2.62659379263365,2.63722090099616,1.66204832018557,0.0104143748251633
110,2.98227815832375,3.01311713070927,0.0302216375979212,0.0302216375979212
111,3.42670762785946,3.46202503962047,9.48300315066579,0.034610427539377
112,3.60878988956234,3.625061170074,0.0159455618926022,0.0159455618926022
113,3.64887503719121,3.65432024207079,0.00533620272620264,0.00533620272620264
114,3.83333919163806,3.84200680479568,0.0365969424838342,0.00849410481043012
115,3.95618488069844,4.00309340891156,0.0459695129327421,0.0459695129327421
116,2.72134865351816,2.88906187739124,0.164355939261172,0.164355939261172
117,3.47872612147631,3.51660942934461,0.0371249595185542,0.0371249595185542
118,3.94678769060026,3.96008258861251,0.0467433797351506,0.0130287606410716
119,3.98011339419342,3.99210017397544,0.0117468283316927,0.0117468283316927
120,3.76337579987929,3.79635413983365,3.13476316484931,0.0323181792902325
121,3.26257394566534,3.29968736085518,0.590126099179094,0.0363704785576893
122,3.58347835190724,3.61404786943308,0.961121672111153,0.0299575766877038
123,3.7777898622816,3.79178864387212,0.594373618413648,0.0137185538724349
124,4.28646768757869,4.36870395224456,1.58578878666364,0.0805900584841033
125,4.05955524583043,4.06679621878416,0.0392442772502829,0.00709602310117008
126,3.97207792512094,3.98259878079756,1.0965553981442,0.0103102491063589
127,3.81355729770748,3.83924746344284,0.0251758997990823,0.0251758997990823
128,3.90422293206805,3.92078283823303,3.85229694656299,0.0162284098353635
129,4.01213976681566,4.08457293159135,1.77901121347758,0.0709831971232988
130,3.86900718187454,3.89277645934483,0.228593608402506,0.0232934638901565
131,4.30662719167698,4.32371414902117,1.18375684398668,0.016744910499998
132,4.22958469405134,4.24463492095988,0.0147489513499483,0.0147489513499483
133,3.68408312214153,3.68740194430911,0.00325238595977971,0.00325238595977971
134,3.923427368341,3.94694788984551,0.504309118991521,0.0230496875232186
135,3.39790629616248,3.41563155027341,0.0173704298371196,0.0173704298371196
136,2.90259790419621,2.9284597496652,0.718329300189443,0.0253441428464746
137,4.17131797294988,4.18219088295742,0.00386696561614568,0.0106552560109596
138,2.89093425234815,2.92490262692351,3.65613617151996,0.0332883953905348
139,4.54016562504837,4.54853434395099,0.857841932396071,0.00820119382293306
140,4.16979269404212,4.18030316299554,0.0788082027905107,0.0103000703046658
141,4.46807958912809,4.46878541952973,0.000691701083203774,0.000691701083203774
142,4.61445182841695,5.97890883200753,2.9830683873709,1.33714329274549
143,4.50579907914912,4.51397131961485,0.0964918754344117,0.00800864849291849
144,4.31897835442381,4.32465783354463,7.50418215410467,0.00556578726387558
145,3.55991994244364,3.57688695683323,0.150158554070644,0.0166273685643882
146,4.46131583966011,4.47314830693829,0.0115956048567466,0.0115956048567466
147,4.38545417148296,4.38631540346922,0.000843991837700858,0.000843991837700858
148,4.24299131330281,4.25034532156574,0.318928749017703,0.00720679566867658
149,3.03729129440095,3.05680937037914,0.0191273629823827,0.0191273629823827
150,4.08366184801091,4.10783765142373,0.0236918519932285,0.0236918519932285
151,3.83672703504058,3.88180259005371,0.141907571888469,0.0441732322044407
152,4.31637834267035,4.32450308302865,0.00796209924299876,0.00796209924299876
153,3.86814828786923,3.79654036712022,1.68872575490122,0.0701744728379296
154,4.26658391202032,4.27632613942716,0.1373628145628,0.00954720742329505
155,4.11313128074506,4.19167000782744,3.13142070500111,0.0769665382365479
156,3.89296110290554,3.91138027348858,4.71600180929941,0.0180504554839332
157,4.32949716649167,4.3385719779096,0.0177037779668525,0.0088931517728189
158,4.58124649067056,4.59435435429936,0.0128454703133511,0.0128454703133511
159,4.19991079404219,4.27942791304498,0.0779253446999199,0.0779253446999199
160,4.54844148363531,4.55060559106661,0.00212078631200556,0.00212078631200556
161,4.79855961812289,4.80657331407631,0.0193148294239831,0.00785327772587905
162,3.83126838483566,3.85366777301004,2.1673071771704,0.0219509970487519
163,4.31209718640707,4.93715440977232,0.612544823036249,0.612544823036249
164,4.38000348320172,4.43754554378527,4.1962124722432,0.0563901831699912
165,4.82531913460452,4.83360811173034,0.00812304831763882,0.00812304831763882
166,3.9715348943242,3.97953319061868,0.00840358069733359,0.00783818633743593
167,4.03087055065041,4.06663260413759,4.49264943079365,0.0350461684240366
168,3.95381932000876,3.99170800122052,0.0371302252983867,0.0371302252983867
169,4.01926450023143,4.0252953395096,0.00591011389087576,0.00591011389087576
170,4.39927424681047,4.41075129862253,0.371913866570822,0.0112473041001756
171,4.58504651795047,4.5950587559045,0.0098118128972688,0.0098118128972688
172,4.58022112097686,4.58946812511083,0.0090618975337439,0.0090618975337439
173,5.0234136934152,5.03186401681029,0.0806500411649545,0.00828116475604294
174,3.72266910103634,3.68344976353238,0.0384342445026487,0.0384342445026487
175,4.34400483407931,4.36118017448074,4.55934581025005,0.0168315243045133
176,3.44801230854637,3.49388704679487,1.91766437749843,0.0449564173836333
177,3.99641080107292,4.02417763176462,0.0272109940602802,0.0272109940602802
178,4.34182497302075,4.35013931346333,0.0015546235995637,0.00814790391132847
179,4.8185343674141,4.82748811269461,0.00877450913827011,0.00877450913827011
180,5.10903089529981,5.11735512538958,0.0576744000932,0.00815759558748115
181,4.76524975341271,4.77408005965276,0.00865354110148375,0.00865354110148375
182,4.04060804750667,4.05593841056532,0.262348266944832,0.0150234797324398
183,4.73269881227143,4.74256693554366,0.00967058310428679,0.00967058310428679
184,5.17354827428497,5.18574168190856,0.136354425733355,0.0119493198955235
185,4.53417769819177,4.54710069719244,0.0289214022944839,0.012664306306783
186,4.62397607178859,4.70151029304571,0.0759821406166577,0.0759821406166577
187,4.23276748139521,4.31776468962147,8.81873083962482,0.0832957334549578
188,3.83666346804293,3.84710605332232,0.0563305459154517,0.0102335455265473
189,4.88893465935885,4.89357793089805,0.00455032249363133,0.00455032249363133
190,4.06250488126786,4.07041542918531,0.368985530157073,0.00775219450808923
191,4.24520753378261,4.25336888292255,0.369217778275787,0.00799797518976656
192,5.15184024745262,5.16058575211947,0.135407932377914,0.00857043708682461
193,4.57613219748182,4.5841351810212,0.0461448573699553,0.00784277975303194
194,5.30601119482387,5.31627829574,0.127770452270198,0.0100615740106216
195,4.97290453979782,4.98289223317785,0.133999864332107,0.00978775965674007
196,5.06118695711387,5.08007907380422,0.130685599140814,0.0185139341524122
197,4.77211344057977,4.78183285044816,0.00952484664650806,0.00952484664650806
198,5.45124205712582,5.45804716875267,0.273400316213141,0.00666888684970032
199,4.69977222923072,4.70798744224521,0.0343364571183628,0.00805076081686726
200,4.16297240761317,4.17428183233609,0.523110997863169,0.0110830325713922
201,4.94902904431243,4.9605524729804,0.199027267058229,0.0112927525838214
202,4.17954728440248,4.19167996407088,1.0401901824039,0.0118898075930162
203,5.28481762315062,5.29310476655375,0.0081212513024228,0.0081212513024228
204,4.8486097757922,4.85487992221893,0.071776699323426,0.00614463058708999
205,5.32749451392805,5.34331956034834,0.0155082605187139,0.0155082605187139
206,5.02743010071529,5.02759908170578,0.638381884673198,0.00016559832771627
207,4.65898845584091,4.66846644426574,0.436309557329401,0.0092882579792784
208,4.56775823651635,4.57597966027362,0.0438216914202752,0.00805684723294469
209,4.92023823775062,4.9321152653798,0.0854606457558003,0.0116392731982891
210,4.640287143763,4.64852736692314,0.0197647069990088,0.00807527030922269
211,4.19129808093112,4.19922111726489,0.0107412245846722,0.00776443293119976
212,3.98122703284193,3.98838645474056,0.00701610453572016,0.00701610453572016
213,4.594935623276,4.60397162065618,0.86508946062619,0.00885511471477305
214,5.21404203652342,5.22175937457964,0.0578491932617863,0.00756285232335391
215,4.53618185440916,4.54569587102012,0.132101988006016,0.0093235649529039
216,4.99997994465799,5.03183845273897,0.56397776498177,0.0312207642199588
217,4.76556530963195,4.77612871691793,0.0173593471467807,0.0103519489172722
218,4.21847654046236,4.22684451368774,1.16409736002186,0.00820046307266586
219,5.49967109235881,5.59202117060538,1.31077897650161,0.0905014136663681
220,4.52110070446454,4.53396587753929,0.996518108618824,0.0126076379406885
221,5.36652416780536,5.36985245324485,0.0478026237716929,0.00326165979583434
222,4.39109753983559,4.3985183291978,0.00727223994339045,0.00727223994339045
223,5.71568138791542,5.72478119213197,0.115906054313457,0.00891764426539858
224,5.82577156285076,5.83458375156814,0.423638130203338,0.00863578625552119
225,4.23149163817223,4.23939792575108,0.425191782244819,0.00774801945298101
226,5.05492192318141,5.0651111012734,0.0980605896833879,0.00998521104618295
227,5.16162684546152,5.17003100317818,0.00823592322252641,0.00823592322252641
228,5.36802094665822,5.3774938007318,0.0701148704649029,0.00928322640750365
229,4.73342114110882,4.83654391130795,2.18734496731775,0.10105845778815
230,5.55375766154845,5.59034221498149,2.16531302441482,0.0358522035596183
231,5.23722771828668,5.24188008413711,0.00455923475487,0.00455923475487
232,5.52103144939067,5.52546169954282,0.0452470090249023,0.00434156537035663
233,5.4352931017918,5.44050890891419,0.0766937051484271,0.00511139705509595
234,4.71232023946425,4.72367317253607,0.0111256699698264,0.0111256699698264
235,5.78875926753454,5.8019703500554,0.2370567474797,0.0129466229688348
236,5.69105067754747,5.70059426271888,0.00366007597343631,0.0093525416096743
237,5.75998628587003,5.76998727043574,0.122412121227252,0.00980078477937027
238,4.94303494531759,4.9433137292741,0.000273203257110259,0.000273203257110259
239,4.56374651063542,4.5721084137162,0.0863484733949813,0.0081945144402697
240,5.86009718679532,5.86724439073921,0.884592809797102,0.00700413116009266
241,5.54132369965557,5.60087783204688,0.419166178256063,0.0583619773087513
242,5.38871063665703,5.39795485859201,1.10025295055023,0.0090591710288284
243,5.66596622923012,5.67653791736396,0.0534283515308482,0.0103600639990564
244,6.03916504611085,6.04254390484098,0.00331122070995285,0.00331122070995285
245,5.06004071107215,5.05958854319736,5.27648478708438,0.000443116374781309
246,4.92199990773667,4.92970266842947,0.061455091082995,0.00754856676971153
247,5.18899004501901,5.20236618447086,0.0131083757889023,0.0131083757889023
248,5.16249357640746,5.17798483241687,0.0151811519268693,0.0151811519268693
249,5.58827288902083,5.58893744386534,0.000651251780495065,0.000651251780495065
250,5.79933480317422,5.79281677463735,0.0126818054499006,0.00638755059124302
251,5.20354167197628,5.21189800435305,0.187036207702362,0.00818905525066512
252,6.16927908892362,6.17832739597232,0.0695847025821075,0.0088671779682544
253,5.62306871331455,5.64373469388001,0.0202522888067515,0.0202522888067515
254,4.98283764583557,5.02418284869475,0.0315506087851966,0.040517554268751
255,5.14551971973262,5.15543183845045,0.596817813166822,0.00971369784871709
256,5.8900448996609,5.89590193597518,0.267735146932576,0.00573979011607322
257,6.14484761338031,6.14930592645848,0.193513680421303,0.00436906653251042
258,6.2825726084928,6.32408209677261,0.238927269946782,0.0406785510225566
259,5.14251020511092,5.15169212925058,0.00899812031126128,0.00899812031126128
260,5.7073071910564,5.71410415115974,0.0409638080942311,0.00666089850344881
261,5.12591595289241,5.12437885489811,0.00150632835476807,0.00150632835476807
262,5.79287486476337,5.80631215271367,0.0131683002162408,0.0131683002162408
263,5.10317820284105,5.11170764426953,0.106654378734696,0.00835869900403124
264,6.05454805537737,6.10412544342268,0.0697061288237635,0.0485849475081905
265,6.4297413468166,6.43409197481162,0.00426353709018203,0.00426353709018203
266,5.62991709595136,5.63889090034165,0.695116333932691,0.00879416670464362
267,5.68547771324566,5.72411707400524,0.132792045561423,0.0378658777372121
268,5.56263893949874,5.57285196120122,0.225488385725534,0.0100085773550934
269,5.25095357429734,5.33363072150438,0.0810221154351528,0.0810221154351528
270,5.51878192050557,5.52140551771231,0.00257107801757328,0.00257107801757328
271,6.27283432529338,6.28064138558862,0.115490414331782,0.00765077850190198
272,5.49663815269033,5.50735217926661,0.11006039950134,0.0104995531094629
273,6.57099317926346,6.57546897312741,0.0604533747702737,0.00438619738779317
274,5.84539219586279,5.86666639877765,0.102077719062563,0.0208483357564631
275,5.38680328443081,5.32152314572231,0.0639733603872172,0.0639733603872172
276,6.12816965196817,6.13531919442396,0.00700642285964828,0.00700642285964828
277,5.536449735825,5.5454963438343,0.0928660552091145,0.00886551294024014
278,6.29548068113834,6.30792903917554,0.161177593459603,0.0121991667097866
279,5.38241142318991,5.41464125855505,0.0846895192917953,0.031584658271662
280,6.61112677418356,6.6180337467471,0.00676870873337387,0.00676870873337387
281,6.49909145829656,6.50749671442684,0.434501836297313,0.00823699964809109
282,5.34066451430827,5.29120392785453,4.82699031856685,0.0484704840517849
283,5.8361511596596,5.84554607090156,0.129379731983954,0.00920684383609387
284,5.62762489207506,5.64095239192546,0.0913904764322003,0.013060709855374
285,5.57633119656648,5.58481096895882,0.0715471182488495,0.00831002424304498
286,6.68742487052632,6.69226523226244,0.0434813031322234,0.00474346733747213
287,5.60593421925845,5.61593365750626,0.0228826969052797,0.0097992694156666
288,5.97291331397256,5.97642358559803,0.0735058715522142,0.00344000298093183
289,6.36361617133627,6.37362268541212,0.0994759450618943,0.00980620359973571
290,6.76663569580938,6.73987436759429,1.42727812257502,0.0262256197400127
291,6.6714802967387,6.67477825543966,0.0938915106875081,0.00323194013819219
292,5.30316172349318,5.352795537566,0.030235953175917,0.0486402439990473
293,6.83393701126491,6.8527698715917,0.0184558639831856,0.0184558639831856
294,6.31511801550226,6.32438503482377,1.48825732536888,0.00908151205709828
295,6.82254639134404,6.82924371478967,0.00656325637312373,0.00656325637312373
296,6.26497097107715,6.2734822319492,0.00122331436947614,0.00834088238611769
297,6.57443438237374,6.5821423689568,0.0590765933773784,0.00755368804805477
298,6.4562359996736,6.48448662503582,0.246949298786103,0.027685104125337
299,6.13718416443561,6.13705430565334,0.0827821378097476,0.000127259268163158
300,5.69416092075392,5.72672030568871,0.0319076109154846,0.0319076109154846
301,6.89656907211744,6.89299093639354,0.497094006200652,0.00350650857532593
302,6.93217475093955,6.93174312176216,1.808670256206,0.00042298882118056
303,6.52809626453382,6.54357556419627,0.124150177442948,0.0151694349221538
304,6.45295309139497,6.44919909683505,0.80343356205937,0.00367884706779981
305,5.72983704012746,5.65247289590985,0.0758154681806414,0.0758154681806414
306,5.3941522894406,5.40429602451155,0.497180359694625,0.00994067770389165
307,6.56861495087355,6.57575488378746,0.00699700568164451,0.00699700568164451
308,6.37799372940767,6.40923498016937,0.0453589326966662,0.0306158631624564
309,6.90757431225914,6.9146887556321,0.00697202639053104,0.00697202639053104
310,6.90685417002301,6.9158464051921,0.0719345096535457,0.00881222853596333
311,6.58871651675586,6.59271118695884,0.00391470486397702,0.00391470486397702
312,6.34075342678995,6.35044583407734,1.57960990919472,0.00949838460338796
313,6.36793942843235,6.37321676696815,0.00517169673219213,0.00517169673219213
314,6.41292845782845,6.39737089898752,0.0152461275077921,0.0152461275077921
315,7.20545624028089,7.21078202829601,0.00521917634946585,0.00521917634946585
316,6.92951566200955,6.98577303462937,0.0324015197190159,0.0551312120998518
317,5.97722039496393,5.96243976224057,0.70820414138944,0.0144847539032533
318,7.23905363374862,7.25307756043655,0.344598750152268,0.0137431956150872
319,7.10786661495632,7.1340644100563,0.0256733674351633,0.0256733674351633
320,7.19988148104564,7.19756704636135,0.00226810431289158,0.00226810431289158
321,7.01135539783276,7.01052680421227,0.112747629434008,0.000812006826983859
322,7.03000945711106,7.03489095226843,0.00478377734957629,0.00478377734957629
323,6.1494956221359,6.15238953404385,1.7438632626706,0.00283598155699925
324,5.84979402249592,5.84352162061997,0.641837897716947,0.00614684088671295
325,6.69756699840852,6.74434125731235,0.0929916332763213,0.0458379314275268
326,6.62101146148955,6.66459346762935,0.00364485653090089,0.0427095812040062
327,5.67259084799316,5.69693304848238,0.40159753229256,0.0238549181316637
328,6.60411741665158,6.61634266161418,0.0561464024023541,0.0119805199144347
329,6.44868631967547,6.44515711208235,0.0034585598882393,0.0034585598882393
330,7.40738103562602,7.40792542399191,0.0426635160441983,0.000533490795379809
331,5.99061094318311,6.00173679695934,2.63207550971049,0.0109031363493392
332,5.92473676517973,5.92854966307215,0.00373657127293497,0.00373657127293497
333,6.59109543344833,6.59986147211857,0.00859056004037958,0.00859056004037958
334,6.3519378898148,6.36550304918615,0.207141307499617,0.0132936119061949
335,6.65727180431283,6.66212741519481,0.0205295699401344,0.00475841122581225
336,6.33051058304261,6.33353330981909,0.127307727559589,0.00296221780849714
337,7.53252037436724,7.55767775602099,0.309802045179718,0.0246537809933372
338,6.67665177348802,6.70118684746493,0.0768739647612421,0.0240439306763857
339,6.15512108798279,6.16500777886036,0.00968877902316079,0.00968877902316079
340,7.36148702302604,7.36988103024591,0.00822597591846333,0.00822597591846333
341,7.46470084735565,7.47743806495944,0.0124822438833386,0.0124822438833386
342,6.26830761061325,6.283223186136,0.0146169954166409,0.0146169954166409
343,6.25935851228904,6.25857242528386,0.000770351109435303,0.000770351109435303
344,7.64830229181562,7.63119382602459,0.601521540848821,0.0167659883905799
345,7.16390146780146,7.18338534439023,0.0190938481966085,0.0190938481966085
346,6.16226930463948,6.16979965408708,0.25011598806452,0.00737960685414137
347,7.15125352258415,7.15552417208721,0.143806530813852,0.00418515960828725
348,6.86586536478333,6.86831727059715,0.00240282354428507,0.00240282354428507
349,7.29198053149243,7.30199113450175,0.0257554027967115,0.00981021068090568
350,7.13833648390693,7.14619774595678,0.0536672057260651,0.0077038952453613
351,6.47658453078959,6.50438324841258,0.0840413292359181,0.0272422426787228
352,6.37223722506648,6.37856493006223,0.0423803015591746,0.00620103694823336
353,6.6642056858811,6.70339510787018,0.0384049278367716,0.0384049278367716
354,6.40279112455857,6.44573989325237,0.0420890199100896,0.0420890199100896
355,6.21448353682211,6.22338161235518,0.00871995378826873,0.00871995378826873
356,7.78947759206202,7.77614917678374,0.0130616069582109,0.0130616069582109
357,7.11708354101383,7.11108295270712,0.00588046848359952,0.00588046848359952
358,6.70840912839215,6.72632198321885,0.0175542751603167,0.0175542751603167
359,7.09321512109872,7.10072078871417,0.0073554191031124,0.0073554191031124
360,6.32995757309563,6.33391775424422,0.156320742361068,0.00388090621174422
361,7.68440658768794,7.6929848969845,0.00840658863474777,0.00840658863474777
362,7.08606617635075,7.07506993165368,0.137745403412492,0.0107761217857227
363,7.43850972928951,7.42047483592714,0.0446414618335645,0.0176738707276293
364,7.79414217859692,7.80241149106272,4.61476950316061,0.00810377730493912
365,6.75296231122492,6.75691199855754,6.62402851039992,0.0038706224610652
366,7.84973220857487,7.86084832728585,0.0108935961606998,0.0108935961606998
367,7.46179599327117,7.4866430094547,0.0243496284215017,0.0243496284215017
368,6.32374102047613,6.46247662717301,2.08008739927572,0.135958396249604
369,7.34108245971895,7.35244907043449,0.0111390738143737,0.0111390738143737
370,7.28401990301776,7.26563081519665,0.120958857811517,0.0180209749189672
371,8.01154969511976,8.02694994390909,0.0150919664900218,0.0150919664900218
372,7.4200258047429,7.42903197663666,0.00882588627517408,0.00882588627517408
373,7.73746054844995,7.76711071894515,0.257716211670357,0.0290566331530359
374,7.98472705331867,7.99312309885651,8.95554404545303,0.00822797343335841
375,6.77332422863853,6.78239441328767,0.0581848920972088,0.00888861762272548
376,7.28272370069044,7.29113469561559,0.00824262356372318,0.00824262356372318
377,7.76715614149553,7.77558436716271,0.00825950938062306,0.00825950938062306
378,8.01283287480562,8.01563936019256,0.423575604773121,0.00275030514077459
379,7.89973523874173,7.96125259379075,0.0130201551484624,0.0602859001601219
380,8.11145272789957,8.11796410705731,0.0568210581844462,0.00638103431942543
381,6.89428832359892,6.90102279941296,0.0351303213536738,0.00659966502514459
382,6.52557752746909,6.53008179488371,0.0699189467651746,0.00441410095469372
383,8.04669974156876,7.899687063963,3.91737679943042,0.144069776689049
384,7.91443517779904,7.91768512742872,0.00318489211286501,0.00318489211286501
385,8.13581323838211,8.13518934419949,1.75234910527548,0.000611405064055274
386,7.37737890432559,7.38438640828186,0.00686722768790321,0.00686722768790321
387,7.29556632613903,7.30272315361709,0.0260250908221703,0.00701356205029039
388,8.12811518940499,8.13950498570351,0.011161795268175,0.011161795268175
389,7.23321222574131,7.23390886568137,0.000682694596353648,0.000682694596353648
390,7.03433951039139,6.69909537932209,0.328533211462122,0.328533211462122
391,7.43792742189304,7.45406145929384,0.622290679003432,0.0158110661153967
392,7.7890365894221,7.79990498620363,0.0747930333363852,0.010650833130749
393,8.06620829986914,8.07727766949231,0.0174938583549806,0.0108477828964825
394,7.8647812568153,7.84270130297824,0.0216379571504703,0.0216379571504703
395,8.06472441728728,8.07408418721376,0.00917240597973901,0.00917240597973901
396,8.01876140936983,8.0321105584251,0.0130819256862871,0.0130819256862871
397,7.09541650558197,7.10417325185147,0.00858145365498726,0.00858145365498726
398,7.84061375699237,7.84471956552338,0.00402361842409514,0.00402361842409514
399,7.64909064634022,7.65702475990489,0.00777528841800216,0.00777528841800216
400,7.40760669800054,7.40880012865889,0.132930550334354,0.00116954055420475
401,6.88567347962273,6.93371022590556,0.047075146324414,0.047075146324414
402,8.33755389757079,8.34785639841821,0.258963935002572,0.0100962653058146
403,7.70557640466802,7.71505558362485,0.00928942467919885,0.00928942467919885
404,8.30371446672566,8.30470587712337,0.000971564336702891,0.000971564336702891
405,7.44500916477292,7.44565912851637,0.000636952764206423,0.000636952764206423
406,8.21429361002845,8.23124990376704,0.749852278900662,0.0166168625194621
407,8.41389069448029,8.43112721630734,0.0168914809998779,0.0168914809998779
408,7.48404694161511,7.44152244409805,0.0416732417970561,0.0416732417970561
409,8.34080605493103,8.37443512521366,0.0329558832937577,0.0329558832937577
410,7.15510677394186,7.16084638985852,0.00562472024087241,0.00562472024087241
411,8.50156332713725,8.51059550067319,0.00885136741628322,0.00885136741628322
412,8.17395736465911,8.1826741080321,0.00854225153676712,0.00854225153676712
413,7.1922076579341,7.20140358891161,0.00901184676011903,0.00901184676011903
414,8.43513417144903,8.45015458661929,3.00629774438868,0.0147197363832663
415,8.26299441851548,8.27244515040268,0.0520023683717291,0.00926154706323239
416,8.28833586865841,8.29787239509804,0.0330724057082866,0.00934562417964471
417,8.74584389472188,8.75844182503736,0.0123457448490371,0.0123457448490371
418,8.09342532881292,8.10243229115784,0.0088266609030702,0.0088266609030702
419,8.3134437984567,8.33839724357115,0.0244539268572597,0.0244539268572597
420,8.54565692504431,8.55448881409198,0.151068720992352,0.00865509222445214
421,8.35826677045078,8.36774629822409,0.00928976651306756,0.00928976651306756
422,7.73861021083069,7.74769104261877,0.0155569439143462,0.00889905162715092
423,8.24722626448704,8.25379429725873,0.0638717493378558,0.00643655384089466
424,8.28577056836934,8.30014522247297,0.0140869021666627,0.0140869021666627
425,8.18663239491659,8.21026570008297,0.0231602134808793,0.0231602134808793
426,8.11214007702747,8.16166381020689,0.0485323667058138,0.0485323667058138
427,8.85211008456475,8.85940722892568,0.0959364858752727,0.00715107006870768
428,8.77029585502084,8.78054300199245,1.47726443107728,0.010042019504327
429,7.94230699687572,7.98023762504438,0.121175184394735,0.0371713325607714
430,8.30149083437293,8.31173173267988,0.129749346456784,0.0100358959254885
431,8.33544152917564,8.35459568735106,0.0553595026510214,0.0187707300890013
432,8.916493925819,8.92259799408938,0.00598187698455415,0.00598187698455415
433,8.25084473429656,8.26423144159014,0.0131187320834902,0.0131187320834902
434,8.24825300236725,8.25825766563767,0.0446967603669848,0.00980438984373025
435,7.73464981451524,7.72892140371646,0.00561373942712374,0.00561373942712374
436,8.72757172707773,8.73728880666159,0.00952256300963549,0.00952256300963549
437,8.1667369779514,8.17495610236308,0.084438915728133,0.00805459391567125
438,7.84110719705282,7.85061211452459,0.0145873412076632,0.00931464796035025
439,8.17746511872243,8.18850795968405,0.253135070734912,0.0108217852858861
440,8.6934414249721,8.70158910986709,0.057404011917739,0.00798458447578567
441,8.8626374604715,8.88350612867476,0.877468512940973,0.0204509190418598
442,8.77833531420415,8.7898936340386,0.0113269452986528,0.0113269452986528
443,9.03440567015429,9.02970644483062,0.00460515619482237,0.00460515619482237
444,7.66913304386583,7.67591269825408,0.00664393921429784,0.00664393921429784
445,8.73992424081043,8.73733113590872,0.00254119610773907,0.00254119610773907
446,8.9771298822464,8.99127516220744,0.0138621196374409,0.0138621196374409
447,8.5968153566522,8.60961054949453,1.67756797170287,0.0125390585731033
448,7.79453297578356,7.80309115480622,0.00838686132883043,0.00838686132883043
449,8.60542965834088,8.62065199274994,2.31846001886527,0.014917613601186
450,8.26239124826344,8.27412817090568,0.229077093357321,0.0115019728340693
451,7.89427867160732,7.90090520096194,0.0337655806088735,0.00649387943877408
452,8.33011333975639,8.34208152450153,0.0939142766215344,0.0117286055304011
453,8.40331828475875,8.41218299974908,0.241345391440799,0.00868726105713047
454,8.25036495648548,8.25963873596817,0.0866936175348178,0.0090881368933197
455,8.08656231322027,8.08206250654058,0.0468541632279462,0.00440972951479189
456,7.98953893830446,7.99761420331442,0.0173023524892332,0.00791361429256428
457,9.28310975890367,9.29839334535299,0.014977639497637,0.014977639497637
458,8.46306981121757,8.47263027836122,0.130314724801585,0.00936908563846843
459,8.21013959533091,8.23596310411225,0.205941292338861,0.0253065735829398
460,9.26317209416871,9.28921244978553,0.0255190795767909,0.0255190795767909
461,7.92267117116613,7.92228425662602,0.000379169281857932,0.000379169281857932
462,9.30387047236606,9.31939101551315,0.0152098527943951,0.0152098527943951
463,8.93072062239741,8.93780811580309,0.00694561590789999,0.00694561590789999
464,8.69179662935112,8.70064122327009,0.00866754276953405,0.00866754276953405
465,9.19574643381781,9.20645838048257,0.129419114197184,0.0104975148336179
466,8.44171590433617,8.44937630263964,0.0881321847700905,0.00750705239101797
467,7.93026821847376,7.95482522823354,0.0240654273485831,0.0240654273485831
468,8.87650707826183,8.88644127963553,0.0097353384538113,0.0097353384538113
469,9.14151779364783,9.15315993580663,0.0114090896670704,0.0114090896670704
470,8.65988340658316,8.66885592509467,0.00879290656658506,0.00879290656658506
471,8.37813917380878,8.38662558396653,0.00831652913360807,0.00831652913360807
472,9.48738956327463,9.50121456803643,0.0135482557096118,0.0135482557096118
473,9.1676607273515,9.19560872443813,0.132546346652189,0.027388533864912
474,9.36373766612363,9.37975692491388,1.44635814007234,0.0156985851439511
475,9.14028445943651,9.1422796373516,0.00195523842815758,0.00195523842815758
476,9.22863998417353,9.28356269139233,0.0538232640411381,0.0538232640411381
477,8.4643809997035,8.46543508373765,0.00103298337180131,0.00103298337180131
478,8.77293388385144,8.78842105575021,0.128999123194422,0.0151771495719912
479,8.96775252626337,8.98233726687439,0.0142927831607296,0.0142927831607296
480,8.71726364582384,8.72642916913161,0.00898204779134743,0.00898204779134743
481,9.07756789327513,9.09006358066361,0.0122455486217494,0.0122455486217494
482,8.15228285518526,8.17994810626104,0.0928479336734374,0.0271114478658982
483,9.51916746664247,9.53066124235507,0.0112636932215383,0.0112636932215383
484,9.11270598554935,9.12206581112105,0.187173937692241,0.00917246051105604
485,9.61572108742198,9.6310949660659,0.0150661242223921,0.0150661242223921
486,8.89911200020438,8.90903745747915,0.00972676939432189,0.00972676939432189
487,9.7158815768468,9.73215906671881,0.0159516469539242,0.0159516469539242
488,9.22148737177281,9.2313664053608,0.00968127501725478,0.00968127501725478
489,9.34782465331064,9.90041405425819,0.541527662047888,0.541527662047888
490,8.55776702798126,8.55816442337804,0.000389440332653409,0.000389440332653409
491,9.28948167428504,9.31649548654178,0.135030633789866,0.0264730495541723
492,8.86704367775126,8.88364496412537,0.0162689616951437,0.0162689616951437
493,9.76044648816662,9.71921921845011,0.0404019819126407,0.0404019819126407
494,9.32031572751924,9.31942414052564,0.872621049655008,0.000873739198268139
495,9.01068337325035,9.01509002947563,0.785578528666422,0.00431844374689882
496,8.80892298180426,8.83353362037884,0.0241179826213483,0.0241179826213483
497,8.55036431752657,8.56056655276555,0.00999800681510647,0.00999800681510647
498,8.9958470039345,9.00344728888964,0.438143170900646,0.00744814239215668
499,8.67216907153736,8.68127211388816,0.0320004626834353,0.00892081757865699
500,9.90041405425819,9.90041405425819,0,0
